date,doc_id,doc_type,word,count,is_group,primary_word,baseline
2008-01-30,policy_statement_20080130,policy_statement,accommodating,0,False,accommodative,0.0
2008-01-30,policy_statement_20080130,policy_statement,accommodative,0,False,accommodative,0.0
2008-01-30,policy_statement_20080130,policy_statement,accommodative_GROUP,0,True,accommodative,0.0
2008-01-30,policy_statement_20080130,policy_statement,all available tools,0,False,full range of tools,0.0
2008-01-30,policy_statement_20080130,policy_statement,complete toolkit,0,False,full range of tools,0.0
2008-01-30,policy_statement_20080130,policy_statement,considerable time,0,False,considerable time,0.0
2008-01-30,policy_statement_20080130,policy_statement,considerable time_GROUP,0,True,considerable time,0.0
2008-01-30,policy_statement_20080130,policy_statement,deliberate,0,False,patient,0.0
2008-01-30,policy_statement_20080130,policy_statement,easy,0,False,accommodative,0.0
2008-01-30,policy_statement_20080130,policy_statement,entire toolkit,0,False,full range of tools,0.0
2008-01-30,policy_statement_20080130,policy_statement,extended period,0,False,considerable time,0.0
2008-01-30,policy_statement_20080130,policy_statement,full range of tools,0,False,full range of tools,0.0
2008-01-30,policy_statement_20080130,policy_statement,full range of tools_GROUP,0,True,full range of tools,0.0
2008-01-30,policy_statement_20080130,policy_statement,gradual,0,False,patient,0.0
2008-01-30,policy_statement_20080130,policy_statement,measured,0,False,patient,0.0
2008-01-30,policy_statement_20080130,policy_statement,patient,0,False,patient,0.0
2008-01-30,policy_statement_20080130,policy_statement,patient_GROUP,0,True,patient,0.0
2008-01-30,policy_statement_20080130,policy_statement,short-lived,0,False,transitory,0.0
2008-01-30,policy_statement_20080130,policy_statement,significant time,0,False,considerable time,0.0
2008-01-30,policy_statement_20080130,policy_statement,substantial period,0,False,considerable time,0.0
2008-01-30,policy_statement_20080130,policy_statement,supportive,0,False,accommodative,0.0
2008-01-30,policy_statement_20080130,policy_statement,temporary,0,False,transitory,0.0
2008-01-30,policy_statement_20080130,policy_statement,transient,0,False,transitory,0.0
2008-01-30,policy_statement_20080130,policy_statement,transitory,0,False,transitory,0.0
2008-01-30,policy_statement_20080130,policy_statement,transitory_GROUP,0,True,transitory,0.0
2008-03-18,policy_statement_20080318,policy_statement,accommodating,0,False,accommodative,0.0
2008-03-18,policy_statement_20080318,policy_statement,accommodative,0,False,accommodative,0.0
2008-03-18,policy_statement_20080318,policy_statement,accommodative_GROUP,0,True,accommodative,0.0
2008-03-18,policy_statement_20080318,policy_statement,all available tools,0,False,full range of tools,0.0
2008-03-18,policy_statement_20080318,policy_statement,complete toolkit,0,False,full range of tools,0.0
2008-03-18,policy_statement_20080318,policy_statement,considerable time,0,False,considerable time,0.0
2008-03-18,policy_statement_20080318,policy_statement,considerable time_GROUP,0,True,considerable time,0.0
2008-03-18,policy_statement_20080318,policy_statement,deliberate,0,False,patient,0.0
2008-03-18,policy_statement_20080318,policy_statement,easy,0,False,accommodative,0.0
2008-03-18,policy_statement_20080318,policy_statement,entire toolkit,0,False,full range of tools,0.0
2008-03-18,policy_statement_20080318,policy_statement,extended period,0,False,considerable time,0.0
2008-03-18,policy_statement_20080318,policy_statement,full range of tools,0,False,full range of tools,0.0
2008-03-18,policy_statement_20080318,policy_statement,full range of tools_GROUP,0,True,full range of tools,0.0
2008-03-18,policy_statement_20080318,policy_statement,gradual,0,False,patient,0.0
2008-03-18,policy_statement_20080318,policy_statement,measured,0,False,patient,0.0
2008-03-18,policy_statement_20080318,policy_statement,patient,0,False,patient,0.0
2008-03-18,policy_statement_20080318,policy_statement,patient_GROUP,0,True,patient,0.0
2008-03-18,policy_statement_20080318,policy_statement,short-lived,0,False,transitory,0.0
2008-03-18,policy_statement_20080318,policy_statement,significant time,0,False,considerable time,0.0
2008-03-18,policy_statement_20080318,policy_statement,substantial period,0,False,considerable time,0.0
2008-03-18,policy_statement_20080318,policy_statement,supportive,0,False,accommodative,0.0
2008-03-18,policy_statement_20080318,policy_statement,temporary,0,False,transitory,0.0
2008-03-18,policy_statement_20080318,policy_statement,transient,0,False,transitory,0.0
2008-03-18,policy_statement_20080318,policy_statement,transitory,0,False,transitory,0.0
2008-03-18,policy_statement_20080318,policy_statement,transitory_GROUP,0,True,transitory,0.0
2008-04-30,policy_statement_20080430,policy_statement,accommodating,0,False,accommodative,0.0
2008-04-30,policy_statement_20080430,policy_statement,accommodative,0,False,accommodative,0.0
2008-04-30,policy_statement_20080430,policy_statement,accommodative_GROUP,0,True,accommodative,0.0
2008-04-30,policy_statement_20080430,policy_statement,all available tools,0,False,full range of tools,0.0
2008-04-30,policy_statement_20080430,policy_statement,complete toolkit,0,False,full range of tools,0.0
2008-04-30,policy_statement_20080430,policy_statement,considerable time,0,False,considerable time,0.0
2008-04-30,policy_statement_20080430,policy_statement,considerable time_GROUP,0,True,considerable time,0.0
2008-04-30,policy_statement_20080430,policy_statement,deliberate,0,False,patient,0.0
2008-04-30,policy_statement_20080430,policy_statement,easy,0,False,accommodative,0.0
2008-04-30,policy_statement_20080430,policy_statement,entire toolkit,0,False,full range of tools,0.0
2008-04-30,policy_statement_20080430,policy_statement,extended period,0,False,considerable time,0.0
2008-04-30,policy_statement_20080430,policy_statement,full range of tools,0,False,full range of tools,0.0
2008-04-30,policy_statement_20080430,policy_statement,full range of tools_GROUP,0,True,full range of tools,0.0
2008-04-30,policy_statement_20080430,policy_statement,gradual,0,False,patient,0.0
2008-04-30,policy_statement_20080430,policy_statement,measured,0,False,patient,0.0
2008-04-30,policy_statement_20080430,policy_statement,patient,0,False,patient,0.0
2008-04-30,policy_statement_20080430,policy_statement,patient_GROUP,0,True,patient,0.0
2008-04-30,policy_statement_20080430,policy_statement,short-lived,0,False,transitory,0.0
2008-04-30,policy_statement_20080430,policy_statement,significant time,0,False,considerable time,0.0
2008-04-30,policy_statement_20080430,policy_statement,substantial period,0,False,considerable time,0.0
2008-04-30,policy_statement_20080430,policy_statement,supportive,0,False,accommodative,0.0
2008-04-30,policy_statement_20080430,policy_statement,temporary,0,False,transitory,0.0
2008-04-30,policy_statement_20080430,policy_statement,transient,0,False,transitory,0.0
2008-04-30,policy_statement_20080430,policy_statement,transitory,0,False,transitory,0.0
2008-04-30,policy_statement_20080430,policy_statement,transitory_GROUP,0,True,transitory,0.0
2008-06-25,policy_statement_20080625,policy_statement,accommodating,0,False,accommodative,0.0
2008-06-25,policy_statement_20080625,policy_statement,accommodative,0,False,accommodative,0.0
2008-06-25,policy_statement_20080625,policy_statement,accommodative_GROUP,0,True,accommodative,0.0
2008-06-25,policy_statement_20080625,policy_statement,all available tools,0,False,full range of tools,0.0
2008-06-25,policy_statement_20080625,policy_statement,complete toolkit,0,False,full range of tools,0.0
2008-06-25,policy_statement_20080625,policy_statement,considerable time,0,False,considerable time,0.0
2008-06-25,policy_statement_20080625,policy_statement,considerable time_GROUP,0,True,considerable time,0.0
2008-06-25,policy_statement_20080625,policy_statement,deliberate,0,False,patient,0.0
2008-06-25,policy_statement_20080625,policy_statement,easy,0,False,accommodative,0.0
2008-06-25,policy_statement_20080625,policy_statement,entire toolkit,0,False,full range of tools,0.0
2008-06-25,policy_statement_20080625,policy_statement,extended period,0,False,considerable time,0.0
2008-06-25,policy_statement_20080625,policy_statement,full range of tools,0,False,full range of tools,0.0
2008-06-25,policy_statement_20080625,policy_statement,full range of tools_GROUP,0,True,full range of tools,0.0
2008-06-25,policy_statement_20080625,policy_statement,gradual,0,False,patient,0.0
2008-06-25,policy_statement_20080625,policy_statement,measured,0,False,patient,0.0
2008-06-25,policy_statement_20080625,policy_statement,patient,0,False,patient,0.0
2008-06-25,policy_statement_20080625,policy_statement,patient_GROUP,0,True,patient,0.0
2008-06-25,policy_statement_20080625,policy_statement,short-lived,0,False,transitory,0.0
2008-06-25,policy_statement_20080625,policy_statement,significant time,0,False,considerable time,0.0
2008-06-25,policy_statement_20080625,policy_statement,substantial period,0,False,considerable time,0.0
2008-06-25,policy_statement_20080625,policy_statement,supportive,0,False,accommodative,0.0
2008-06-25,policy_statement_20080625,policy_statement,temporary,0,False,transitory,0.0
2008-06-25,policy_statement_20080625,policy_statement,transient,0,False,transitory,0.0
2008-06-25,policy_statement_20080625,policy_statement,transitory,0,False,transitory,0.0
2008-06-25,policy_statement_20080625,policy_statement,transitory_GROUP,0,True,transitory,0.0
2008-08-05,policy_statement_20080805,policy_statement,accommodating,0,False,accommodative,0.0
2008-08-05,policy_statement_20080805,policy_statement,accommodative,0,False,accommodative,0.0
2008-08-05,policy_statement_20080805,policy_statement,accommodative_GROUP,0,True,accommodative,0.0
2008-08-05,policy_statement_20080805,policy_statement,all available tools,0,False,full range of tools,0.0
2008-08-05,policy_statement_20080805,policy_statement,complete toolkit,0,False,full range of tools,0.0
2008-08-05,policy_statement_20080805,policy_statement,considerable time,0,False,considerable time,0.0
2008-08-05,policy_statement_20080805,policy_statement,considerable time_GROUP,0,True,considerable time,0.0
2008-08-05,policy_statement_20080805,policy_statement,deliberate,0,False,patient,0.0
2008-08-05,policy_statement_20080805,policy_statement,easy,0,False,accommodative,0.0
2008-08-05,policy_statement_20080805,policy_statement,entire toolkit,0,False,full range of tools,0.0
2008-08-05,policy_statement_20080805,policy_statement,extended period,0,False,considerable time,0.0
2008-08-05,policy_statement_20080805,policy_statement,full range of tools,0,False,full range of tools,0.0
2008-08-05,policy_statement_20080805,policy_statement,full range of tools_GROUP,0,True,full range of tools,0.0
2008-08-05,policy_statement_20080805,policy_statement,gradual,0,False,patient,0.0
2008-08-05,policy_statement_20080805,policy_statement,measured,0,False,patient,0.0
2008-08-05,policy_statement_20080805,policy_statement,patient,0,False,patient,0.0
2008-08-05,policy_statement_20080805,policy_statement,patient_GROUP,0,True,patient,0.0
2008-08-05,policy_statement_20080805,policy_statement,short-lived,0,False,transitory,0.0
2008-08-05,policy_statement_20080805,policy_statement,significant time,0,False,considerable time,0.0
2008-08-05,policy_statement_20080805,policy_statement,substantial period,0,False,considerable time,0.0
2008-08-05,policy_statement_20080805,policy_statement,supportive,0,False,accommodative,0.0
2008-08-05,policy_statement_20080805,policy_statement,temporary,0,False,transitory,0.0
2008-08-05,policy_statement_20080805,policy_statement,transient,0,False,transitory,0.0
2008-08-05,policy_statement_20080805,policy_statement,transitory,0,False,transitory,0.0
2008-08-05,policy_statement_20080805,policy_statement,transitory_GROUP,0,True,transitory,0.0
2008-09-16,policy_statement_20080916,policy_statement,accommodating,0,False,accommodative,0.0
2008-09-16,policy_statement_20080916,policy_statement,accommodative,0,False,accommodative,0.0
2008-09-16,policy_statement_20080916,policy_statement,accommodative_GROUP,0,True,accommodative,0.0
2008-09-16,policy_statement_20080916,policy_statement,all available tools,0,False,full range of tools,0.0
2008-09-16,policy_statement_20080916,policy_statement,complete toolkit,0,False,full range of tools,0.0
2008-09-16,policy_statement_20080916,policy_statement,considerable time,0,False,considerable time,0.0
2008-09-16,policy_statement_20080916,policy_statement,considerable time_GROUP,0,True,considerable time,0.0
2008-09-16,policy_statement_20080916,policy_statement,deliberate,0,False,patient,0.0
2008-09-16,policy_statement_20080916,policy_statement,easy,0,False,accommodative,0.0
2008-09-16,policy_statement_20080916,policy_statement,entire toolkit,0,False,full range of tools,0.0
2008-09-16,policy_statement_20080916,policy_statement,extended period,0,False,considerable time,0.0
2008-09-16,policy_statement_20080916,policy_statement,full range of tools,0,False,full range of tools,0.0
2008-09-16,policy_statement_20080916,policy_statement,full range of tools_GROUP,0,True,full range of tools,0.0
2008-09-16,policy_statement_20080916,policy_statement,gradual,0,False,patient,0.0
2008-09-16,policy_statement_20080916,policy_statement,measured,0,False,patient,0.0
2008-09-16,policy_statement_20080916,policy_statement,patient,0,False,patient,0.0
2008-09-16,policy_statement_20080916,policy_statement,patient_GROUP,0,True,patient,0.0
2008-09-16,policy_statement_20080916,policy_statement,short-lived,0,False,transitory,0.0
2008-09-16,policy_statement_20080916,policy_statement,significant time,0,False,considerable time,0.0
2008-09-16,policy_statement_20080916,policy_statement,substantial period,0,False,considerable time,0.0
2008-09-16,policy_statement_20080916,policy_statement,supportive,0,False,accommodative,0.0
2008-09-16,policy_statement_20080916,policy_statement,temporary,0,False,transitory,0.0
2008-09-16,policy_statement_20080916,policy_statement,transient,0,False,transitory,0.0
2008-09-16,policy_statement_20080916,policy_statement,transitory,0,False,transitory,0.0
2008-09-16,policy_statement_20080916,policy_statement,transitory_GROUP,0,True,transitory,0.0
2008-10-29,policy_statement_20081029,policy_statement,accommodating,0,False,accommodative,0.0
2008-10-29,policy_statement_20081029,policy_statement,accommodative,0,False,accommodative,0.0
2008-10-29,policy_statement_20081029,policy_statement,accommodative_GROUP,0,True,accommodative,0.0
2008-10-29,policy_statement_20081029,policy_statement,all available tools,0,False,full range of tools,0.0
2008-10-29,policy_statement_20081029,policy_statement,complete toolkit,0,False,full range of tools,0.0
2008-10-29,policy_statement_20081029,policy_statement,considerable time,0,False,considerable time,0.0
2008-10-29,policy_statement_20081029,policy_statement,considerable time_GROUP,0,True,considerable time,0.0
2008-10-29,policy_statement_20081029,policy_statement,deliberate,0,False,patient,0.0
2008-10-29,policy_statement_20081029,policy_statement,easy,0,False,accommodative,0.0
2008-10-29,policy_statement_20081029,policy_statement,entire toolkit,0,False,full range of tools,0.0
2008-10-29,policy_statement_20081029,policy_statement,extended period,0,False,considerable time,0.0
2008-10-29,policy_statement_20081029,policy_statement,full range of tools,0,False,full range of tools,0.0
2008-10-29,policy_statement_20081029,policy_statement,full range of tools_GROUP,0,True,full range of tools,0.0
2008-10-29,policy_statement_20081029,policy_statement,gradual,0,False,patient,0.0
2008-10-29,policy_statement_20081029,policy_statement,measured,0,False,patient,0.0
2008-10-29,policy_statement_20081029,policy_statement,patient,0,False,patient,0.0
2008-10-29,policy_statement_20081029,policy_statement,patient_GROUP,0,True,patient,0.0
2008-10-29,policy_statement_20081029,policy_statement,short-lived,0,False,transitory,0.0
2008-10-29,policy_statement_20081029,policy_statement,significant time,0,False,considerable time,0.0
2008-10-29,policy_statement_20081029,policy_statement,substantial period,0,False,considerable time,0.0
2008-10-29,policy_statement_20081029,policy_statement,supportive,0,False,accommodative,0.0
2008-10-29,policy_statement_20081029,policy_statement,temporary,0,False,transitory,0.0
2008-10-29,policy_statement_20081029,policy_statement,transient,0,False,transitory,0.0
2008-10-29,policy_statement_20081029,policy_statement,transitory,0,False,transitory,0.0
2008-10-29,policy_statement_20081029,policy_statement,transitory_GROUP,0,True,transitory,0.0
2008-12-16,policy_statement_20081216,policy_statement,accommodating,0,False,accommodative,0.0
2008-12-16,policy_statement_20081216.html,policy_statement,accommodating,0,False,accommodative,0.0
2008-12-16,fomc_minutes_20081216.html,fomc_minutes,accommodating,0,False,accommodative,0.0
2008-12-16,fomc_minutes_20081216,fomc_minutes,accommodating,0,False,accommodative,0.0
2008-12-16,policy_statement_20081216,policy_statement,accommodative,0,False,accommodative,0.0
2008-12-16,policy_statement_20081216.html,policy_statement,accommodative,0,False,accommodative,0.0
2008-12-16,fomc_minutes_20081216.html,fomc_minutes,accommodative,0,False,accommodative,0.0
2008-12-16,fomc_minutes_20081216,fomc_minutes,accommodative,0,False,accommodative,0.0
2008-12-16,policy_statement_20081216.html,policy_statement,accommodative_GROUP,0,True,accommodative,0.0
2008-12-16,fomc_minutes_20081216.html,fomc_minutes,accommodative_GROUP,0,True,accommodative,0.0
2008-12-16,fomc_minutes_20081216,fomc_minutes,accommodative_GROUP,0,True,accommodative,0.0
2008-12-16,policy_statement_20081216,policy_statement,accommodative_GROUP,0,True,accommodative,0.0
2008-12-16,policy_statement_20081216.html,policy_statement,all available tools,0,False,full range of tools,0.0
2008-12-16,fomc_minutes_20081216.html,fomc_minutes,all available tools,2,False,full range of tools,0.0
2008-12-16,fomc_minutes_20081216,fomc_minutes,all available tools,2,False,full range of tools,0.0
2008-12-16,policy_statement_20081216,policy_statement,all available tools,0,False,full range of tools,0.0
2008-12-16,policy_statement_20081216.html,policy_statement,complete toolkit,0,False,full range of tools,0.0
2008-12-16,fomc_minutes_20081216.html,fomc_minutes,complete toolkit,0,False,full range of tools,0.0
2008-12-16,fomc_minutes_20081216,fomc_minutes,complete toolkit,0,False,full range of tools,0.0
2008-12-16,policy_statement_20081216,policy_statement,complete toolkit,0,False,full range of tools,0.0
2008-12-16,policy_statement_20081216.html,policy_statement,considerable time,0,False,considerable time,0.0
2008-12-16,fomc_minutes_20081216.html,fomc_minutes,considerable time,0,False,considerable time,0.0
2008-12-16,fomc_minutes_20081216,fomc_minutes,considerable time,0,False,considerable time,0.0
2008-12-16,policy_statement_20081216,policy_statement,considerable time,0,False,considerable time,0.0
2008-12-16,policy_statement_20081216.html,policy_statement,considerable time_GROUP,0,True,considerable time,0.0
2008-12-16,fomc_minutes_20081216.html,fomc_minutes,considerable time_GROUP,1,True,considerable time,0.0
2008-12-16,fomc_minutes_20081216,fomc_minutes,considerable time_GROUP,1,True,considerable time,0.0
2008-12-16,policy_statement_20081216,policy_statement,considerable time_GROUP,0,True,considerable time,0.0
2008-12-16,policy_statement_20081216.html,policy_statement,deliberate,0,False,patient,0.0
2008-12-16,policy_statement_20081216,policy_statement,deliberate,0,False,patient,0.0
2008-12-16,fomc_minutes_20081216.html,fomc_minutes,deliberate,0,False,patient,0.0
2008-12-16,fomc_minutes_20081216,fomc_minutes,deliberate,0,False,patient,0.0
2008-12-16,policy_statement_20081216,policy_statement,easy,0,False,accommodative,0.0
2008-12-16,policy_statement_20081216.html,policy_statement,easy,0,False,accommodative,0.0
2008-12-16,fomc_minutes_20081216.html,fomc_minutes,easy,0,False,accommodative,0.0
2008-12-16,fomc_minutes_20081216,fomc_minutes,easy,0,False,accommodative,0.0
2008-12-16,policy_statement_20081216.html,policy_statement,entire toolkit,0,False,full range of tools,0.0
2008-12-16,fomc_minutes_20081216.html,fomc_minutes,entire toolkit,0,False,full range of tools,0.0
2008-12-16,fomc_minutes_20081216,fomc_minutes,entire toolkit,0,False,full range of tools,0.0
2008-12-16,policy_statement_20081216,policy_statement,entire toolkit,0,False,full range of tools,0.0
2008-12-16,policy_statement_20081216.html,policy_statement,extended period,0,False,considerable time,0.0
2008-12-16,fomc_minutes_20081216.html,fomc_minutes,extended period,1,False,considerable time,0.0
2008-12-16,fomc_minutes_20081216,fomc_minutes,extended period,1,False,considerable time,0.0
2008-12-16,policy_statement_20081216,policy_statement,extended period,0,False,considerable time,0.0
2008-12-16,policy_statement_20081216.html,policy_statement,full range of tools,0,False,full range of tools,0.0
2008-12-16,fomc_minutes_20081216.html,fomc_minutes,full range of tools,0,False,full range of tools,0.0
2008-12-16,fomc_minutes_20081216,fomc_minutes,full range of tools,0,False,full range of tools,0.0
2008-12-16,policy_statement_20081216,policy_statement,full range of tools,0,False,full range of tools,0.0
2008-12-16,policy_statement_20081216.html,policy_statement,full range of tools_GROUP,0,True,full range of tools,0.0
2008-12-16,fomc_minutes_20081216.html,fomc_minutes,full range of tools_GROUP,2,True,full range of tools,0.0
2008-12-16,fomc_minutes_20081216,fomc_minutes,full range of tools_GROUP,2,True,full range of tools,0.0
2008-12-16,policy_statement_20081216,policy_statement,full range of tools_GROUP,0,True,full range of tools,0.0
2008-12-16,policy_statement_20081216.html,policy_statement,gradual,0,False,patient,0.0
2008-12-16,policy_statement_20081216,policy_statement,gradual,0,False,patient,0.0
2008-12-16,fomc_minutes_20081216.html,fomc_minutes,gradual,0,False,patient,0.0
2008-12-16,fomc_minutes_20081216,fomc_minutes,gradual,0,False,patient,0.0
2008-12-16,policy_statement_20081216.html,policy_statement,measured,0,False,patient,0.0
2008-12-16,policy_statement_20081216,policy_statement,measured,0,False,patient,0.0
2008-12-16,fomc_minutes_20081216.html,fomc_minutes,measured,1,False,patient,0.0
2008-12-16,fomc_minutes_20081216,fomc_minutes,measured,1,False,patient,0.0
2008-12-16,policy_statement_20081216,policy_statement,patient,0,False,patient,0.0
2008-12-16,policy_statement_20081216.html,policy_statement,patient,0,False,patient,0.0
2008-12-16,fomc_minutes_20081216.html,fomc_minutes,patient,0,False,patient,0.0
2008-12-16,fomc_minutes_20081216,fomc_minutes,patient,0,False,patient,0.0
2008-12-16,policy_statement_20081216.html,policy_statement,patient_GROUP,0,True,patient,0.0
2008-12-16,fomc_minutes_20081216.html,fomc_minutes,patient_GROUP,1,True,patient,0.0
2008-12-16,fomc_minutes_20081216,fomc_minutes,patient_GROUP,1,True,patient,0.0
2008-12-16,policy_statement_20081216,policy_statement,patient_GROUP,0,True,patient,0.0
2008-12-16,policy_statement_20081216,policy_statement,short-lived,0,False,transitory,0.0
2008-12-16,policy_statement_20081216.html,policy_statement,short-lived,0,False,transitory,0.0
2008-12-16,fomc_minutes_20081216.html,fomc_minutes,short-lived,0,False,transitory,0.0
2008-12-16,fomc_minutes_20081216,fomc_minutes,short-lived,0,False,transitory,0.0
2008-12-16,policy_statement_20081216.html,policy_statement,significant time,0,False,considerable time,0.0
2008-12-16,fomc_minutes_20081216.html,fomc_minutes,significant time,0,False,considerable time,0.0
2008-12-16,fomc_minutes_20081216,fomc_minutes,significant time,0,False,considerable time,0.0
2008-12-16,policy_statement_20081216,policy_statement,significant time,0,False,considerable time,0.0
2008-12-16,policy_statement_20081216.html,policy_statement,substantial period,0,False,considerable time,0.0
2008-12-16,fomc_minutes_20081216.html,fomc_minutes,substantial period,0,False,considerable time,0.0
2008-12-16,fomc_minutes_20081216,fomc_minutes,substantial period,0,False,considerable time,0.0
2008-12-16,policy_statement_20081216,policy_statement,substantial period,0,False,considerable time,0.0
2008-12-16,policy_statement_20081216,policy_statement,supportive,0,False,accommodative,0.0
2008-12-16,policy_statement_20081216.html,policy_statement,supportive,0,False,accommodative,0.0
2008-12-16,fomc_minutes_20081216.html,fomc_minutes,supportive,0,False,accommodative,0.0
2008-12-16,fomc_minutes_20081216,fomc_minutes,supportive,0,False,accommodative,0.0
2008-12-16,policy_statement_20081216,policy_statement,temporary,0,False,transitory,0.0
2008-12-16,policy_statement_20081216.html,policy_statement,temporary,0,False,transitory,0.0
2008-12-16,fomc_minutes_20081216.html,fomc_minutes,temporary,2,False,transitory,0.0
2008-12-16,fomc_minutes_20081216,fomc_minutes,temporary,2,False,transitory,0.0
2008-12-16,policy_statement_20081216,policy_statement,transient,0,False,transitory,0.0
2008-12-16,policy_statement_20081216.html,policy_statement,transient,0,False,transitory,0.0
2008-12-16,fomc_minutes_20081216.html,fomc_minutes,transient,0,False,transitory,0.0
2008-12-16,fomc_minutes_20081216,fomc_minutes,transient,0,False,transitory,0.0
2008-12-16,policy_statement_20081216,policy_statement,transitory,0,False,transitory,0.0
2008-12-16,fomc_minutes_20081216.html,fomc_minutes,transitory,0,False,transitory,0.0
2008-12-16,policy_statement_20081216.html,policy_statement,transitory,0,False,transitory,0.0
2008-12-16,fomc_minutes_20081216,fomc_minutes,transitory,0,False,transitory,0.0
2008-12-16,policy_statement_20081216.html,policy_statement,transitory_GROUP,0,True,transitory,0.0
2008-12-16,fomc_minutes_20081216.html,fomc_minutes,transitory_GROUP,2,True,transitory,0.0
2008-12-16,fomc_minutes_20081216,fomc_minutes,transitory_GROUP,2,True,transitory,0.0
2008-12-16,policy_statement_20081216,policy_statement,transitory_GROUP,0,True,transitory,0.0
2009-01-28,policy_statement_20090128,policy_statement,accommodating,0,False,accommodative,0.0
2009-01-28,policy_statement_20090128,policy_statement,accommodative,0,False,accommodative,0.0
2009-01-28,policy_statement_20090128,policy_statement,accommodative_GROUP,0,True,accommodative,0.0
2009-01-28,policy_statement_20090128,policy_statement,all available tools,1,False,full range of tools,0.5714285714285714
2009-01-28,policy_statement_20090128,policy_statement,complete toolkit,0,False,full range of tools,0.0
2009-01-28,policy_statement_20090128,policy_statement,considerable time,0,False,considerable time,0.0
2009-01-28,policy_statement_20090128,policy_statement,considerable time_GROUP,0,True,considerable time,0.2857142857142857
2009-01-28,policy_statement_20090128,policy_statement,deliberate,0,False,patient,0.0
2009-01-28,policy_statement_20090128,policy_statement,easy,0,False,accommodative,0.0
2009-01-28,policy_statement_20090128,policy_statement,entire toolkit,0,False,full range of tools,0.0
2009-01-28,policy_statement_20090128,policy_statement,extended period,0,False,considerable time,0.2857142857142857
2009-01-28,policy_statement_20090128,policy_statement,full range of tools,0,False,full range of tools,0.0
2009-01-28,policy_statement_20090128,policy_statement,full range of tools_GROUP,1,True,full range of tools,0.5714285714285714
2009-01-28,policy_statement_20090128,policy_statement,gradual,1,False,patient,0.0
2009-01-28,policy_statement_20090128,policy_statement,measured,0,False,patient,0.2857142857142857
2009-01-28,policy_statement_20090128,policy_statement,patient,0,False,patient,0.0
2009-01-28,policy_statement_20090128,policy_statement,patient_GROUP,1,True,patient,0.2857142857142857
2009-01-28,policy_statement_20090128,policy_statement,short-lived,0,False,transitory,0.0
2009-01-28,policy_statement_20090128,policy_statement,significant time,0,False,considerable time,0.0
2009-01-28,policy_statement_20090128,policy_statement,substantial period,0,False,considerable time,0.0
2009-01-28,policy_statement_20090128,policy_statement,supportive,0,False,accommodative,0.0
2009-01-28,policy_statement_20090128,policy_statement,temporary,0,False,transitory,0.5714285714285714
2009-01-28,policy_statement_20090128,policy_statement,transient,0,False,transitory,0.0
2009-01-28,policy_statement_20090128,policy_statement,transitory,0,False,transitory,0.0
2009-01-28,policy_statement_20090128,policy_statement,transitory_GROUP,0,True,transitory,0.5714285714285714
2009-03-18,policy_statement_20090318,policy_statement,accommodating,0,False,accommodative,0.0
2009-03-18,policy_statement_20090318,policy_statement,accommodative,0,False,accommodative,0.0
2009-03-18,policy_statement_20090318,policy_statement,accommodative_GROUP,0,True,accommodative,0.0
2009-03-18,policy_statement_20090318,policy_statement,all available tools,1,False,full range of tools,0.8333333333333334
2009-03-18,policy_statement_20090318,policy_statement,complete toolkit,0,False,full range of tools,0.0
2009-03-18,policy_statement_20090318,policy_statement,considerable time,0,False,considerable time,0.0
2009-03-18,policy_statement_20090318,policy_statement,considerable time_GROUP,1,True,considerable time,0.3333333333333333
2009-03-18,policy_statement_20090318,policy_statement,deliberate,0,False,patient,0.0
2009-03-18,policy_statement_20090318,policy_statement,easy,0,False,accommodative,0.0
2009-03-18,policy_statement_20090318,policy_statement,entire toolkit,0,False,full range of tools,0.0
2009-03-18,policy_statement_20090318,policy_statement,extended period,1,False,considerable time,0.3333333333333333
2009-03-18,policy_statement_20090318,policy_statement,full range of tools,0,False,full range of tools,0.0
2009-03-18,policy_statement_20090318,policy_statement,full range of tools_GROUP,1,True,full range of tools,0.8333333333333334
2009-03-18,policy_statement_20090318,policy_statement,gradual,1,False,patient,0.16666666666666666
2009-03-18,policy_statement_20090318,policy_statement,measured,0,False,patient,0.3333333333333333
2009-03-18,policy_statement_20090318,policy_statement,patient,0,False,patient,0.0
2009-03-18,policy_statement_20090318,policy_statement,patient_GROUP,1,True,patient,0.5
2009-03-18,policy_statement_20090318,policy_statement,short-lived,0,False,transitory,0.0
2009-03-18,policy_statement_20090318,policy_statement,significant time,0,False,considerable time,0.0
2009-03-18,policy_statement_20090318,policy_statement,substantial period,0,False,considerable time,0.0
2009-03-18,policy_statement_20090318,policy_statement,supportive,0,False,accommodative,0.0
2009-03-18,policy_statement_20090318,policy_statement,temporary,0,False,transitory,0.6666666666666666
2009-03-18,policy_statement_20090318,policy_statement,transient,0,False,transitory,0.0
2009-03-18,policy_statement_20090318,policy_statement,transitory,0,False,transitory,0.0
2009-03-18,policy_statement_20090318,policy_statement,transitory_GROUP,0,True,transitory,0.6666666666666666
2009-04-29,policy_statement_20090429,policy_statement,accommodating,0,False,accommodative,0.0
2009-04-29,policy_statement_20090429,policy_statement,accommodative,0,False,accommodative,0.0
2009-04-29,policy_statement_20090429,policy_statement,accommodative_GROUP,0,True,accommodative,0.0
2009-04-29,policy_statement_20090429,policy_statement,all available tools,1,False,full range of tools,1.0
2009-04-29,policy_statement_20090429,policy_statement,complete toolkit,0,False,full range of tools,0.0
2009-04-29,policy_statement_20090429,policy_statement,considerable time,0,False,considerable time,0.0
2009-04-29,policy_statement_20090429,policy_statement,considerable time_GROUP,1,True,considerable time,0.5
2009-04-29,policy_statement_20090429,policy_statement,deliberate,0,False,patient,0.0
2009-04-29,policy_statement_20090429,policy_statement,easy,0,False,accommodative,0.0
2009-04-29,policy_statement_20090429,policy_statement,entire toolkit,0,False,full range of tools,0.0
2009-04-29,policy_statement_20090429,policy_statement,extended period,1,False,considerable time,0.5
2009-04-29,policy_statement_20090429,policy_statement,full range of tools,0,False,full range of tools,0.0
2009-04-29,policy_statement_20090429,policy_statement,full range of tools_GROUP,1,True,full range of tools,1.0
2009-04-29,policy_statement_20090429,policy_statement,gradual,1,False,patient,0.3333333333333333
2009-04-29,policy_statement_20090429,policy_statement,measured,0,False,patient,0.3333333333333333
2009-04-29,policy_statement_20090429,policy_statement,patient,0,False,patient,0.0
2009-04-29,policy_statement_20090429,policy_statement,patient_GROUP,1,True,patient,0.6666666666666666
2009-04-29,policy_statement_20090429,policy_statement,short-lived,0,False,transitory,0.0
2009-04-29,policy_statement_20090429,policy_statement,significant time,0,False,considerable time,0.0
2009-04-29,policy_statement_20090429,policy_statement,substantial period,0,False,considerable time,0.0
2009-04-29,policy_statement_20090429,policy_statement,supportive,0,False,accommodative,0.0
2009-04-29,policy_statement_20090429,policy_statement,temporary,0,False,transitory,0.6666666666666666
2009-04-29,policy_statement_20090429,policy_statement,transient,0,False,transitory,0.0
2009-04-29,policy_statement_20090429,policy_statement,transitory,0,False,transitory,0.0
2009-04-29,policy_statement_20090429,policy_statement,transitory_GROUP,0,True,transitory,0.6666666666666666
2009-06-24,policy_statement_20090624,policy_statement,accommodating,0,False,accommodative,0.0
2009-06-24,policy_statement_20090624,policy_statement,accommodative,0,False,accommodative,0.0
2009-06-24,policy_statement_20090624,policy_statement,accommodative_GROUP,0,True,accommodative,0.0
2009-06-24,policy_statement_20090624,policy_statement,all available tools,1,False,full range of tools,1.0
2009-06-24,policy_statement_20090624,policy_statement,complete toolkit,0,False,full range of tools,0.0
2009-06-24,policy_statement_20090624,policy_statement,considerable time,0,False,considerable time,0.0
2009-06-24,policy_statement_20090624,policy_statement,considerable time_GROUP,1,True,considerable time,0.6666666666666666
2009-06-24,policy_statement_20090624,policy_statement,deliberate,0,False,patient,0.0
2009-06-24,policy_statement_20090624,policy_statement,easy,0,False,accommodative,0.0
2009-06-24,policy_statement_20090624,policy_statement,entire toolkit,0,False,full range of tools,0.0
2009-06-24,policy_statement_20090624,policy_statement,extended period,1,False,considerable time,0.6666666666666666
2009-06-24,policy_statement_20090624,policy_statement,full range of tools,0,False,full range of tools,0.0
2009-06-24,policy_statement_20090624,policy_statement,full range of tools_GROUP,1,True,full range of tools,1.0
2009-06-24,policy_statement_20090624,policy_statement,gradual,1,False,patient,1.0
2009-06-24,policy_statement_20090624,policy_statement,measured,0,False,patient,0.0
2009-06-24,policy_statement_20090624,policy_statement,patient,0,False,patient,0.0
2009-06-24,policy_statement_20090624,policy_statement,patient_GROUP,1,True,patient,1.0
2009-06-24,policy_statement_20090624,policy_statement,short-lived,0,False,transitory,0.0
2009-06-24,policy_statement_20090624,policy_statement,significant time,0,False,considerable time,0.0
2009-06-24,policy_statement_20090624,policy_statement,substantial period,0,False,considerable time,0.0
2009-06-24,policy_statement_20090624,policy_statement,supportive,0,False,accommodative,0.0
2009-06-24,policy_statement_20090624,policy_statement,temporary,0,False,transitory,0.0
2009-06-24,policy_statement_20090624,policy_statement,transient,0,False,transitory,0.0
2009-06-24,policy_statement_20090624,policy_statement,transitory,0,False,transitory,0.0
2009-06-24,policy_statement_20090624,policy_statement,transitory_GROUP,0,True,transitory,0.0
2009-08-12,policy_statement_20090812,policy_statement,accommodating,0,False,accommodative,0.0
2009-08-12,policy_statement_20090812,policy_statement,accommodative,0,False,accommodative,0.0
2009-08-12,policy_statement_20090812,policy_statement,accommodative_GROUP,0,True,accommodative,0.0
2009-08-12,policy_statement_20090812,policy_statement,all available tools,1,False,full range of tools,1.0
2009-08-12,policy_statement_20090812,policy_statement,complete toolkit,0,False,full range of tools,0.0
2009-08-12,policy_statement_20090812,policy_statement,considerable time,0,False,considerable time,0.0
2009-08-12,policy_statement_20090812,policy_statement,considerable time_GROUP,1,True,considerable time,1.0
2009-08-12,policy_statement_20090812,policy_statement,deliberate,0,False,patient,0.0
2009-08-12,policy_statement_20090812,policy_statement,easy,0,False,accommodative,0.0
2009-08-12,policy_statement_20090812,policy_statement,entire toolkit,0,False,full range of tools,0.0
2009-08-12,policy_statement_20090812,policy_statement,extended period,1,False,considerable time,1.0
2009-08-12,policy_statement_20090812,policy_statement,full range of tools,0,False,full range of tools,0.0
2009-08-12,policy_statement_20090812,policy_statement,full range of tools_GROUP,1,True,full range of tools,1.0
2009-08-12,policy_statement_20090812,policy_statement,gradual,1,False,patient,1.0
2009-08-12,policy_statement_20090812,policy_statement,measured,0,False,patient,0.0
2009-08-12,policy_statement_20090812,policy_statement,patient,0,False,patient,0.0
2009-08-12,policy_statement_20090812,policy_statement,patient_GROUP,1,True,patient,1.0
2009-08-12,policy_statement_20090812,policy_statement,short-lived,0,False,transitory,0.0
2009-08-12,policy_statement_20090812,policy_statement,significant time,0,False,considerable time,0.0
2009-08-12,policy_statement_20090812,policy_statement,substantial period,0,False,considerable time,0.0
2009-08-12,policy_statement_20090812,policy_statement,supportive,0,False,accommodative,0.0
2009-08-12,policy_statement_20090812,policy_statement,temporary,0,False,transitory,0.0
2009-08-12,policy_statement_20090812,policy_statement,transient,0,False,transitory,0.0
2009-08-12,policy_statement_20090812,policy_statement,transitory,0,False,transitory,0.0
2009-08-12,policy_statement_20090812,policy_statement,transitory_GROUP,0,True,transitory,0.0
2009-09-23,policy_statement_20090923,policy_statement,accommodating,0,False,accommodative,0.0
2009-09-23,policy_statement_20090923,policy_statement,accommodative,0,False,accommodative,0.0
2009-09-23,policy_statement_20090923,policy_statement,accommodative_GROUP,0,True,accommodative,0.0
2009-09-23,policy_statement_20090923,policy_statement,all available tools,0,False,full range of tools,1.0
2009-09-23,policy_statement_20090923,policy_statement,complete toolkit,0,False,full range of tools,0.0
2009-09-23,policy_statement_20090923,policy_statement,considerable time,0,False,considerable time,0.0
2009-09-23,policy_statement_20090923,policy_statement,considerable time_GROUP,1,True,considerable time,1.0
2009-09-23,policy_statement_20090923,policy_statement,deliberate,0,False,patient,0.0
2009-09-23,policy_statement_20090923,policy_statement,easy,0,False,accommodative,0.0
2009-09-23,policy_statement_20090923,policy_statement,entire toolkit,0,False,full range of tools,0.0
2009-09-23,policy_statement_20090923,policy_statement,extended period,1,False,considerable time,1.0
2009-09-23,policy_statement_20090923,policy_statement,full range of tools,0,False,full range of tools,0.0
2009-09-23,policy_statement_20090923,policy_statement,full range of tools_GROUP,0,True,full range of tools,1.0
2009-09-23,policy_statement_20090923,policy_statement,gradual,1,False,patient,1.0
2009-09-23,policy_statement_20090923,policy_statement,measured,0,False,patient,0.0
2009-09-23,policy_statement_20090923,policy_statement,patient,0,False,patient,0.0
2009-09-23,policy_statement_20090923,policy_statement,patient_GROUP,1,True,patient,1.0
2009-09-23,policy_statement_20090923,policy_statement,short-lived,0,False,transitory,0.0
2009-09-23,policy_statement_20090923,policy_statement,significant time,0,False,considerable time,0.0
2009-09-23,policy_statement_20090923,policy_statement,substantial period,0,False,considerable time,0.0
2009-09-23,policy_statement_20090923,policy_statement,supportive,0,False,accommodative,0.0
2009-09-23,policy_statement_20090923,policy_statement,temporary,0,False,transitory,0.0
2009-09-23,policy_statement_20090923,policy_statement,transient,0,False,transitory,0.0
2009-09-23,policy_statement_20090923,policy_statement,transitory,0,False,transitory,0.0
2009-09-23,policy_statement_20090923,policy_statement,transitory_GROUP,0,True,transitory,0.0
2009-11-04,policy_statement_20091104,policy_statement,accommodating,0,False,accommodative,0.0
2009-11-04,policy_statement_20091104,policy_statement,accommodative,0,False,accommodative,0.0
2009-11-04,policy_statement_20091104,policy_statement,accommodative_GROUP,0,True,accommodative,0.0
2009-11-04,policy_statement_20091104,policy_statement,all available tools,0,False,full range of tools,0.6666666666666666
2009-11-04,policy_statement_20091104,policy_statement,complete toolkit,0,False,full range of tools,0.0
2009-11-04,policy_statement_20091104,policy_statement,considerable time,0,False,considerable time,0.0
2009-11-04,policy_statement_20091104,policy_statement,considerable time_GROUP,1,True,considerable time,1.0
2009-11-04,policy_statement_20091104,policy_statement,deliberate,0,False,patient,0.0
2009-11-04,policy_statement_20091104,policy_statement,easy,0,False,accommodative,0.0
2009-11-04,policy_statement_20091104,policy_statement,entire toolkit,0,False,full range of tools,0.0
2009-11-04,policy_statement_20091104,policy_statement,extended period,1,False,considerable time,1.0
2009-11-04,policy_statement_20091104,policy_statement,full range of tools,0,False,full range of tools,0.0
2009-11-04,policy_statement_20091104,policy_statement,full range of tools_GROUP,0,True,full range of tools,0.6666666666666666
2009-11-04,policy_statement_20091104,policy_statement,gradual,1,False,patient,1.0
2009-11-04,policy_statement_20091104,policy_statement,measured,0,False,patient,0.0
2009-11-04,policy_statement_20091104,policy_statement,patient,0,False,patient,0.0
2009-11-04,policy_statement_20091104,policy_statement,patient_GROUP,1,True,patient,1.0
2009-11-04,policy_statement_20091104,policy_statement,short-lived,0,False,transitory,0.0
2009-11-04,policy_statement_20091104,policy_statement,significant time,0,False,considerable time,0.0
2009-11-04,policy_statement_20091104,policy_statement,substantial period,0,False,considerable time,0.0
2009-11-04,policy_statement_20091104,policy_statement,supportive,0,False,accommodative,0.0
2009-11-04,policy_statement_20091104,policy_statement,temporary,0,False,transitory,0.0
2009-11-04,policy_statement_20091104,policy_statement,transient,0,False,transitory,0.0
2009-11-04,policy_statement_20091104,policy_statement,transitory,0,False,transitory,0.0
2009-11-04,policy_statement_20091104,policy_statement,transitory_GROUP,0,True,transitory,0.0
2009-12-16,policy_statement_20091216,policy_statement,accommodating,0,False,accommodative,0.0
2009-12-16,policy_statement_20091216,policy_statement,accommodative,0,False,accommodative,0.0
2009-12-16,policy_statement_20091216,policy_statement,accommodative_GROUP,1,True,accommodative,0.0
2009-12-16,policy_statement_20091216,policy_statement,all available tools,0,False,full range of tools,0.5
2009-12-16,policy_statement_20091216,policy_statement,complete toolkit,0,False,full range of tools,0.0
2009-12-16,policy_statement_20091216,policy_statement,considerable time,0,False,considerable time,0.0
2009-12-16,policy_statement_20091216,policy_statement,considerable time_GROUP,1,True,considerable time,1.0
2009-12-16,policy_statement_20091216,policy_statement,deliberate,0,False,patient,0.0
2009-12-16,policy_statement_20091216,policy_statement,easy,0,False,accommodative,0.0
2009-12-16,policy_statement_20091216,policy_statement,entire toolkit,0,False,full range of tools,0.0
2009-12-16,policy_statement_20091216,policy_statement,extended period,1,False,considerable time,1.0
2009-12-16,policy_statement_20091216,policy_statement,full range of tools,0,False,full range of tools,0.0
2009-12-16,policy_statement_20091216,policy_statement,full range of tools_GROUP,0,True,full range of tools,0.5
2009-12-16,policy_statement_20091216,policy_statement,gradual,1,False,patient,1.0
2009-12-16,policy_statement_20091216,policy_statement,measured,0,False,patient,0.0
2009-12-16,policy_statement_20091216,policy_statement,patient,0,False,patient,0.0
2009-12-16,policy_statement_20091216,policy_statement,patient_GROUP,1,True,patient,1.0
2009-12-16,policy_statement_20091216,policy_statement,short-lived,0,False,transitory,0.0
2009-12-16,policy_statement_20091216,policy_statement,significant time,0,False,considerable time,0.0
2009-12-16,policy_statement_20091216,policy_statement,substantial period,0,False,considerable time,0.0
2009-12-16,policy_statement_20091216,policy_statement,supportive,1,False,accommodative,0.0
2009-12-16,policy_statement_20091216,policy_statement,temporary,1,False,transitory,0.0
2009-12-16,policy_statement_20091216,policy_statement,transient,0,False,transitory,0.0
2009-12-16,policy_statement_20091216,policy_statement,transitory,0,False,transitory,0.0
2009-12-16,policy_statement_20091216,policy_statement,transitory_GROUP,1,True,transitory,0.0
2010-01-27,policy_statement_20100127,policy_statement,accommodating,0,False,accommodative,0.0
2010-01-27,policy_statement_20100127,policy_statement,accommodative,0,False,accommodative,0.0
2010-01-27,policy_statement_20100127,policy_statement,accommodative_GROUP,1,True,accommodative,0.25
2010-01-27,policy_statement_20100127,policy_statement,all available tools,0,False,full range of tools,0.25
2010-01-27,policy_statement_20100127,policy_statement,complete toolkit,0,False,full range of tools,0.0
2010-01-27,policy_statement_20100127,policy_statement,considerable time,0,False,considerable time,0.0
2010-01-27,policy_statement_20100127,policy_statement,considerable time_GROUP,2,True,considerable time,1.0
2010-01-27,policy_statement_20100127,policy_statement,deliberate,0,False,patient,0.0
2010-01-27,policy_statement_20100127,policy_statement,easy,0,False,accommodative,0.0
2010-01-27,policy_statement_20100127,policy_statement,entire toolkit,0,False,full range of tools,0.0
2010-01-27,policy_statement_20100127,policy_statement,extended period,2,False,considerable time,1.0
2010-01-27,policy_statement_20100127,policy_statement,full range of tools,0,False,full range of tools,0.0
2010-01-27,policy_statement_20100127,policy_statement,full range of tools_GROUP,0,True,full range of tools,0.25
2010-01-27,policy_statement_20100127,policy_statement,gradual,1,False,patient,1.0
2010-01-27,policy_statement_20100127,policy_statement,measured,0,False,patient,0.0
2010-01-27,policy_statement_20100127,policy_statement,patient,0,False,patient,0.0
2010-01-27,policy_statement_20100127,policy_statement,patient_GROUP,1,True,patient,1.0
2010-01-27,policy_statement_20100127,policy_statement,short-lived,0,False,transitory,0.0
2010-01-27,policy_statement_20100127,policy_statement,significant time,0,False,considerable time,0.0
2010-01-27,policy_statement_20100127,policy_statement,substantial period,0,False,considerable time,0.0
2010-01-27,policy_statement_20100127,policy_statement,supportive,1,False,accommodative,0.25
2010-01-27,policy_statement_20100127,policy_statement,temporary,1,False,transitory,0.25
2010-01-27,policy_statement_20100127,policy_statement,transient,0,False,transitory,0.0
2010-01-27,policy_statement_20100127,policy_statement,transitory,0,False,transitory,0.0
2010-01-27,policy_statement_20100127,policy_statement,transitory_GROUP,1,True,transitory,0.25
2010-03-16,policy_statement_20100316,policy_statement,accommodating,0,False,accommodative,0.0
2010-03-16,policy_statement_20100316,policy_statement,accommodative,0,False,accommodative,0.0
2010-03-16,policy_statement_20100316,policy_statement,accommodative_GROUP,1,True,accommodative,0.5
2010-03-16,policy_statement_20100316,policy_statement,all available tools,0,False,full range of tools,0.0
2010-03-16,policy_statement_20100316,policy_statement,complete toolkit,0,False,full range of tools,0.0
2010-03-16,policy_statement_20100316,policy_statement,considerable time,0,False,considerable time,0.0
2010-03-16,policy_statement_20100316,policy_statement,considerable time_GROUP,2,True,considerable time,1.25
2010-03-16,policy_statement_20100316,policy_statement,deliberate,0,False,patient,0.0
2010-03-16,policy_statement_20100316,policy_statement,easy,0,False,accommodative,0.0
2010-03-16,policy_statement_20100316,policy_statement,entire toolkit,0,False,full range of tools,0.0
2010-03-16,policy_statement_20100316,policy_statement,extended period,2,False,considerable time,1.25
2010-03-16,policy_statement_20100316,policy_statement,full range of tools,0,False,full range of tools,0.0
2010-03-16,policy_statement_20100316,policy_statement,full range of tools_GROUP,0,True,full range of tools,0.0
2010-03-16,policy_statement_20100316,policy_statement,gradual,1,False,patient,1.0
2010-03-16,policy_statement_20100316,policy_statement,measured,0,False,patient,0.0
2010-03-16,policy_statement_20100316,policy_statement,patient,0,False,patient,0.0
2010-03-16,policy_statement_20100316,policy_statement,patient_GROUP,1,True,patient,1.0
2010-03-16,policy_statement_20100316,policy_statement,short-lived,0,False,transitory,0.0
2010-03-16,policy_statement_20100316,policy_statement,significant time,0,False,considerable time,0.0
2010-03-16,policy_statement_20100316,policy_statement,substantial period,0,False,considerable time,0.0
2010-03-16,policy_statement_20100316,policy_statement,supportive,1,False,accommodative,0.5
2010-03-16,policy_statement_20100316,policy_statement,temporary,0,False,transitory,0.5
2010-03-16,policy_statement_20100316,policy_statement,transient,0,False,transitory,0.0
2010-03-16,policy_statement_20100316,policy_statement,transitory,0,False,transitory,0.0
2010-03-16,policy_statement_20100316,policy_statement,transitory_GROUP,0,True,transitory,0.5
2010-04-28,policy_statement_20100428,policy_statement,accommodating,0,False,accommodative,0.0
2010-04-28,policy_statement_20100428,policy_statement,accommodative,0,False,accommodative,0.0
2010-04-28,policy_statement_20100428,policy_statement,accommodative_GROUP,1,True,accommodative,0.75
2010-04-28,policy_statement_20100428,policy_statement,all available tools,0,False,full range of tools,0.0
2010-04-28,policy_statement_20100428,policy_statement,complete toolkit,0,False,full range of tools,0.0
2010-04-28,policy_statement_20100428,policy_statement,considerable time,0,False,considerable time,0.0
2010-04-28,policy_statement_20100428,policy_statement,considerable time_GROUP,2,True,considerable time,1.5
2010-04-28,policy_statement_20100428,policy_statement,deliberate,0,False,patient,0.0
2010-04-28,policy_statement_20100428,policy_statement,easy,0,False,accommodative,0.0
2010-04-28,policy_statement_20100428,policy_statement,entire toolkit,0,False,full range of tools,0.0
2010-04-28,policy_statement_20100428,policy_statement,extended period,2,False,considerable time,1.5
2010-04-28,policy_statement_20100428,policy_statement,full range of tools,0,False,full range of tools,0.0
2010-04-28,policy_statement_20100428,policy_statement,full range of tools_GROUP,0,True,full range of tools,0.0
2010-04-28,policy_statement_20100428,policy_statement,gradual,1,False,patient,1.0
2010-04-28,policy_statement_20100428,policy_statement,measured,0,False,patient,0.0
2010-04-28,policy_statement_20100428,policy_statement,patient,0,False,patient,0.0
2010-04-28,policy_statement_20100428,policy_statement,patient_GROUP,1,True,patient,1.0
2010-04-28,policy_statement_20100428,policy_statement,short-lived,0,False,transitory,0.0
2010-04-28,policy_statement_20100428,policy_statement,significant time,0,False,considerable time,0.0
2010-04-28,policy_statement_20100428,policy_statement,substantial period,0,False,considerable time,0.0
2010-04-28,policy_statement_20100428,policy_statement,supportive,1,False,accommodative,0.75
2010-04-28,policy_statement_20100428,policy_statement,temporary,0,False,transitory,0.5
2010-04-28,policy_statement_20100428,policy_statement,transient,0,False,transitory,0.0
2010-04-28,policy_statement_20100428,policy_statement,transitory,0,False,transitory,0.0
2010-04-28,policy_statement_20100428,policy_statement,transitory_GROUP,0,True,transitory,0.5
2010-06-23,policy_statement_20100623,policy_statement,accommodating,0,False,accommodative,0.0
2010-06-23,policy_statement_20100623,policy_statement,accommodative,0,False,accommodative,0.0
2010-06-23,policy_statement_20100623,policy_statement,accommodative_GROUP,1,True,accommodative,1.0
2010-06-23,policy_statement_20100623,policy_statement,all available tools,0,False,full range of tools,0.0
2010-06-23,policy_statement_20100623,policy_statement,complete toolkit,0,False,full range of tools,0.0
2010-06-23,policy_statement_20100623,policy_statement,considerable time,0,False,considerable time,0.0
2010-06-23,policy_statement_20100623,policy_statement,considerable time_GROUP,2,True,considerable time,2.0
2010-06-23,policy_statement_20100623,policy_statement,deliberate,0,False,patient,0.0
2010-06-23,policy_statement_20100623,policy_statement,easy,0,False,accommodative,0.0
2010-06-23,policy_statement_20100623,policy_statement,entire toolkit,0,False,full range of tools,0.0
2010-06-23,policy_statement_20100623,policy_statement,extended period,2,False,considerable time,2.0
2010-06-23,policy_statement_20100623,policy_statement,full range of tools,0,False,full range of tools,0.0
2010-06-23,policy_statement_20100623,policy_statement,full range of tools_GROUP,0,True,full range of tools,0.0
2010-06-23,policy_statement_20100623,policy_statement,gradual,1,False,patient,1.0
2010-06-23,policy_statement_20100623,policy_statement,measured,0,False,patient,0.0
2010-06-23,policy_statement_20100623,policy_statement,patient,0,False,patient,0.0
2010-06-23,policy_statement_20100623,policy_statement,patient_GROUP,1,True,patient,1.0
2010-06-23,policy_statement_20100623,policy_statement,short-lived,0,False,transitory,0.0
2010-06-23,policy_statement_20100623,policy_statement,significant time,0,False,considerable time,0.0
2010-06-23,policy_statement_20100623,policy_statement,substantial period,0,False,considerable time,0.0
2010-06-23,policy_statement_20100623,policy_statement,supportive,1,False,accommodative,1.0
2010-06-23,policy_statement_20100623,policy_statement,temporary,0,False,transitory,0.3333333333333333
2010-06-23,policy_statement_20100623,policy_statement,transient,0,False,transitory,0.0
2010-06-23,policy_statement_20100623,policy_statement,transitory,0,False,transitory,0.0
2010-06-23,policy_statement_20100623,policy_statement,transitory_GROUP,0,True,transitory,0.3333333333333333
2010-08-10,policy_statement_20100810,policy_statement,accommodating,0,False,accommodative,0.0
2010-08-10,policy_statement_20100810,policy_statement,accommodative,0,False,accommodative,0.0
2010-08-10,policy_statement_20100810,policy_statement,accommodative_GROUP,0,True,accommodative,1.0
2010-08-10,policy_statement_20100810,policy_statement,all available tools,0,False,full range of tools,0.0
2010-08-10,policy_statement_20100810,policy_statement,complete toolkit,0,False,full range of tools,0.0
2010-08-10,policy_statement_20100810,policy_statement,considerable time,0,False,considerable time,0.0
2010-08-10,policy_statement_20100810,policy_statement,considerable time_GROUP,2,True,considerable time,2.0
2010-08-10,policy_statement_20100810,policy_statement,deliberate,0,False,patient,0.0
2010-08-10,policy_statement_20100810,policy_statement,easy,0,False,accommodative,0.0
2010-08-10,policy_statement_20100810,policy_statement,entire toolkit,0,False,full range of tools,0.0
2010-08-10,policy_statement_20100810,policy_statement,extended period,2,False,considerable time,2.0
2010-08-10,policy_statement_20100810,policy_statement,full range of tools,0,False,full range of tools,0.0
2010-08-10,policy_statement_20100810,policy_statement,full range of tools_GROUP,0,True,full range of tools,0.0
2010-08-10,policy_statement_20100810,policy_statement,gradual,1,False,patient,1.0
2010-08-10,policy_statement_20100810,policy_statement,measured,0,False,patient,0.0
2010-08-10,policy_statement_20100810,policy_statement,patient,0,False,patient,0.0
2010-08-10,policy_statement_20100810,policy_statement,patient_GROUP,1,True,patient,1.0
2010-08-10,policy_statement_20100810,policy_statement,short-lived,0,False,transitory,0.0
2010-08-10,policy_statement_20100810,policy_statement,significant time,0,False,considerable time,0.0
2010-08-10,policy_statement_20100810,policy_statement,substantial period,0,False,considerable time,0.0
2010-08-10,policy_statement_20100810,policy_statement,supportive,0,False,accommodative,1.0
2010-08-10,policy_statement_20100810,policy_statement,temporary,0,False,transitory,0.0
2010-08-10,policy_statement_20100810,policy_statement,transient,0,False,transitory,0.0
2010-08-10,policy_statement_20100810,policy_statement,transitory,0,False,transitory,0.0
2010-08-10,policy_statement_20100810,policy_statement,transitory_GROUP,0,True,transitory,0.0
2010-09-21,policy_statement_20100921,policy_statement,accommodating,0,False,accommodative,0.0
2010-09-21,policy_statement_20100921,policy_statement,accommodative,0,False,accommodative,0.0
2010-09-21,policy_statement_20100921,policy_statement,accommodative_GROUP,0,True,accommodative,0.6666666666666666
2010-09-21,policy_statement_20100921,policy_statement,all available tools,0,False,full range of tools,0.0
2010-09-21,policy_statement_20100921,policy_statement,complete toolkit,0,False,full range of tools,0.0
2010-09-21,policy_statement_20100921,policy_statement,considerable time,0,False,considerable time,0.0
2010-09-21,policy_statement_20100921,policy_statement,considerable time_GROUP,2,True,considerable time,2.0
2010-09-21,policy_statement_20100921,policy_statement,deliberate,0,False,patient,0.0
2010-09-21,policy_statement_20100921,policy_statement,easy,0,False,accommodative,0.0
2010-09-21,policy_statement_20100921,policy_statement,entire toolkit,0,False,full range of tools,0.0
2010-09-21,policy_statement_20100921,policy_statement,extended period,2,False,considerable time,2.0
2010-09-21,policy_statement_20100921,policy_statement,full range of tools,0,False,full range of tools,0.0
2010-09-21,policy_statement_20100921,policy_statement,full range of tools_GROUP,0,True,full range of tools,0.0
2010-09-21,policy_statement_20100921,policy_statement,gradual,1,False,patient,1.0
2010-09-21,policy_statement_20100921,policy_statement,measured,0,False,patient,0.0
2010-09-21,policy_statement_20100921,policy_statement,patient,0,False,patient,0.0
2010-09-21,policy_statement_20100921,policy_statement,patient_GROUP,1,True,patient,1.0
2010-09-21,policy_statement_20100921,policy_statement,short-lived,0,False,transitory,0.0
2010-09-21,policy_statement_20100921,policy_statement,significant time,0,False,considerable time,0.0
2010-09-21,policy_statement_20100921,policy_statement,substantial period,0,False,considerable time,0.0
2010-09-21,policy_statement_20100921,policy_statement,supportive,0,False,accommodative,0.6666666666666666
2010-09-21,policy_statement_20100921,policy_statement,temporary,0,False,transitory,0.0
2010-09-21,policy_statement_20100921,policy_statement,transient,0,False,transitory,0.0
2010-09-21,policy_statement_20100921,policy_statement,transitory,0,False,transitory,0.0
2010-09-21,policy_statement_20100921,policy_statement,transitory_GROUP,0,True,transitory,0.0
2010-11-03,policy_statement_20101103,policy_statement,accommodating,0,False,accommodative,0.0
2010-11-03,policy_statement_20101103,policy_statement,accommodative,0,False,accommodative,0.0
2010-11-03,policy_statement_20101103,policy_statement,accommodative_GROUP,0,True,accommodative,0.3333333333333333
2010-11-03,policy_statement_20101103,policy_statement,all available tools,0,False,full range of tools,0.0
2010-11-03,policy_statement_20101103,policy_statement,complete toolkit,0,False,full range of tools,0.0
2010-11-03,policy_statement_20101103,policy_statement,considerable time,0,False,considerable time,0.0
2010-11-03,policy_statement_20101103,policy_statement,considerable time_GROUP,1,True,considerable time,2.0
2010-11-03,policy_statement_20101103,policy_statement,deliberate,0,False,patient,0.0
2010-11-03,policy_statement_20101103,policy_statement,easy,0,False,accommodative,0.0
2010-11-03,policy_statement_20101103,policy_statement,entire toolkit,0,False,full range of tools,0.0
2010-11-03,policy_statement_20101103,policy_statement,extended period,1,False,considerable time,2.0
2010-11-03,policy_statement_20101103,policy_statement,full range of tools,0,False,full range of tools,0.0
2010-11-03,policy_statement_20101103,policy_statement,full range of tools_GROUP,0,True,full range of tools,0.0
2010-11-03,policy_statement_20101103,policy_statement,gradual,1,False,patient,1.0
2010-11-03,policy_statement_20101103,policy_statement,measured,0,False,patient,0.0
2010-11-03,policy_statement_20101103,policy_statement,patient,0,False,patient,0.0
2010-11-03,policy_statement_20101103,policy_statement,patient_GROUP,1,True,patient,1.0
2010-11-03,policy_statement_20101103,policy_statement,short-lived,0,False,transitory,0.0
2010-11-03,policy_statement_20101103,policy_statement,significant time,0,False,considerable time,0.0
2010-11-03,policy_statement_20101103,policy_statement,substantial period,0,False,considerable time,0.0
2010-11-03,policy_statement_20101103,policy_statement,supportive,0,False,accommodative,0.3333333333333333
2010-11-03,policy_statement_20101103,policy_statement,temporary,0,False,transitory,0.0
2010-11-03,policy_statement_20101103,policy_statement,transient,0,False,transitory,0.0
2010-11-03,policy_statement_20101103,policy_statement,transitory,0,False,transitory,0.0
2010-11-03,policy_statement_20101103,policy_statement,transitory_GROUP,0,True,transitory,0.0
2010-12-14,fomc_minutes_20101214.html,fomc_minutes,accommodating,0,False,accommodative,0.0
2010-12-14,policy_statement_20101214,policy_statement,accommodating,0,False,accommodative,0.0
2010-12-14,fomc_minutes_20101214,fomc_minutes,accommodating,0,False,accommodative,0.0
2010-12-14,fomc_minutes_20101214.html,fomc_minutes,accommodative,4,False,accommodative,0.0
2010-12-14,policy_statement_20101214,policy_statement,accommodative,0,False,accommodative,0.0
2010-12-14,fomc_minutes_20101214,fomc_minutes,accommodative,4,False,accommodative,0.0
2010-12-14,policy_statement_20101214,policy_statement,accommodative_GROUP,0,True,accommodative,0.25
2010-12-14,fomc_minutes_20101214,fomc_minutes,accommodative_GROUP,4,True,accommodative,0.25
2010-12-14,fomc_minutes_20101214.html,fomc_minutes,accommodative_GROUP,4,True,accommodative,0.25
2010-12-14,policy_statement_20101214,policy_statement,all available tools,0,False,full range of tools,0.0
2010-12-14,fomc_minutes_20101214,fomc_minutes,all available tools,0,False,full range of tools,0.0
2010-12-14,fomc_minutes_20101214.html,fomc_minutes,all available tools,0,False,full range of tools,0.0
2010-12-14,policy_statement_20101214,policy_statement,complete toolkit,0,False,full range of tools,0.0
2010-12-14,fomc_minutes_20101214,fomc_minutes,complete toolkit,0,False,full range of tools,0.0
2010-12-14,fomc_minutes_20101214.html,fomc_minutes,complete toolkit,0,False,full range of tools,0.0
2010-12-14,policy_statement_20101214,policy_statement,considerable time,0,False,considerable time,0.0
2010-12-14,fomc_minutes_20101214,fomc_minutes,considerable time,0,False,considerable time,0.0
2010-12-14,fomc_minutes_20101214.html,fomc_minutes,considerable time,0,False,considerable time,0.0
2010-12-14,policy_statement_20101214,policy_statement,considerable time_GROUP,1,True,considerable time,1.75
2010-12-14,fomc_minutes_20101214,fomc_minutes,considerable time_GROUP,3,True,considerable time,1.75
2010-12-14,fomc_minutes_20101214.html,fomc_minutes,considerable time_GROUP,3,True,considerable time,1.75
2010-12-14,policy_statement_20101214,policy_statement,deliberate,0,False,patient,0.0
2010-12-14,fomc_minutes_20101214.html,fomc_minutes,deliberate,0,False,patient,0.0
2010-12-14,fomc_minutes_20101214,fomc_minutes,deliberate,0,False,patient,0.0
2010-12-14,fomc_minutes_20101214.html,fomc_minutes,easy,0,False,accommodative,0.0
2010-12-14,policy_statement_20101214,policy_statement,easy,0,False,accommodative,0.0
2010-12-14,fomc_minutes_20101214,fomc_minutes,easy,0,False,accommodative,0.0
2010-12-14,policy_statement_20101214,policy_statement,entire toolkit,0,False,full range of tools,0.0
2010-12-14,fomc_minutes_20101214,fomc_minutes,entire toolkit,0,False,full range of tools,0.0
2010-12-14,fomc_minutes_20101214.html,fomc_minutes,entire toolkit,0,False,full range of tools,0.0
2010-12-14,policy_statement_20101214,policy_statement,extended period,1,False,considerable time,1.75
2010-12-14,fomc_minutes_20101214.html,fomc_minutes,extended period,3,False,considerable time,1.75
2010-12-14,fomc_minutes_20101214,fomc_minutes,extended period,3,False,considerable time,1.75
2010-12-14,policy_statement_20101214,policy_statement,full range of tools,0,False,full range of tools,0.0
2010-12-14,fomc_minutes_20101214,fomc_minutes,full range of tools,0,False,full range of tools,0.0
2010-12-14,fomc_minutes_20101214.html,fomc_minutes,full range of tools,0,False,full range of tools,0.0
2010-12-14,fomc_minutes_20101214,fomc_minutes,full range of tools_GROUP,0,True,full range of tools,0.0
2010-12-14,policy_statement_20101214,policy_statement,full range of tools_GROUP,0,True,full range of tools,0.0
2010-12-14,fomc_minutes_20101214.html,fomc_minutes,full range of tools_GROUP,0,True,full range of tools,0.0
2010-12-14,fomc_minutes_20101214.html,fomc_minutes,gradual,2,False,patient,1.0
2010-12-14,policy_statement_20101214,policy_statement,gradual,1,False,patient,1.0
2010-12-14,fomc_minutes_20101214,fomc_minutes,gradual,2,False,patient,1.0
2010-12-14,fomc_minutes_20101214.html,fomc_minutes,measured,0,False,patient,0.0
2010-12-14,policy_statement_20101214,policy_statement,measured,0,False,patient,0.0
2010-12-14,fomc_minutes_20101214,fomc_minutes,measured,0,False,patient,0.0
2010-12-14,fomc_minutes_20101214.html,fomc_minutes,patient,0,False,patient,0.0
2010-12-14,policy_statement_20101214,policy_statement,patient,0,False,patient,0.0
2010-12-14,fomc_minutes_20101214,fomc_minutes,patient,0,False,patient,0.0
2010-12-14,policy_statement_20101214,policy_statement,patient_GROUP,1,True,patient,1.0
2010-12-14,fomc_minutes_20101214,fomc_minutes,patient_GROUP,2,True,patient,1.0
2010-12-14,fomc_minutes_20101214.html,fomc_minutes,patient_GROUP,2,True,patient,1.0
2010-12-14,policy_statement_20101214,policy_statement,short-lived,0,False,transitory,0.0
2010-12-14,fomc_minutes_20101214.html,fomc_minutes,short-lived,0,False,transitory,0.0
2010-12-14,fomc_minutes_20101214,fomc_minutes,short-lived,0,False,transitory,0.0
2010-12-14,policy_statement_20101214,policy_statement,significant time,0,False,considerable time,0.0
2010-12-14,fomc_minutes_20101214,fomc_minutes,significant time,0,False,considerable time,0.0
2010-12-14,fomc_minutes_20101214.html,fomc_minutes,significant time,0,False,considerable time,0.0
2010-12-14,policy_statement_20101214,policy_statement,substantial period,0,False,considerable time,0.0
2010-12-14,fomc_minutes_20101214,fomc_minutes,substantial period,0,False,considerable time,0.0
2010-12-14,fomc_minutes_20101214.html,fomc_minutes,substantial period,0,False,considerable time,0.0
2010-12-14,policy_statement_20101214,policy_statement,supportive,0,False,accommodative,0.25
2010-12-14,fomc_minutes_20101214.html,fomc_minutes,supportive,0,False,accommodative,0.25
2010-12-14,fomc_minutes_20101214,fomc_minutes,supportive,0,False,accommodative,0.25
2010-12-14,policy_statement_20101214,policy_statement,temporary,0,False,transitory,0.0
2010-12-14,fomc_minutes_20101214.html,fomc_minutes,temporary,1,False,transitory,0.0
2010-12-14,fomc_minutes_20101214,fomc_minutes,temporary,1,False,transitory,0.0
2010-12-14,policy_statement_20101214,policy_statement,transient,0,False,transitory,0.0
2010-12-14,fomc_minutes_20101214.html,fomc_minutes,transient,0,False,transitory,0.0
2010-12-14,fomc_minutes_20101214,fomc_minutes,transient,0,False,transitory,0.0
2010-12-14,policy_statement_20101214,policy_statement,transitory,0,False,transitory,0.0
2010-12-14,fomc_minutes_20101214.html,fomc_minutes,transitory,1,False,transitory,0.0
2010-12-14,fomc_minutes_20101214,fomc_minutes,transitory,1,False,transitory,0.0
2010-12-14,policy_statement_20101214,policy_statement,transitory_GROUP,0,True,transitory,0.0
2010-12-14,fomc_minutes_20101214,fomc_minutes,transitory_GROUP,2,True,transitory,0.0
2010-12-14,fomc_minutes_20101214.html,fomc_minutes,transitory_GROUP,2,True,transitory,0.0
2011-01-26,policy_statement_20110126,policy_statement,accommodating,0,False,accommodative,0.0
2011-01-26,policy_statement_20110126,policy_statement,accommodative,0,False,accommodative,1.3333333333333333
2011-01-26,policy_statement_20110126,policy_statement,accommodative_GROUP,0,True,accommodative,1.3333333333333333
2011-01-26,policy_statement_20110126,policy_statement,all available tools,0,False,full range of tools,0.0
2011-01-26,policy_statement_20110126,policy_statement,complete toolkit,0,False,full range of tools,0.0
2011-01-26,policy_statement_20110126,policy_statement,considerable time,0,False,considerable time,0.0
2011-01-26,policy_statement_20110126,policy_statement,considerable time_GROUP,1,True,considerable time,2.0
2011-01-26,policy_statement_20110126,policy_statement,deliberate,0,False,patient,0.0
2011-01-26,policy_statement_20110126,policy_statement,easy,0,False,accommodative,0.0
2011-01-26,policy_statement_20110126,policy_statement,entire toolkit,0,False,full range of tools,0.0
2011-01-26,policy_statement_20110126,policy_statement,extended period,1,False,considerable time,2.0
2011-01-26,policy_statement_20110126,policy_statement,full range of tools,0,False,full range of tools,0.0
2011-01-26,policy_statement_20110126,policy_statement,full range of tools_GROUP,0,True,full range of tools,0.0
2011-01-26,policy_statement_20110126,policy_statement,gradual,1,False,patient,1.3333333333333333
2011-01-26,policy_statement_20110126,policy_statement,measured,0,False,patient,0.0
2011-01-26,policy_statement_20110126,policy_statement,patient,0,False,patient,0.0
2011-01-26,policy_statement_20110126,policy_statement,patient_GROUP,1,True,patient,1.3333333333333333
2011-01-26,policy_statement_20110126,policy_statement,short-lived,0,False,transitory,0.0
2011-01-26,policy_statement_20110126,policy_statement,significant time,0,False,considerable time,0.0
2011-01-26,policy_statement_20110126,policy_statement,substantial period,0,False,considerable time,0.0
2011-01-26,policy_statement_20110126,policy_statement,supportive,0,False,accommodative,0.0
2011-01-26,policy_statement_20110126,policy_statement,temporary,0,False,transitory,0.3333333333333333
2011-01-26,policy_statement_20110126,policy_statement,transient,0,False,transitory,0.0
2011-01-26,policy_statement_20110126,policy_statement,transitory,0,False,transitory,0.3333333333333333
2011-01-26,policy_statement_20110126,policy_statement,transitory_GROUP,0,True,transitory,0.6666666666666666
2011-03-15,policy_statement_20110315,policy_statement,accommodating,0,False,accommodative,0.0
2011-03-15,policy_statement_20110315,policy_statement,accommodative,0,False,accommodative,1.3333333333333333
2011-03-15,policy_statement_20110315,policy_statement,accommodative_GROUP,0,True,accommodative,1.3333333333333333
2011-03-15,policy_statement_20110315,policy_statement,all available tools,0,False,full range of tools,0.0
2011-03-15,policy_statement_20110315,policy_statement,complete toolkit,0,False,full range of tools,0.0
2011-03-15,policy_statement_20110315,policy_statement,considerable time,0,False,considerable time,0.0
2011-03-15,policy_statement_20110315,policy_statement,considerable time_GROUP,1,True,considerable time,1.8333333333333333
2011-03-15,policy_statement_20110315,policy_statement,deliberate,0,False,patient,0.0
2011-03-15,policy_statement_20110315,policy_statement,easy,0,False,accommodative,0.0
2011-03-15,policy_statement_20110315,policy_statement,entire toolkit,0,False,full range of tools,0.0
2011-03-15,policy_statement_20110315,policy_statement,extended period,1,False,considerable time,1.8333333333333333
2011-03-15,policy_statement_20110315,policy_statement,full range of tools,0,False,full range of tools,0.0
2011-03-15,policy_statement_20110315,policy_statement,full range of tools_GROUP,0,True,full range of tools,0.0
2011-03-15,policy_statement_20110315,policy_statement,gradual,1,False,patient,1.3333333333333333
2011-03-15,policy_statement_20110315,policy_statement,measured,0,False,patient,0.0
2011-03-15,policy_statement_20110315,policy_statement,patient,0,False,patient,0.0
2011-03-15,policy_statement_20110315,policy_statement,patient_GROUP,1,True,patient,1.3333333333333333
2011-03-15,policy_statement_20110315,policy_statement,short-lived,0,False,transitory,0.0
2011-03-15,policy_statement_20110315,policy_statement,significant time,0,False,considerable time,0.0
2011-03-15,policy_statement_20110315,policy_statement,substantial period,0,False,considerable time,0.0
2011-03-15,policy_statement_20110315,policy_statement,supportive,0,False,accommodative,0.0
2011-03-15,policy_statement_20110315,policy_statement,temporary,0,False,transitory,0.3333333333333333
2011-03-15,policy_statement_20110315,policy_statement,transient,0,False,transitory,0.0
2011-03-15,policy_statement_20110315,policy_statement,transitory,1,False,transitory,0.3333333333333333
2011-03-15,policy_statement_20110315,policy_statement,transitory_GROUP,1,True,transitory,0.6666666666666666
2011-04-27,policy_statement_20110427,policy_statement,accommodating,0,False,accommodative,0.0
2011-04-27,policy_statement_20110427,policy_statement,accommodative,0,False,accommodative,1.3333333333333333
2011-04-27,policy_statement_20110427,policy_statement,accommodative_GROUP,0,True,accommodative,1.3333333333333333
2011-04-27,policy_statement_20110427,policy_statement,all available tools,0,False,full range of tools,0.0
2011-04-27,policy_statement_20110427,policy_statement,complete toolkit,0,False,full range of tools,0.0
2011-04-27,policy_statement_20110427,policy_statement,considerable time,0,False,considerable time,0.0
2011-04-27,policy_statement_20110427,policy_statement,considerable time_GROUP,1,True,considerable time,1.6666666666666667
2011-04-27,policy_statement_20110427,policy_statement,deliberate,0,False,patient,0.0
2011-04-27,policy_statement_20110427,policy_statement,easy,0,False,accommodative,0.0
2011-04-27,policy_statement_20110427,policy_statement,entire toolkit,0,False,full range of tools,0.0
2011-04-27,policy_statement_20110427,policy_statement,extended period,1,False,considerable time,1.6666666666666667
2011-04-27,policy_statement_20110427,policy_statement,full range of tools,0,False,full range of tools,0.0
2011-04-27,policy_statement_20110427,policy_statement,full range of tools_GROUP,0,True,full range of tools,0.0
2011-04-27,policy_statement_20110427,policy_statement,gradual,1,False,patient,1.3333333333333333
2011-04-27,policy_statement_20110427,policy_statement,measured,0,False,patient,0.0
2011-04-27,policy_statement_20110427,policy_statement,patient,0,False,patient,0.0
2011-04-27,policy_statement_20110427,policy_statement,patient_GROUP,1,True,patient,1.3333333333333333
2011-04-27,policy_statement_20110427,policy_statement,short-lived,0,False,transitory,0.0
2011-04-27,policy_statement_20110427,policy_statement,significant time,0,False,considerable time,0.0
2011-04-27,policy_statement_20110427,policy_statement,substantial period,0,False,considerable time,0.0
2011-04-27,policy_statement_20110427,policy_statement,supportive,0,False,accommodative,0.0
2011-04-27,policy_statement_20110427,policy_statement,temporary,0,False,transitory,0.3333333333333333
2011-04-27,policy_statement_20110427,policy_statement,transient,0,False,transitory,0.0
2011-04-27,policy_statement_20110427,policy_statement,transitory,1,False,transitory,0.5
2011-04-27,policy_statement_20110427,policy_statement,transitory_GROUP,1,True,transitory,0.8333333333333334
2011-06-22,policy_statement_20110622,policy_statement,accommodating,0,False,accommodative,0.0
2011-06-22,policy_statement_20110622,policy_statement,accommodative,0,False,accommodative,0.0
2011-06-22,policy_statement_20110622,policy_statement,accommodative_GROUP,0,True,accommodative,0.0
2011-06-22,policy_statement_20110622,policy_statement,all available tools,0,False,full range of tools,0.0
2011-06-22,policy_statement_20110622,policy_statement,complete toolkit,0,False,full range of tools,0.0
2011-06-22,policy_statement_20110622,policy_statement,considerable time,0,False,considerable time,0.0
2011-06-22,policy_statement_20110622,policy_statement,considerable time_GROUP,1,True,considerable time,1.0
2011-06-22,policy_statement_20110622,policy_statement,deliberate,0,False,patient,0.0
2011-06-22,policy_statement_20110622,policy_statement,easy,0,False,accommodative,0.0
2011-06-22,policy_statement_20110622,policy_statement,entire toolkit,0,False,full range of tools,0.0
2011-06-22,policy_statement_20110622,policy_statement,extended period,1,False,considerable time,1.0
2011-06-22,policy_statement_20110622,policy_statement,full range of tools,0,False,full range of tools,0.0
2011-06-22,policy_statement_20110622,policy_statement,full range of tools_GROUP,0,True,full range of tools,0.0
2011-06-22,policy_statement_20110622,policy_statement,gradual,1,False,patient,1.0
2011-06-22,policy_statement_20110622,policy_statement,measured,0,False,patient,0.0
2011-06-22,policy_statement_20110622,policy_statement,patient,0,False,patient,0.0
2011-06-22,policy_statement_20110622,policy_statement,patient_GROUP,1,True,patient,1.0
2011-06-22,policy_statement_20110622,policy_statement,short-lived,0,False,transitory,0.0
2011-06-22,policy_statement_20110622,policy_statement,significant time,0,False,considerable time,0.0
2011-06-22,policy_statement_20110622,policy_statement,substantial period,0,False,considerable time,0.0
2011-06-22,policy_statement_20110622,policy_statement,supportive,0,False,accommodative,0.0
2011-06-22,policy_statement_20110622,policy_statement,temporary,1,False,transitory,0.0
2011-06-22,policy_statement_20110622,policy_statement,transient,0,False,transitory,0.0
2011-06-22,policy_statement_20110622,policy_statement,transitory,0,False,transitory,0.6666666666666666
2011-06-22,policy_statement_20110622,policy_statement,transitory_GROUP,1,True,transitory,0.6666666666666666
2011-08-09,policy_statement_20110809,policy_statement,accommodating,0,False,accommodative,0.0
2011-08-09,policy_statement_20110809,policy_statement,accommodative,0,False,accommodative,0.0
2011-08-09,policy_statement_20110809,policy_statement,accommodative_GROUP,0,True,accommodative,0.0
2011-08-09,policy_statement_20110809,policy_statement,all available tools,0,False,full range of tools,0.0
2011-08-09,policy_statement_20110809,policy_statement,complete toolkit,0,False,full range of tools,0.0
2011-08-09,policy_statement_20110809,policy_statement,considerable time,0,False,considerable time,0.0
2011-08-09,policy_statement_20110809,policy_statement,considerable time_GROUP,1,True,considerable time,1.0
2011-08-09,policy_statement_20110809,policy_statement,deliberate,0,False,patient,0.0
2011-08-09,policy_statement_20110809,policy_statement,easy,0,False,accommodative,0.0
2011-08-09,policy_statement_20110809,policy_statement,entire toolkit,0,False,full range of tools,0.0
2011-08-09,policy_statement_20110809,policy_statement,extended period,1,False,considerable time,1.0
2011-08-09,policy_statement_20110809,policy_statement,full range of tools,0,False,full range of tools,0.0
2011-08-09,policy_statement_20110809,policy_statement,full range of tools_GROUP,0,True,full range of tools,0.0
2011-08-09,policy_statement_20110809,policy_statement,gradual,0,False,patient,1.0
2011-08-09,policy_statement_20110809,policy_statement,measured,0,False,patient,0.0
2011-08-09,policy_statement_20110809,policy_statement,patient,0,False,patient,0.0
2011-08-09,policy_statement_20110809,policy_statement,patient_GROUP,0,True,patient,1.0
2011-08-09,policy_statement_20110809,policy_statement,short-lived,0,False,transitory,0.0
2011-08-09,policy_statement_20110809,policy_statement,significant time,0,False,considerable time,0.0
2011-08-09,policy_statement_20110809,policy_statement,substantial period,0,False,considerable time,0.0
2011-08-09,policy_statement_20110809,policy_statement,supportive,0,False,accommodative,0.0
2011-08-09,policy_statement_20110809,policy_statement,temporary,1,False,transitory,0.3333333333333333
2011-08-09,policy_statement_20110809,policy_statement,transient,0,False,transitory,0.0
2011-08-09,policy_statement_20110809,policy_statement,transitory,0,False,transitory,0.6666666666666666
2011-08-09,policy_statement_20110809,policy_statement,transitory_GROUP,1,True,transitory,1.0
2011-09-21,policy_statement_20110921,policy_statement,accommodating,0,False,accommodative,0.0
2011-09-21,policy_statement_20110921,policy_statement,accommodative,1,False,accommodative,0.0
2011-09-21,policy_statement_20110921,policy_statement,accommodative_GROUP,1,True,accommodative,0.0
2011-09-21,policy_statement_20110921,policy_statement,all available tools,0,False,full range of tools,0.0
2011-09-21,policy_statement_20110921,policy_statement,complete toolkit,0,False,full range of tools,0.0
2011-09-21,policy_statement_20110921,policy_statement,considerable time,0,False,considerable time,0.0
2011-09-21,policy_statement_20110921,policy_statement,considerable time_GROUP,0,True,considerable time,1.0
2011-09-21,policy_statement_20110921,policy_statement,deliberate,0,False,patient,0.0
2011-09-21,policy_statement_20110921,policy_statement,easy,0,False,accommodative,0.0
2011-09-21,policy_statement_20110921,policy_statement,entire toolkit,0,False,full range of tools,0.0
2011-09-21,policy_statement_20110921,policy_statement,extended period,0,False,considerable time,1.0
2011-09-21,policy_statement_20110921,policy_statement,full range of tools,0,False,full range of tools,0.0
2011-09-21,policy_statement_20110921,policy_statement,full range of tools_GROUP,0,True,full range of tools,0.0
2011-09-21,policy_statement_20110921,policy_statement,gradual,0,False,patient,0.6666666666666666
2011-09-21,policy_statement_20110921,policy_statement,measured,0,False,patient,0.0
2011-09-21,policy_statement_20110921,policy_statement,patient,0,False,patient,0.0
2011-09-21,policy_statement_20110921,policy_statement,patient_GROUP,0,True,patient,0.6666666666666666
2011-09-21,policy_statement_20110921,policy_statement,short-lived,0,False,transitory,0.0
2011-09-21,policy_statement_20110921,policy_statement,significant time,0,False,considerable time,0.0
2011-09-21,policy_statement_20110921,policy_statement,substantial period,0,False,considerable time,0.0
2011-09-21,policy_statement_20110921,policy_statement,supportive,0,False,accommodative,0.0
2011-09-21,policy_statement_20110921,policy_statement,temporary,0,False,transitory,0.6666666666666666
2011-09-21,policy_statement_20110921,policy_statement,transient,0,False,transitory,0.0
2011-09-21,policy_statement_20110921,policy_statement,transitory,0,False,transitory,0.3333333333333333
2011-09-21,policy_statement_20110921,policy_statement,transitory_GROUP,0,True,transitory,1.0
2011-11-02,policy_statement_20111102,policy_statement,accommodating,0,False,accommodative,0.0
2011-11-02,policy_statement_20111102,policy_statement,accommodative,0,False,accommodative,0.3333333333333333
2011-11-02,policy_statement_20111102,policy_statement,accommodative_GROUP,0,True,accommodative,0.3333333333333333
2011-11-02,policy_statement_20111102,policy_statement,all available tools,0,False,full range of tools,0.0
2011-11-02,policy_statement_20111102,policy_statement,complete toolkit,0,False,full range of tools,0.0
2011-11-02,policy_statement_20111102,policy_statement,considerable time,0,False,considerable time,0.0
2011-11-02,policy_statement_20111102,policy_statement,considerable time_GROUP,0,True,considerable time,0.6666666666666666
2011-11-02,policy_statement_20111102,policy_statement,deliberate,0,False,patient,0.0
2011-11-02,policy_statement_20111102,policy_statement,easy,0,False,accommodative,0.0
2011-11-02,policy_statement_20111102,policy_statement,entire toolkit,0,False,full range of tools,0.0
2011-11-02,policy_statement_20111102,policy_statement,extended period,0,False,considerable time,0.6666666666666666
2011-11-02,policy_statement_20111102,policy_statement,full range of tools,0,False,full range of tools,0.0
2011-11-02,policy_statement_20111102,policy_statement,full range of tools_GROUP,0,True,full range of tools,0.0
2011-11-02,policy_statement_20111102,policy_statement,gradual,0,False,patient,0.3333333333333333
2011-11-02,policy_statement_20111102,policy_statement,measured,0,False,patient,0.0
2011-11-02,policy_statement_20111102,policy_statement,patient,0,False,patient,0.0
2011-11-02,policy_statement_20111102,policy_statement,patient_GROUP,0,True,patient,0.3333333333333333
2011-11-02,policy_statement_20111102,policy_statement,short-lived,0,False,transitory,0.0
2011-11-02,policy_statement_20111102,policy_statement,significant time,0,False,considerable time,0.0
2011-11-02,policy_statement_20111102,policy_statement,substantial period,0,False,considerable time,0.0
2011-11-02,policy_statement_20111102,policy_statement,supportive,0,False,accommodative,0.0
2011-11-02,policy_statement_20111102,policy_statement,temporary,1,False,transitory,0.6666666666666666
2011-11-02,policy_statement_20111102,policy_statement,transient,0,False,transitory,0.0
2011-11-02,policy_statement_20111102,policy_statement,transitory,0,False,transitory,0.0
2011-11-02,policy_statement_20111102,policy_statement,transitory_GROUP,1,True,transitory,0.6666666666666666
2011-12-13,policy_statement_20111213,policy_statement,accommodating,0,False,accommodative,0.0
2011-12-13,policy_statement_20111213,policy_statement,accommodative,0,False,accommodative,0.25
2011-12-13,policy_statement_20111213,policy_statement,accommodative_GROUP,0,True,accommodative,0.25
2011-12-13,policy_statement_20111213,policy_statement,all available tools,0,False,full range of tools,0.0
2011-12-13,policy_statement_20111213,policy_statement,complete toolkit,0,False,full range of tools,0.0
2011-12-13,policy_statement_20111213,policy_statement,considerable time,0,False,considerable time,0.0
2011-12-13,policy_statement_20111213,policy_statement,considerable time_GROUP,0,True,considerable time,0.5
2011-12-13,policy_statement_20111213,policy_statement,deliberate,0,False,patient,0.0
2011-12-13,policy_statement_20111213,policy_statement,easy,0,False,accommodative,0.0
2011-12-13,policy_statement_20111213,policy_statement,entire toolkit,0,False,full range of tools,0.0
2011-12-13,policy_statement_20111213,policy_statement,extended period,0,False,considerable time,0.5
2011-12-13,policy_statement_20111213,policy_statement,full range of tools,0,False,full range of tools,0.0
2011-12-13,policy_statement_20111213,policy_statement,full range of tools_GROUP,0,True,full range of tools,0.0
2011-12-13,policy_statement_20111213,policy_statement,gradual,0,False,patient,0.25
2011-12-13,policy_statement_20111213,policy_statement,measured,0,False,patient,0.0
2011-12-13,policy_statement_20111213,policy_statement,patient,0,False,patient,0.0
2011-12-13,policy_statement_20111213,policy_statement,patient_GROUP,0,True,patient,0.25
2011-12-13,policy_statement_20111213,policy_statement,short-lived,0,False,transitory,0.0
2011-12-13,policy_statement_20111213,policy_statement,significant time,0,False,considerable time,0.0
2011-12-13,policy_statement_20111213,policy_statement,substantial period,0,False,considerable time,0.0
2011-12-13,policy_statement_20111213,policy_statement,supportive,0,False,accommodative,0.0
2011-12-13,policy_statement_20111213,policy_statement,temporary,0,False,transitory,0.75
2011-12-13,policy_statement_20111213,policy_statement,transient,0,False,transitory,0.0
2011-12-13,policy_statement_20111213,policy_statement,transitory,0,False,transitory,0.0
2011-12-13,policy_statement_20111213,policy_statement,transitory_GROUP,0,True,transitory,0.75
2012-01-25,policy_statement_20120125,policy_statement,accommodating,0,False,accommodative,0.0
2012-01-25,policy_statement_20120125,policy_statement,accommodative,1,False,accommodative,0.25
2012-01-25,policy_statement_20120125,policy_statement,accommodative_GROUP,1,True,accommodative,0.25
2012-01-25,policy_statement_20120125,policy_statement,all available tools,0,False,full range of tools,0.0
2012-01-25,policy_statement_20120125,policy_statement,complete toolkit,0,False,full range of tools,0.0
2012-01-25,policy_statement_20120125,policy_statement,considerable time,0,False,considerable time,0.0
2012-01-25,policy_statement_20120125,policy_statement,considerable time_GROUP,0,True,considerable time,0.25
2012-01-25,policy_statement_20120125,policy_statement,deliberate,0,False,patient,0.0
2012-01-25,policy_statement_20120125,policy_statement,easy,0,False,accommodative,0.0
2012-01-25,policy_statement_20120125,policy_statement,entire toolkit,0,False,full range of tools,0.0
2012-01-25,policy_statement_20120125,policy_statement,extended period,0,False,considerable time,0.25
2012-01-25,policy_statement_20120125,policy_statement,full range of tools,0,False,full range of tools,0.0
2012-01-25,policy_statement_20120125,policy_statement,full range of tools_GROUP,0,True,full range of tools,0.0
2012-01-25,policy_statement_20120125,policy_statement,gradual,0,False,patient,0.0
2012-01-25,policy_statement_20120125,policy_statement,measured,0,False,patient,0.0
2012-01-25,policy_statement_20120125,policy_statement,patient,0,False,patient,0.0
2012-01-25,policy_statement_20120125,policy_statement,patient_GROUP,0,True,patient,0.0
2012-01-25,policy_statement_20120125,policy_statement,short-lived,0,False,transitory,0.0
2012-01-25,policy_statement_20120125,policy_statement,significant time,0,False,considerable time,0.0
2012-01-25,policy_statement_20120125,policy_statement,substantial period,0,False,considerable time,0.0
2012-01-25,policy_statement_20120125,policy_statement,supportive,0,False,accommodative,0.0
2012-01-25,policy_statement_20120125,policy_statement,temporary,0,False,transitory,0.5
2012-01-25,policy_statement_20120125,policy_statement,transient,0,False,transitory,0.0
2012-01-25,policy_statement_20120125,policy_statement,transitory,0,False,transitory,0.0
2012-01-25,policy_statement_20120125,policy_statement,transitory_GROUP,0,True,transitory,0.5
2012-03-13,policy_statement_20120313,policy_statement,accommodating,0,False,accommodative,0.0
2012-03-13,policy_statement_20120313,policy_statement,accommodative,1,False,accommodative,0.5
2012-03-13,policy_statement_20120313,policy_statement,accommodative_GROUP,1,True,accommodative,0.5
2012-03-13,policy_statement_20120313,policy_statement,all available tools,0,False,full range of tools,0.0
2012-03-13,policy_statement_20120313,policy_statement,complete toolkit,0,False,full range of tools,0.0
2012-03-13,policy_statement_20120313,policy_statement,considerable time,0,False,considerable time,0.0
2012-03-13,policy_statement_20120313,policy_statement,considerable time_GROUP,0,True,considerable time,0.0
2012-03-13,policy_statement_20120313,policy_statement,deliberate,0,False,patient,0.0
2012-03-13,policy_statement_20120313,policy_statement,easy,0,False,accommodative,0.0
2012-03-13,policy_statement_20120313,policy_statement,entire toolkit,0,False,full range of tools,0.0
2012-03-13,policy_statement_20120313,policy_statement,extended period,0,False,considerable time,0.0
2012-03-13,policy_statement_20120313,policy_statement,full range of tools,0,False,full range of tools,0.0
2012-03-13,policy_statement_20120313,policy_statement,full range of tools_GROUP,0,True,full range of tools,0.0
2012-03-13,policy_statement_20120313,policy_statement,gradual,0,False,patient,0.0
2012-03-13,policy_statement_20120313,policy_statement,measured,0,False,patient,0.0
2012-03-13,policy_statement_20120313,policy_statement,patient,0,False,patient,0.0
2012-03-13,policy_statement_20120313,policy_statement,patient_GROUP,0,True,patient,0.0
2012-03-13,policy_statement_20120313,policy_statement,short-lived,0,False,transitory,0.0
2012-03-13,policy_statement_20120313,policy_statement,significant time,0,False,considerable time,0.0
2012-03-13,policy_statement_20120313,policy_statement,substantial period,0,False,considerable time,0.0
2012-03-13,policy_statement_20120313,policy_statement,supportive,0,False,accommodative,0.0
2012-03-13,policy_statement_20120313,policy_statement,temporary,0,False,transitory,0.25
2012-03-13,policy_statement_20120313,policy_statement,transient,0,False,transitory,0.0
2012-03-13,policy_statement_20120313,policy_statement,transitory,0,False,transitory,0.0
2012-03-13,policy_statement_20120313,policy_statement,transitory_GROUP,0,True,transitory,0.25
2012-04-25,policy_statement_20120425,policy_statement,accommodating,0,False,accommodative,0.0
2012-04-25,policy_statement_20120425,policy_statement,accommodative,1,False,accommodative,0.5
2012-04-25,policy_statement_20120425,policy_statement,accommodative_GROUP,1,True,accommodative,0.5
2012-04-25,policy_statement_20120425,policy_statement,all available tools,0,False,full range of tools,0.0
2012-04-25,policy_statement_20120425,policy_statement,complete toolkit,0,False,full range of tools,0.0
2012-04-25,policy_statement_20120425,policy_statement,considerable time,0,False,considerable time,0.0
2012-04-25,policy_statement_20120425,policy_statement,considerable time_GROUP,0,True,considerable time,0.0
2012-04-25,policy_statement_20120425,policy_statement,deliberate,0,False,patient,0.0
2012-04-25,policy_statement_20120425,policy_statement,easy,0,False,accommodative,0.0
2012-04-25,policy_statement_20120425,policy_statement,entire toolkit,0,False,full range of tools,0.0
2012-04-25,policy_statement_20120425,policy_statement,extended period,0,False,considerable time,0.0
2012-04-25,policy_statement_20120425,policy_statement,full range of tools,0,False,full range of tools,0.0
2012-04-25,policy_statement_20120425,policy_statement,full range of tools_GROUP,0,True,full range of tools,0.0
2012-04-25,policy_statement_20120425,policy_statement,gradual,0,False,patient,0.0
2012-04-25,policy_statement_20120425,policy_statement,measured,0,False,patient,0.0
2012-04-25,policy_statement_20120425,policy_statement,patient,0,False,patient,0.0
2012-04-25,policy_statement_20120425,policy_statement,patient_GROUP,0,True,patient,0.0
2012-04-25,policy_statement_20120425,policy_statement,short-lived,0,False,transitory,0.0
2012-04-25,policy_statement_20120425,policy_statement,significant time,0,False,considerable time,0.0
2012-04-25,policy_statement_20120425,policy_statement,substantial period,0,False,considerable time,0.0
2012-04-25,policy_statement_20120425,policy_statement,supportive,0,False,accommodative,0.0
2012-04-25,policy_statement_20120425,policy_statement,temporary,0,False,transitory,0.25
2012-04-25,policy_statement_20120425,policy_statement,transient,0,False,transitory,0.0
2012-04-25,policy_statement_20120425,policy_statement,transitory,0,False,transitory,0.0
2012-04-25,policy_statement_20120425,policy_statement,transitory_GROUP,0,True,transitory,0.25
2012-06-20,policy_statement_20120620,policy_statement,accommodating,0,False,accommodative,0.0
2012-06-20,policy_statement_20120620,policy_statement,accommodative,2,False,accommodative,1.0
2012-06-20,policy_statement_20120620,policy_statement,accommodative_GROUP,2,True,accommodative,1.0
2012-06-20,policy_statement_20120620,policy_statement,all available tools,0,False,full range of tools,0.0
2012-06-20,policy_statement_20120620,policy_statement,complete toolkit,0,False,full range of tools,0.0
2012-06-20,policy_statement_20120620,policy_statement,considerable time,0,False,considerable time,0.0
2012-06-20,policy_statement_20120620,policy_statement,considerable time_GROUP,0,True,considerable time,0.0
2012-06-20,policy_statement_20120620,policy_statement,deliberate,0,False,patient,0.0
2012-06-20,policy_statement_20120620,policy_statement,easy,0,False,accommodative,0.0
2012-06-20,policy_statement_20120620,policy_statement,entire toolkit,0,False,full range of tools,0.0
2012-06-20,policy_statement_20120620,policy_statement,extended period,0,False,considerable time,0.0
2012-06-20,policy_statement_20120620,policy_statement,full range of tools,0,False,full range of tools,0.0
2012-06-20,policy_statement_20120620,policy_statement,full range of tools_GROUP,0,True,full range of tools,0.0
2012-06-20,policy_statement_20120620,policy_statement,gradual,0,False,patient,0.0
2012-06-20,policy_statement_20120620,policy_statement,measured,0,False,patient,0.0
2012-06-20,policy_statement_20120620,policy_statement,patient,0,False,patient,0.0
2012-06-20,policy_statement_20120620,policy_statement,patient_GROUP,0,True,patient,0.0
2012-06-20,policy_statement_20120620,policy_statement,short-lived,0,False,transitory,0.0
2012-06-20,policy_statement_20120620,policy_statement,significant time,0,False,considerable time,0.0
2012-06-20,policy_statement_20120620,policy_statement,substantial period,0,False,considerable time,0.0
2012-06-20,policy_statement_20120620,policy_statement,supportive,0,False,accommodative,0.0
2012-06-20,policy_statement_20120620,policy_statement,temporary,0,False,transitory,0.0
2012-06-20,policy_statement_20120620,policy_statement,transient,0,False,transitory,0.0
2012-06-20,policy_statement_20120620,policy_statement,transitory,0,False,transitory,0.0
2012-06-20,policy_statement_20120620,policy_statement,transitory_GROUP,0,True,transitory,0.0
2012-08-01,policy_statement_20120801,policy_statement,accommodating,0,False,accommodative,0.0
2012-08-01,policy_statement_20120801,policy_statement,accommodative,1,False,accommodative,1.3333333333333333
2012-08-01,policy_statement_20120801,policy_statement,accommodative_GROUP,1,True,accommodative,1.3333333333333333
2012-08-01,policy_statement_20120801,policy_statement,all available tools,0,False,full range of tools,0.0
2012-08-01,policy_statement_20120801,policy_statement,complete toolkit,0,False,full range of tools,0.0
2012-08-01,policy_statement_20120801,policy_statement,considerable time,0,False,considerable time,0.0
2012-08-01,policy_statement_20120801,policy_statement,considerable time_GROUP,0,True,considerable time,0.0
2012-08-01,policy_statement_20120801,policy_statement,deliberate,0,False,patient,0.0
2012-08-01,policy_statement_20120801,policy_statement,easy,0,False,accommodative,0.0
2012-08-01,policy_statement_20120801,policy_statement,entire toolkit,0,False,full range of tools,0.0
2012-08-01,policy_statement_20120801,policy_statement,extended period,0,False,considerable time,0.0
2012-08-01,policy_statement_20120801,policy_statement,full range of tools,0,False,full range of tools,0.0
2012-08-01,policy_statement_20120801,policy_statement,full range of tools_GROUP,0,True,full range of tools,0.0
2012-08-01,policy_statement_20120801,policy_statement,gradual,0,False,patient,0.0
2012-08-01,policy_statement_20120801,policy_statement,measured,0,False,patient,0.0
2012-08-01,policy_statement_20120801,policy_statement,patient,0,False,patient,0.0
2012-08-01,policy_statement_20120801,policy_statement,patient_GROUP,0,True,patient,0.0
2012-08-01,policy_statement_20120801,policy_statement,short-lived,0,False,transitory,0.0
2012-08-01,policy_statement_20120801,policy_statement,significant time,0,False,considerable time,0.0
2012-08-01,policy_statement_20120801,policy_statement,substantial period,0,False,considerable time,0.0
2012-08-01,policy_statement_20120801,policy_statement,supportive,0,False,accommodative,0.0
2012-08-01,policy_statement_20120801,policy_statement,temporary,0,False,transitory,0.0
2012-08-01,policy_statement_20120801,policy_statement,transient,0,False,transitory,0.0
2012-08-01,policy_statement_20120801,policy_statement,transitory,0,False,transitory,0.0
2012-08-01,policy_statement_20120801,policy_statement,transitory_GROUP,0,True,transitory,0.0
2012-09-13,policy_statement_20120913,policy_statement,accommodating,0,False,accommodative,0.0
2012-09-13,policy_statement_20120913,policy_statement,accommodative,2,False,accommodative,1.3333333333333333
2012-09-13,policy_statement_20120913,policy_statement,accommodative_GROUP,2,True,accommodative,1.3333333333333333
2012-09-13,policy_statement_20120913,policy_statement,all available tools,0,False,full range of tools,0.0
2012-09-13,policy_statement_20120913,policy_statement,complete toolkit,0,False,full range of tools,0.0
2012-09-13,policy_statement_20120913,policy_statement,considerable time,1,False,considerable time,0.0
2012-09-13,policy_statement_20120913,policy_statement,considerable time_GROUP,1,True,considerable time,0.0
2012-09-13,policy_statement_20120913,policy_statement,deliberate,0,False,patient,0.0
2012-09-13,policy_statement_20120913,policy_statement,easy,0,False,accommodative,0.0
2012-09-13,policy_statement_20120913,policy_statement,entire toolkit,0,False,full range of tools,0.0
2012-09-13,policy_statement_20120913,policy_statement,extended period,0,False,considerable time,0.0
2012-09-13,policy_statement_20120913,policy_statement,full range of tools,0,False,full range of tools,0.0
2012-09-13,policy_statement_20120913,policy_statement,full range of tools_GROUP,0,True,full range of tools,0.0
2012-09-13,policy_statement_20120913,policy_statement,gradual,0,False,patient,0.0
2012-09-13,policy_statement_20120913,policy_statement,measured,0,False,patient,0.0
2012-09-13,policy_statement_20120913,policy_statement,patient,0,False,patient,0.0
2012-09-13,policy_statement_20120913,policy_statement,patient_GROUP,0,True,patient,0.0
2012-09-13,policy_statement_20120913,policy_statement,short-lived,0,False,transitory,0.0
2012-09-13,policy_statement_20120913,policy_statement,significant time,0,False,considerable time,0.0
2012-09-13,policy_statement_20120913,policy_statement,substantial period,0,False,considerable time,0.0
2012-09-13,policy_statement_20120913,policy_statement,supportive,0,False,accommodative,0.0
2012-09-13,policy_statement_20120913,policy_statement,temporary,0,False,transitory,0.0
2012-09-13,policy_statement_20120913,policy_statement,transient,0,False,transitory,0.0
2012-09-13,policy_statement_20120913,policy_statement,transitory,0,False,transitory,0.0
2012-09-13,policy_statement_20120913,policy_statement,transitory_GROUP,0,True,transitory,0.0
2012-10-24,policy_statement_20121024,policy_statement,accommodating,0,False,accommodative,0.0
2012-10-24,policy_statement_20121024,policy_statement,accommodative,3,False,accommodative,1.6666666666666667
2012-10-24,policy_statement_20121024,policy_statement,accommodative_GROUP,3,True,accommodative,1.6666666666666667
2012-10-24,policy_statement_20121024,policy_statement,all available tools,0,False,full range of tools,0.0
2012-10-24,policy_statement_20121024,policy_statement,complete toolkit,0,False,full range of tools,0.0
2012-10-24,policy_statement_20121024,policy_statement,considerable time,1,False,considerable time,0.3333333333333333
2012-10-24,policy_statement_20121024,policy_statement,considerable time_GROUP,1,True,considerable time,0.3333333333333333
2012-10-24,policy_statement_20121024,policy_statement,deliberate,0,False,patient,0.0
2012-10-24,policy_statement_20121024,policy_statement,easy,0,False,accommodative,0.0
2012-10-24,policy_statement_20121024,policy_statement,entire toolkit,0,False,full range of tools,0.0
2012-10-24,policy_statement_20121024,policy_statement,extended period,0,False,considerable time,0.0
2012-10-24,policy_statement_20121024,policy_statement,full range of tools,0,False,full range of tools,0.0
2012-10-24,policy_statement_20121024,policy_statement,full range of tools_GROUP,0,True,full range of tools,0.0
2012-10-24,policy_statement_20121024,policy_statement,gradual,0,False,patient,0.0
2012-10-24,policy_statement_20121024,policy_statement,measured,0,False,patient,0.0
2012-10-24,policy_statement_20121024,policy_statement,patient,0,False,patient,0.0
2012-10-24,policy_statement_20121024,policy_statement,patient_GROUP,0,True,patient,0.0
2012-10-24,policy_statement_20121024,policy_statement,short-lived,0,False,transitory,0.0
2012-10-24,policy_statement_20121024,policy_statement,significant time,0,False,considerable time,0.0
2012-10-24,policy_statement_20121024,policy_statement,substantial period,0,False,considerable time,0.0
2012-10-24,policy_statement_20121024,policy_statement,supportive,0,False,accommodative,0.0
2012-10-24,policy_statement_20121024,policy_statement,temporary,0,False,transitory,0.0
2012-10-24,policy_statement_20121024,policy_statement,transient,0,False,transitory,0.0
2012-10-24,policy_statement_20121024,policy_statement,transitory,0,False,transitory,0.0
2012-10-24,policy_statement_20121024,policy_statement,transitory_GROUP,0,True,transitory,0.0
2012-12-12,policy_statement_20121212,policy_statement,accommodating,0,False,accommodative,0.0
2012-12-12,policy_statement_20121212,policy_statement,accommodative,3,False,accommodative,2.0
2012-12-12,policy_statement_20121212,policy_statement,accommodative_GROUP,3,True,accommodative,2.0
2012-12-12,policy_statement_20121212,policy_statement,all available tools,0,False,full range of tools,0.0
2012-12-12,policy_statement_20121212,policy_statement,complete toolkit,0,False,full range of tools,0.0
2012-12-12,policy_statement_20121212,policy_statement,considerable time,1,False,considerable time,0.5
2012-12-12,policy_statement_20121212,policy_statement,considerable time_GROUP,1,True,considerable time,0.5
2012-12-12,policy_statement_20121212,policy_statement,deliberate,0,False,patient,0.0
2012-12-12,policy_statement_20121212,policy_statement,easy,0,False,accommodative,0.0
2012-12-12,policy_statement_20121212,policy_statement,entire toolkit,0,False,full range of tools,0.0
2012-12-12,policy_statement_20121212,policy_statement,extended period,0,False,considerable time,0.0
2012-12-12,policy_statement_20121212,policy_statement,full range of tools,0,False,full range of tools,0.0
2012-12-12,policy_statement_20121212,policy_statement,full range of tools_GROUP,0,True,full range of tools,0.0
2012-12-12,policy_statement_20121212,policy_statement,gradual,0,False,patient,0.0
2012-12-12,policy_statement_20121212,policy_statement,measured,0,False,patient,0.0
2012-12-12,policy_statement_20121212,policy_statement,patient,0,False,patient,0.0
2012-12-12,policy_statement_20121212,policy_statement,patient_GROUP,0,True,patient,0.0
2012-12-12,policy_statement_20121212,policy_statement,short-lived,0,False,transitory,0.0
2012-12-12,policy_statement_20121212,policy_statement,significant time,0,False,considerable time,0.0
2012-12-12,policy_statement_20121212,policy_statement,substantial period,0,False,considerable time,0.0
2012-12-12,policy_statement_20121212,policy_statement,supportive,0,False,accommodative,0.0
2012-12-12,policy_statement_20121212,policy_statement,temporary,1,False,transitory,0.0
2012-12-12,policy_statement_20121212,policy_statement,transient,0,False,transitory,0.0
2012-12-12,policy_statement_20121212,policy_statement,transitory,0,False,transitory,0.0
2012-12-12,policy_statement_20121212,policy_statement,transitory_GROUP,1,True,transitory,0.0
2013-01-30,policy_statement_20130130,policy_statement,accommodating,0,False,accommodative,0.0
2013-01-30,policy_statement_20130130,policy_statement,accommodative,3,False,accommodative,2.6666666666666665
2013-01-30,policy_statement_20130130,policy_statement,accommodative_GROUP,3,True,accommodative,2.6666666666666665
2013-01-30,policy_statement_20130130,policy_statement,all available tools,0,False,full range of tools,0.0
2013-01-30,policy_statement_20130130,policy_statement,complete toolkit,0,False,full range of tools,0.0
2013-01-30,policy_statement_20130130,policy_statement,considerable time,1,False,considerable time,1.0
2013-01-30,policy_statement_20130130,policy_statement,considerable time_GROUP,1,True,considerable time,1.0
2013-01-30,policy_statement_20130130,policy_statement,deliberate,0,False,patient,0.0
2013-01-30,policy_statement_20130130,policy_statement,easy,0,False,accommodative,0.0
2013-01-30,policy_statement_20130130,policy_statement,entire toolkit,0,False,full range of tools,0.0
2013-01-30,policy_statement_20130130,policy_statement,extended period,0,False,considerable time,0.0
2013-01-30,policy_statement_20130130,policy_statement,full range of tools,0,False,full range of tools,0.0
2013-01-30,policy_statement_20130130,policy_statement,full range of tools_GROUP,0,True,full range of tools,0.0
2013-01-30,policy_statement_20130130,policy_statement,gradual,0,False,patient,0.0
2013-01-30,policy_statement_20130130,policy_statement,measured,0,False,patient,0.0
2013-01-30,policy_statement_20130130,policy_statement,patient,0,False,patient,0.0
2013-01-30,policy_statement_20130130,policy_statement,patient_GROUP,0,True,patient,0.0
2013-01-30,policy_statement_20130130,policy_statement,short-lived,0,False,transitory,0.0
2013-01-30,policy_statement_20130130,policy_statement,significant time,0,False,considerable time,0.0
2013-01-30,policy_statement_20130130,policy_statement,substantial period,0,False,considerable time,0.0
2013-01-30,policy_statement_20130130,policy_statement,supportive,0,False,accommodative,0.0
2013-01-30,policy_statement_20130130,policy_statement,temporary,1,False,transitory,0.3333333333333333
2013-01-30,policy_statement_20130130,policy_statement,transient,0,False,transitory,0.0
2013-01-30,policy_statement_20130130,policy_statement,transitory,1,False,transitory,0.0
2013-01-30,policy_statement_20130130,policy_statement,transitory_GROUP,2,True,transitory,0.3333333333333333
2013-03-20,policy_statement_20130320,policy_statement,accommodating,0,False,accommodative,0.0
2013-03-20,policy_statement_20130320,policy_statement,accommodative,3,False,accommodative,3.0
2013-03-20,policy_statement_20130320,policy_statement,accommodative_GROUP,3,True,accommodative,3.0
2013-03-20,policy_statement_20130320,policy_statement,all available tools,0,False,full range of tools,0.0
2013-03-20,policy_statement_20130320,policy_statement,complete toolkit,0,False,full range of tools,0.0
2013-03-20,policy_statement_20130320,policy_statement,considerable time,1,False,considerable time,1.0
2013-03-20,policy_statement_20130320,policy_statement,considerable time_GROUP,1,True,considerable time,1.0
2013-03-20,policy_statement_20130320,policy_statement,deliberate,0,False,patient,0.0
2013-03-20,policy_statement_20130320,policy_statement,easy,0,False,accommodative,0.0
2013-03-20,policy_statement_20130320,policy_statement,entire toolkit,0,False,full range of tools,0.0
2013-03-20,policy_statement_20130320,policy_statement,extended period,0,False,considerable time,0.0
2013-03-20,policy_statement_20130320,policy_statement,full range of tools,0,False,full range of tools,0.0
2013-03-20,policy_statement_20130320,policy_statement,full range of tools_GROUP,0,True,full range of tools,0.0
2013-03-20,policy_statement_20130320,policy_statement,gradual,0,False,patient,0.0
2013-03-20,policy_statement_20130320,policy_statement,measured,0,False,patient,0.0
2013-03-20,policy_statement_20130320,policy_statement,patient,0,False,patient,0.0
2013-03-20,policy_statement_20130320,policy_statement,patient_GROUP,0,True,patient,0.0
2013-03-20,policy_statement_20130320,policy_statement,short-lived,0,False,transitory,0.0
2013-03-20,policy_statement_20130320,policy_statement,significant time,0,False,considerable time,0.0
2013-03-20,policy_statement_20130320,policy_statement,substantial period,0,False,considerable time,0.0
2013-03-20,policy_statement_20130320,policy_statement,supportive,0,False,accommodative,0.0
2013-03-20,policy_statement_20130320,policy_statement,temporary,1,False,transitory,0.6666666666666666
2013-03-20,policy_statement_20130320,policy_statement,transient,0,False,transitory,0.0
2013-03-20,policy_statement_20130320,policy_statement,transitory,0,False,transitory,0.3333333333333333
2013-03-20,policy_statement_20130320,policy_statement,transitory_GROUP,1,True,transitory,1.0
2013-05-01,policy_statement_20130501,policy_statement,accommodating,0,False,accommodative,0.0
2013-05-01,policy_statement_20130501,policy_statement,accommodative,3,False,accommodative,3.0
2013-05-01,policy_statement_20130501,policy_statement,accommodative_GROUP,3,True,accommodative,3.0
2013-05-01,policy_statement_20130501,policy_statement,all available tools,0,False,full range of tools,0.0
2013-05-01,policy_statement_20130501,policy_statement,complete toolkit,0,False,full range of tools,0.0
2013-05-01,policy_statement_20130501,policy_statement,considerable time,1,False,considerable time,1.0
2013-05-01,policy_statement_20130501,policy_statement,considerable time_GROUP,1,True,considerable time,1.0
2013-05-01,policy_statement_20130501,policy_statement,deliberate,0,False,patient,0.0
2013-05-01,policy_statement_20130501,policy_statement,easy,0,False,accommodative,0.0
2013-05-01,policy_statement_20130501,policy_statement,entire toolkit,0,False,full range of tools,0.0
2013-05-01,policy_statement_20130501,policy_statement,extended period,0,False,considerable time,0.0
2013-05-01,policy_statement_20130501,policy_statement,full range of tools,0,False,full range of tools,0.0
2013-05-01,policy_statement_20130501,policy_statement,full range of tools_GROUP,0,True,full range of tools,0.0
2013-05-01,policy_statement_20130501,policy_statement,gradual,0,False,patient,0.0
2013-05-01,policy_statement_20130501,policy_statement,measured,0,False,patient,0.0
2013-05-01,policy_statement_20130501,policy_statement,patient,0,False,patient,0.0
2013-05-01,policy_statement_20130501,policy_statement,patient_GROUP,0,True,patient,0.0
2013-05-01,policy_statement_20130501,policy_statement,short-lived,0,False,transitory,0.0
2013-05-01,policy_statement_20130501,policy_statement,significant time,0,False,considerable time,0.0
2013-05-01,policy_statement_20130501,policy_statement,substantial period,0,False,considerable time,0.0
2013-05-01,policy_statement_20130501,policy_statement,supportive,0,False,accommodative,0.0
2013-05-01,policy_statement_20130501,policy_statement,temporary,1,False,transitory,1.0
2013-05-01,policy_statement_20130501,policy_statement,transient,0,False,transitory,0.0
2013-05-01,policy_statement_20130501,policy_statement,transitory,0,False,transitory,0.3333333333333333
2013-05-01,policy_statement_20130501,policy_statement,transitory_GROUP,1,True,transitory,1.3333333333333333
2013-06-19,press_transcript_20130619.pdf,policy_statement,accommodating,0,False,accommodative,0.0
2013-06-19,policy_statement_20130619,policy_statement,accommodating,0,False,accommodative,0.0
2013-06-19,press_transcript_20130619.pdf,policy_statement,accommodative,3,False,accommodative,3.0
2013-06-19,policy_statement_20130619,policy_statement,accommodative,3,False,accommodative,3.0
2013-06-19,press_transcript_20130619.pdf,policy_statement,accommodative_GROUP,6,True,accommodative,3.0
2013-06-19,policy_statement_20130619,policy_statement,accommodative_GROUP,3,True,accommodative,3.0
2013-06-19,press_transcript_20130619.pdf,policy_statement,all available tools,0,False,full range of tools,0.0
2013-06-19,policy_statement_20130619,policy_statement,all available tools,0,False,full range of tools,0.0
2013-06-19,press_transcript_20130619.pdf,policy_statement,complete toolkit,0,False,full range of tools,0.0
2013-06-19,policy_statement_20130619,policy_statement,complete toolkit,0,False,full range of tools,0.0
2013-06-19,press_transcript_20130619.pdf,policy_statement,considerable time,1,False,considerable time,1.0
2013-06-19,policy_statement_20130619,policy_statement,considerable time,1,False,considerable time,1.0
2013-06-19,press_transcript_20130619.pdf,policy_statement,considerable time_GROUP,1,True,considerable time,1.0
2013-06-19,policy_statement_20130619,policy_statement,considerable time_GROUP,1,True,considerable time,1.0
2013-06-19,press_transcript_20130619.pdf,policy_statement,deliberate,0,False,patient,0.0
2013-06-19,policy_statement_20130619,policy_statement,deliberate,0,False,patient,0.0
2013-06-19,press_transcript_20130619.pdf,policy_statement,easy,1,False,accommodative,0.0
2013-06-19,policy_statement_20130619,policy_statement,easy,0,False,accommodative,0.0
2013-06-19,press_transcript_20130619.pdf,policy_statement,entire toolkit,0,False,full range of tools,0.0
2013-06-19,policy_statement_20130619,policy_statement,entire toolkit,0,False,full range of tools,0.0
2013-06-19,press_transcript_20130619.pdf,policy_statement,extended period,0,False,considerable time,0.0
2013-06-19,policy_statement_20130619,policy_statement,extended period,0,False,considerable time,0.0
2013-06-19,press_transcript_20130619.pdf,policy_statement,full range of tools,0,False,full range of tools,0.0
2013-06-19,policy_statement_20130619,policy_statement,full range of tools,0,False,full range of tools,0.0
2013-06-19,press_transcript_20130619.pdf,policy_statement,full range of tools_GROUP,0,True,full range of tools,0.0
2013-06-19,policy_statement_20130619,policy_statement,full range of tools_GROUP,0,True,full range of tools,0.0
2013-06-19,press_transcript_20130619.pdf,policy_statement,gradual,4,False,patient,0.0
2013-06-19,policy_statement_20130619,policy_statement,gradual,0,False,patient,0.0
2013-06-19,press_transcript_20130619.pdf,policy_statement,measured,1,False,patient,0.0
2013-06-19,policy_statement_20130619,policy_statement,measured,0,False,patient,0.0
2013-06-19,press_transcript_20130619.pdf,policy_statement,patient,1,False,patient,0.0
2013-06-19,policy_statement_20130619,policy_statement,patient,0,False,patient,0.0
2013-06-19,press_transcript_20130619.pdf,policy_statement,patient_GROUP,6,True,patient,0.0
2013-06-19,policy_statement_20130619,policy_statement,patient_GROUP,0,True,patient,0.0
2013-06-19,press_transcript_20130619.pdf,policy_statement,short-lived,0,False,transitory,0.0
2013-06-19,policy_statement_20130619,policy_statement,short-lived,0,False,transitory,0.0
2013-06-19,press_transcript_20130619.pdf,policy_statement,significant time,0,False,considerable time,0.0
2013-06-19,policy_statement_20130619,policy_statement,significant time,0,False,considerable time,0.0
2013-06-19,press_transcript_20130619.pdf,policy_statement,substantial period,0,False,considerable time,0.0
2013-06-19,policy_statement_20130619,policy_statement,substantial period,0,False,considerable time,0.0
2013-06-19,press_transcript_20130619.pdf,policy_statement,supportive,2,False,accommodative,0.0
2013-06-19,policy_statement_20130619,policy_statement,supportive,0,False,accommodative,0.0
2013-06-19,press_transcript_20130619.pdf,policy_statement,temporary,2,False,transitory,1.0
2013-06-19,policy_statement_20130619,policy_statement,temporary,0,False,transitory,1.0
2013-06-19,policy_statement_20130619,policy_statement,transient,0,False,transitory,0.0
2013-06-19,press_transcript_20130619.pdf,policy_statement,transient,0,False,transitory,0.0
2013-06-19,press_transcript_20130619.pdf,policy_statement,transitory,2,False,transitory,0.3333333333333333
2013-06-19,policy_statement_20130619,policy_statement,transitory,1,False,transitory,0.3333333333333333
2013-06-19,press_transcript_20130619.pdf,policy_statement,transitory_GROUP,4,True,transitory,1.3333333333333333
2013-06-19,policy_statement_20130619,policy_statement,transitory_GROUP,1,True,transitory,1.3333333333333333
2013-07-31,policy_statement_20130731,policy_statement,accommodating,0,False,accommodative,0.0
2013-07-31,policy_statement_20130731,policy_statement,accommodative,3,False,accommodative,3.0
2013-07-31,policy_statement_20130731,policy_statement,accommodative_GROUP,3,True,accommodative,3.75
2013-07-31,policy_statement_20130731,policy_statement,all available tools,0,False,full range of tools,0.0
2013-07-31,policy_statement_20130731,policy_statement,complete toolkit,0,False,full range of tools,0.0
2013-07-31,policy_statement_20130731,policy_statement,considerable time,1,False,considerable time,1.0
2013-07-31,policy_statement_20130731,policy_statement,considerable time_GROUP,1,True,considerable time,1.0
2013-07-31,policy_statement_20130731,policy_statement,deliberate,0,False,patient,0.0
2013-07-31,policy_statement_20130731,policy_statement,easy,0,False,accommodative,0.25
2013-07-31,policy_statement_20130731,policy_statement,entire toolkit,0,False,full range of tools,0.0
2013-07-31,policy_statement_20130731,policy_statement,extended period,0,False,considerable time,0.0
2013-07-31,policy_statement_20130731,policy_statement,full range of tools,0,False,full range of tools,0.0
2013-07-31,policy_statement_20130731,policy_statement,full range of tools_GROUP,0,True,full range of tools,0.0
2013-07-31,policy_statement_20130731,policy_statement,gradual,0,False,patient,1.0
2013-07-31,policy_statement_20130731,policy_statement,measured,0,False,patient,0.25
2013-07-31,policy_statement_20130731,policy_statement,patient,0,False,patient,0.25
2013-07-31,policy_statement_20130731,policy_statement,patient_GROUP,0,True,patient,1.5
2013-07-31,policy_statement_20130731,policy_statement,short-lived,0,False,transitory,0.0
2013-07-31,policy_statement_20130731,policy_statement,significant time,0,False,considerable time,0.0
2013-07-31,policy_statement_20130731,policy_statement,substantial period,0,False,considerable time,0.0
2013-07-31,policy_statement_20130731,policy_statement,supportive,0,False,accommodative,0.5
2013-07-31,policy_statement_20130731,policy_statement,temporary,0,False,transitory,1.0
2013-07-31,policy_statement_20130731,policy_statement,transient,0,False,transitory,0.0
2013-07-31,policy_statement_20130731,policy_statement,transitory,1,False,transitory,0.75
2013-07-31,policy_statement_20130731,policy_statement,transitory_GROUP,1,True,transitory,1.75
2013-09-18,policy_statement_20130918.html,policy_statement,accommodating,0,False,accommodative,0.0
2013-09-18,policy_statement_20130918,policy_statement,accommodating,0,False,accommodative,0.0
2013-09-18,policy_statement_20130918.html,policy_statement,accommodative,3,False,accommodative,3.0
2013-09-18,policy_statement_20130918,policy_statement,accommodative,3,False,accommodative,3.0
2013-09-18,policy_statement_20130918,policy_statement,accommodative_GROUP,3,True,accommodative,3.75
2013-09-18,policy_statement_20130918.html,policy_statement,accommodative_GROUP,3,True,accommodative,3.75
2013-09-18,policy_statement_20130918,policy_statement,all available tools,0,False,full range of tools,0.0
2013-09-18,policy_statement_20130918.html,policy_statement,all available tools,0,False,full range of tools,0.0
2013-09-18,policy_statement_20130918,policy_statement,complete toolkit,0,False,full range of tools,0.0
2013-09-18,policy_statement_20130918.html,policy_statement,complete toolkit,0,False,full range of tools,0.0
2013-09-18,policy_statement_20130918,policy_statement,considerable time,1,False,considerable time,1.0
2013-09-18,policy_statement_20130918.html,policy_statement,considerable time,1,False,considerable time,1.0
2013-09-18,policy_statement_20130918,policy_statement,considerable time_GROUP,1,True,considerable time,1.0
2013-09-18,policy_statement_20130918.html,policy_statement,considerable time_GROUP,1,True,considerable time,1.0
2013-09-18,policy_statement_20130918,policy_statement,deliberate,0,False,patient,0.0
2013-09-18,policy_statement_20130918.html,policy_statement,deliberate,0,False,patient,0.0
2013-09-18,policy_statement_20130918.html,policy_statement,easy,0,False,accommodative,0.25
2013-09-18,policy_statement_20130918,policy_statement,easy,0,False,accommodative,0.25
2013-09-18,policy_statement_20130918,policy_statement,entire toolkit,0,False,full range of tools,0.0
2013-09-18,policy_statement_20130918.html,policy_statement,entire toolkit,0,False,full range of tools,0.0
2013-09-18,policy_statement_20130918,policy_statement,extended period,0,False,considerable time,0.0
2013-09-18,policy_statement_20130918.html,policy_statement,extended period,0,False,considerable time,0.0
2013-09-18,policy_statement_20130918,policy_statement,full range of tools,0,False,full range of tools,0.0
2013-09-18,policy_statement_20130918.html,policy_statement,full range of tools,0,False,full range of tools,0.0
2013-09-18,policy_statement_20130918,policy_statement,full range of tools_GROUP,0,True,full range of tools,0.0
2013-09-18,policy_statement_20130918.html,policy_statement,full range of tools_GROUP,0,True,full range of tools,0.0
2013-09-18,policy_statement_20130918,policy_statement,gradual,0,False,patient,1.0
2013-09-18,policy_statement_20130918.html,policy_statement,gradual,0,False,patient,1.0
2013-09-18,policy_statement_20130918.html,policy_statement,measured,0,False,patient,0.25
2013-09-18,policy_statement_20130918,policy_statement,measured,0,False,patient,0.25
2013-09-18,policy_statement_20130918.html,policy_statement,patient,0,False,patient,0.25
2013-09-18,policy_statement_20130918,policy_statement,patient,0,False,patient,0.25
2013-09-18,policy_statement_20130918,policy_statement,patient_GROUP,0,True,patient,1.5
2013-09-18,policy_statement_20130918.html,policy_statement,patient_GROUP,0,True,patient,1.5
2013-09-18,policy_statement_20130918.html,policy_statement,short-lived,0,False,transitory,0.0
2013-09-18,policy_statement_20130918,policy_statement,short-lived,0,False,transitory,0.0
2013-09-18,policy_statement_20130918,policy_statement,significant time,0,False,considerable time,0.0
2013-09-18,policy_statement_20130918.html,policy_statement,significant time,0,False,considerable time,0.0
2013-09-18,policy_statement_20130918,policy_statement,substantial period,0,False,considerable time,0.0
2013-09-18,policy_statement_20130918.html,policy_statement,substantial period,0,False,considerable time,0.0
2013-09-18,policy_statement_20130918.html,policy_statement,supportive,0,False,accommodative,0.5
2013-09-18,policy_statement_20130918,policy_statement,supportive,0,False,accommodative,0.5
2013-09-18,policy_statement_20130918.html,policy_statement,temporary,0,False,transitory,0.75
2013-09-18,policy_statement_20130918,policy_statement,temporary,0,False,transitory,0.75
2013-09-18,policy_statement_20130918.html,policy_statement,transient,0,False,transitory,0.0
2013-09-18,policy_statement_20130918,policy_statement,transient,0,False,transitory,0.0
2013-09-18,policy_statement_20130918.html,policy_statement,transitory,0,False,transitory,1.0
2013-09-18,policy_statement_20130918,policy_statement,transitory,0,False,transitory,1.0
2013-09-18,policy_statement_20130918,policy_statement,transitory_GROUP,0,True,transitory,1.75
2013-09-18,policy_statement_20130918.html,policy_statement,transitory_GROUP,0,True,transitory,1.75
2013-10-30,policy_statement_20131030,policy_statement,accommodating,0,False,accommodative,0.0
2013-10-30,policy_statement_20131030,policy_statement,accommodative,3,False,accommodative,3.0
2013-10-30,policy_statement_20131030,policy_statement,accommodative_GROUP,3,True,accommodative,3.6
2013-10-30,policy_statement_20131030,policy_statement,all available tools,0,False,full range of tools,0.0
2013-10-30,policy_statement_20131030,policy_statement,complete toolkit,0,False,full range of tools,0.0
2013-10-30,policy_statement_20131030,policy_statement,considerable time,1,False,considerable time,1.0
2013-10-30,policy_statement_20131030,policy_statement,considerable time_GROUP,1,True,considerable time,1.0
2013-10-30,policy_statement_20131030,policy_statement,deliberate,0,False,patient,0.0
2013-10-30,policy_statement_20131030,policy_statement,easy,0,False,accommodative,0.2
2013-10-30,policy_statement_20131030,policy_statement,entire toolkit,0,False,full range of tools,0.0
2013-10-30,policy_statement_20131030,policy_statement,extended period,0,False,considerable time,0.0
2013-10-30,policy_statement_20131030,policy_statement,full range of tools,0,False,full range of tools,0.0
2013-10-30,policy_statement_20131030,policy_statement,full range of tools_GROUP,0,True,full range of tools,0.0
2013-10-30,policy_statement_20131030,policy_statement,gradual,0,False,patient,0.8
2013-10-30,policy_statement_20131030,policy_statement,measured,0,False,patient,0.2
2013-10-30,policy_statement_20131030,policy_statement,patient,0,False,patient,0.2
2013-10-30,policy_statement_20131030,policy_statement,patient_GROUP,0,True,patient,1.2
2013-10-30,policy_statement_20131030,policy_statement,short-lived,0,False,transitory,0.0
2013-10-30,policy_statement_20131030,policy_statement,significant time,0,False,considerable time,0.0
2013-10-30,policy_statement_20131030,policy_statement,substantial period,0,False,considerable time,0.0
2013-10-30,policy_statement_20131030,policy_statement,supportive,0,False,accommodative,0.4
2013-10-30,policy_statement_20131030,policy_statement,temporary,0,False,transitory,0.4
2013-10-30,policy_statement_20131030,policy_statement,transient,0,False,transitory,0.0
2013-10-30,policy_statement_20131030,policy_statement,transitory,0,False,transitory,0.8
2013-10-30,policy_statement_20131030,policy_statement,transitory_GROUP,0,True,transitory,1.2
2013-12-18,fomc_minutes_20131218,fomc_minutes,accommodating,0,False,accommodative,0.0
2013-12-18,policy_statement_20131218,policy_statement,accommodating,0,False,accommodative,0.0
2013-12-18,fomc_minutes_20131218.html,fomc_minutes,accommodating,0,False,accommodative,0.0
2013-12-18,fomc_minutes_20131218,fomc_minutes,accommodative,10,False,accommodative,3.0
2013-12-18,policy_statement_20131218,policy_statement,accommodative,3,False,accommodative,3.0
2013-12-18,fomc_minutes_20131218.html,fomc_minutes,accommodative,10,False,accommodative,3.0
2013-12-18,fomc_minutes_20131218,fomc_minutes,accommodative_GROUP,10,True,accommodative,3.0
2013-12-18,policy_statement_20131218,policy_statement,accommodative_GROUP,3,True,accommodative,3.0
2013-12-18,fomc_minutes_20131218.html,fomc_minutes,accommodative_GROUP,10,True,accommodative,3.0
2013-12-18,fomc_minutes_20131218,fomc_minutes,all available tools,0,False,full range of tools,0.0
2013-12-18,policy_statement_20131218,policy_statement,all available tools,0,False,full range of tools,0.0
2013-12-18,fomc_minutes_20131218.html,fomc_minutes,all available tools,0,False,full range of tools,0.0
2013-12-18,fomc_minutes_20131218,fomc_minutes,complete toolkit,0,False,full range of tools,0.0
2013-12-18,policy_statement_20131218,policy_statement,complete toolkit,0,False,full range of tools,0.0
2013-12-18,fomc_minutes_20131218.html,fomc_minutes,complete toolkit,0,False,full range of tools,0.0
2013-12-18,fomc_minutes_20131218,fomc_minutes,considerable time,1,False,considerable time,1.0
2013-12-18,policy_statement_20131218,policy_statement,considerable time,1,False,considerable time,1.0
2013-12-18,fomc_minutes_20131218.html,fomc_minutes,considerable time,1,False,considerable time,1.0
2013-12-18,fomc_minutes_20131218,fomc_minutes,considerable time_GROUP,2,True,considerable time,1.0
2013-12-18,policy_statement_20131218,policy_statement,considerable time_GROUP,1,True,considerable time,1.0
2013-12-18,fomc_minutes_20131218.html,fomc_minutes,considerable time_GROUP,2,True,considerable time,1.0
2013-12-18,fomc_minutes_20131218,fomc_minutes,deliberate,0,False,patient,0.0
2013-12-18,policy_statement_20131218,policy_statement,deliberate,0,False,patient,0.0
2013-12-18,fomc_minutes_20131218.html,fomc_minutes,deliberate,0,False,patient,0.0
2013-12-18,fomc_minutes_20131218,fomc_minutes,easy,0,False,accommodative,0.0
2013-12-18,policy_statement_20131218,policy_statement,easy,0,False,accommodative,0.0
2013-12-18,fomc_minutes_20131218.html,fomc_minutes,easy,0,False,accommodative,0.0
2013-12-18,fomc_minutes_20131218,fomc_minutes,entire toolkit,0,False,full range of tools,0.0
2013-12-18,policy_statement_20131218,policy_statement,entire toolkit,0,False,full range of tools,0.0
2013-12-18,fomc_minutes_20131218.html,fomc_minutes,entire toolkit,0,False,full range of tools,0.0
2013-12-18,fomc_minutes_20131218,fomc_minutes,extended period,1,False,considerable time,0.0
2013-12-18,policy_statement_20131218,policy_statement,extended period,0,False,considerable time,0.0
2013-12-18,fomc_minutes_20131218.html,fomc_minutes,extended period,1,False,considerable time,0.0
2013-12-18,fomc_minutes_20131218,fomc_minutes,full range of tools,0,False,full range of tools,0.0
2013-12-18,policy_statement_20131218,policy_statement,full range of tools,0,False,full range of tools,0.0
2013-12-18,fomc_minutes_20131218.html,fomc_minutes,full range of tools,0,False,full range of tools,0.0
2013-12-18,fomc_minutes_20131218,fomc_minutes,full range of tools_GROUP,0,True,full range of tools,0.0
2013-12-18,fomc_minutes_20131218.html,fomc_minutes,full range of tools_GROUP,0,True,full range of tools,0.0
2013-12-18,policy_statement_20131218,policy_statement,full range of tools_GROUP,0,True,full range of tools,0.0
2013-12-18,fomc_minutes_20131218,fomc_minutes,gradual,0,False,patient,0.0
2013-12-18,policy_statement_20131218,policy_statement,gradual,0,False,patient,0.0
2013-12-18,fomc_minutes_20131218.html,fomc_minutes,gradual,0,False,patient,0.0
2013-12-18,fomc_minutes_20131218,fomc_minutes,measured,4,False,patient,0.0
2013-12-18,policy_statement_20131218,policy_statement,measured,1,False,patient,0.0
2013-12-18,fomc_minutes_20131218.html,fomc_minutes,measured,4,False,patient,0.0
2013-12-18,fomc_minutes_20131218,fomc_minutes,patient,0,False,patient,0.0
2013-12-18,policy_statement_20131218,policy_statement,patient,0,False,patient,0.0
2013-12-18,fomc_minutes_20131218.html,fomc_minutes,patient,0,False,patient,0.0
2013-12-18,fomc_minutes_20131218,fomc_minutes,patient_GROUP,4,True,patient,0.0
2013-12-18,policy_statement_20131218,policy_statement,patient_GROUP,1,True,patient,0.0
2013-12-18,fomc_minutes_20131218.html,fomc_minutes,patient_GROUP,4,True,patient,0.0
2013-12-18,fomc_minutes_20131218,fomc_minutes,short-lived,0,False,transitory,0.0
2013-12-18,policy_statement_20131218,policy_statement,short-lived,0,False,transitory,0.0
2013-12-18,fomc_minutes_20131218.html,fomc_minutes,short-lived,0,False,transitory,0.0
2013-12-18,fomc_minutes_20131218,fomc_minutes,significant time,0,False,considerable time,0.0
2013-12-18,policy_statement_20131218,policy_statement,significant time,0,False,considerable time,0.0
2013-12-18,fomc_minutes_20131218.html,fomc_minutes,significant time,0,False,considerable time,0.0
2013-12-18,fomc_minutes_20131218,fomc_minutes,substantial period,0,False,considerable time,0.0
2013-12-18,policy_statement_20131218,policy_statement,substantial period,0,False,considerable time,0.0
2013-12-18,fomc_minutes_20131218.html,fomc_minutes,substantial period,0,False,considerable time,0.0
2013-12-18,fomc_minutes_20131218,fomc_minutes,supportive,0,False,accommodative,0.0
2013-12-18,policy_statement_20131218,policy_statement,supportive,0,False,accommodative,0.0
2013-12-18,fomc_minutes_20131218.html,fomc_minutes,supportive,0,False,accommodative,0.0
2013-12-18,fomc_minutes_20131218,fomc_minutes,temporary,1,False,transitory,0.0
2013-12-18,policy_statement_20131218,policy_statement,temporary,0,False,transitory,0.0
2013-12-18,fomc_minutes_20131218.html,fomc_minutes,temporary,1,False,transitory,0.0
2013-12-18,fomc_minutes_20131218,fomc_minutes,transient,0,False,transitory,0.0
2013-12-18,fomc_minutes_20131218.html,fomc_minutes,transient,0,False,transitory,0.0
2013-12-18,policy_statement_20131218,policy_statement,transient,0,False,transitory,0.0
2013-12-18,policy_statement_20131218,policy_statement,transitory,0,False,transitory,0.25
2013-12-18,fomc_minutes_20131218.html,fomc_minutes,transitory,1,False,transitory,0.25
2013-12-18,fomc_minutes_20131218,fomc_minutes,transitory,1,False,transitory,0.25
2013-12-18,fomc_minutes_20131218,fomc_minutes,transitory_GROUP,2,True,transitory,0.25
2013-12-18,policy_statement_20131218,policy_statement,transitory_GROUP,0,True,transitory,0.25
2013-12-18,fomc_minutes_20131218.html,fomc_minutes,transitory_GROUP,2,True,transitory,0.25
2014-01-29,policy_statement_20140129,policy_statement,accommodating,0,False,accommodative,0.0
2014-01-29,policy_statement_20140129,policy_statement,accommodative,3,False,accommodative,5.333333333333333
2014-01-29,policy_statement_20140129,policy_statement,accommodative_GROUP,3,True,accommodative,5.333333333333333
2014-01-29,policy_statement_20140129,policy_statement,all available tools,0,False,full range of tools,0.0
2014-01-29,policy_statement_20140129,policy_statement,complete toolkit,0,False,full range of tools,0.0
2014-01-29,policy_statement_20140129,policy_statement,considerable time,1,False,considerable time,1.0
2014-01-29,policy_statement_20140129,policy_statement,considerable time_GROUP,1,True,considerable time,1.3333333333333333
2014-01-29,policy_statement_20140129,policy_statement,deliberate,0,False,patient,0.0
2014-01-29,policy_statement_20140129,policy_statement,easy,0,False,accommodative,0.0
2014-01-29,policy_statement_20140129,policy_statement,entire toolkit,0,False,full range of tools,0.0
2014-01-29,policy_statement_20140129,policy_statement,extended period,0,False,considerable time,0.3333333333333333
2014-01-29,policy_statement_20140129,policy_statement,full range of tools,0,False,full range of tools,0.0
2014-01-29,policy_statement_20140129,policy_statement,full range of tools_GROUP,0,True,full range of tools,0.0
2014-01-29,policy_statement_20140129,policy_statement,gradual,0,False,patient,0.0
2014-01-29,policy_statement_20140129,policy_statement,measured,2,False,patient,1.5
2014-01-29,policy_statement_20140129,policy_statement,patient,0,False,patient,0.0
2014-01-29,policy_statement_20140129,policy_statement,patient_GROUP,2,True,patient,1.5
2014-01-29,policy_statement_20140129,policy_statement,short-lived,0,False,transitory,0.0
2014-01-29,policy_statement_20140129,policy_statement,significant time,0,False,considerable time,0.0
2014-01-29,policy_statement_20140129,policy_statement,substantial period,0,False,considerable time,0.0
2014-01-29,policy_statement_20140129,policy_statement,supportive,0,False,accommodative,0.0
2014-01-29,policy_statement_20140129,policy_statement,temporary,0,False,transitory,0.3333333333333333
2014-01-29,policy_statement_20140129,policy_statement,transient,0,False,transitory,0.0
2014-01-29,policy_statement_20140129,policy_statement,transitory,0,False,transitory,0.3333333333333333
2014-01-29,policy_statement_20140129,policy_statement,transitory_GROUP,0,True,transitory,0.6666666666666666
2014-03-19,policy_statement_20140319,policy_statement,accommodating,0,False,accommodative,0.0
2014-03-19,policy_statement_20140319,policy_statement,accommodative,2,False,accommodative,5.8
2014-03-19,policy_statement_20140319,policy_statement,accommodative_GROUP,2,True,accommodative,5.8
2014-03-19,policy_statement_20140319,policy_statement,all available tools,0,False,full range of tools,0.0
2014-03-19,policy_statement_20140319,policy_statement,complete toolkit,0,False,full range of tools,0.0
2014-03-19,policy_statement_20140319,policy_statement,considerable time,1,False,considerable time,1.0
2014-03-19,policy_statement_20140319,policy_statement,considerable time_GROUP,1,True,considerable time,1.4
2014-03-19,policy_statement_20140319,policy_statement,deliberate,0,False,patient,0.0
2014-03-19,policy_statement_20140319,policy_statement,easy,0,False,accommodative,0.0
2014-03-19,policy_statement_20140319,policy_statement,entire toolkit,0,False,full range of tools,0.0
2014-03-19,policy_statement_20140319,policy_statement,extended period,0,False,considerable time,0.4
2014-03-19,policy_statement_20140319,policy_statement,full range of tools,0,False,full range of tools,0.0
2014-03-19,policy_statement_20140319,policy_statement,full range of tools_GROUP,0,True,full range of tools,0.0
2014-03-19,policy_statement_20140319,policy_statement,gradual,0,False,patient,0.0
2014-03-19,policy_statement_20140319,policy_statement,measured,2,False,patient,2.2
2014-03-19,policy_statement_20140319,policy_statement,patient,0,False,patient,0.0
2014-03-19,policy_statement_20140319,policy_statement,patient_GROUP,2,True,patient,2.2
2014-03-19,policy_statement_20140319,policy_statement,short-lived,0,False,transitory,0.0
2014-03-19,policy_statement_20140319,policy_statement,significant time,0,False,considerable time,0.0
2014-03-19,policy_statement_20140319,policy_statement,substantial period,0,False,considerable time,0.0
2014-03-19,policy_statement_20140319,policy_statement,supportive,0,False,accommodative,0.0
2014-03-19,policy_statement_20140319,policy_statement,temporary,0,False,transitory,0.4
2014-03-19,policy_statement_20140319,policy_statement,transient,0,False,transitory,0.0
2014-03-19,policy_statement_20140319,policy_statement,transitory,0,False,transitory,0.4
2014-03-19,policy_statement_20140319,policy_statement,transitory_GROUP,0,True,transitory,0.8
2014-04-30,policy_statement_20140430,policy_statement,accommodating,0,False,accommodative,0.0
2014-04-30,policy_statement_20140430,policy_statement,accommodative,2,False,accommodative,5.6
2014-04-30,policy_statement_20140430,policy_statement,accommodative_GROUP,2,True,accommodative,5.6
2014-04-30,policy_statement_20140430,policy_statement,all available tools,0,False,full range of tools,0.0
2014-04-30,policy_statement_20140430,policy_statement,complete toolkit,0,False,full range of tools,0.0
2014-04-30,policy_statement_20140430,policy_statement,considerable time,1,False,considerable time,1.0
2014-04-30,policy_statement_20140430,policy_statement,considerable time_GROUP,1,True,considerable time,1.4
2014-04-30,policy_statement_20140430,policy_statement,deliberate,0,False,patient,0.0
2014-04-30,policy_statement_20140430,policy_statement,easy,0,False,accommodative,0.0
2014-04-30,policy_statement_20140430,policy_statement,entire toolkit,0,False,full range of tools,0.0
2014-04-30,policy_statement_20140430,policy_statement,extended period,0,False,considerable time,0.4
2014-04-30,policy_statement_20140430,policy_statement,full range of tools,0,False,full range of tools,0.0
2014-04-30,policy_statement_20140430,policy_statement,full range of tools_GROUP,0,True,full range of tools,0.0
2014-04-30,policy_statement_20140430,policy_statement,gradual,0,False,patient,0.0
2014-04-30,policy_statement_20140430,policy_statement,measured,2,False,patient,2.6
2014-04-30,policy_statement_20140430,policy_statement,patient,0,False,patient,0.0
2014-04-30,policy_statement_20140430,policy_statement,patient_GROUP,2,True,patient,2.6
2014-04-30,policy_statement_20140430,policy_statement,short-lived,0,False,transitory,0.0
2014-04-30,policy_statement_20140430,policy_statement,significant time,0,False,considerable time,0.0
2014-04-30,policy_statement_20140430,policy_statement,substantial period,0,False,considerable time,0.0
2014-04-30,policy_statement_20140430,policy_statement,supportive,0,False,accommodative,0.0
2014-04-30,policy_statement_20140430,policy_statement,temporary,0,False,transitory,0.4
2014-04-30,policy_statement_20140430,policy_statement,transient,0,False,transitory,0.0
2014-04-30,policy_statement_20140430,policy_statement,transitory,0,False,transitory,0.4
2014-04-30,policy_statement_20140430,policy_statement,transitory_GROUP,0,True,transitory,0.8
2014-06-18,policy_statement_20140618,policy_statement,accommodating,0,False,accommodative,0.0
2014-06-18,policy_statement_20140618,policy_statement,accommodative,2,False,accommodative,2.3333333333333335
2014-06-18,policy_statement_20140618,policy_statement,accommodative_GROUP,2,True,accommodative,2.3333333333333335
2014-06-18,policy_statement_20140618,policy_statement,all available tools,0,False,full range of tools,0.0
2014-06-18,policy_statement_20140618,policy_statement,complete toolkit,0,False,full range of tools,0.0
2014-06-18,policy_statement_20140618,policy_statement,considerable time,1,False,considerable time,1.0
2014-06-18,policy_statement_20140618,policy_statement,considerable time_GROUP,1,True,considerable time,1.0
2014-06-18,policy_statement_20140618,policy_statement,deliberate,0,False,patient,0.0
2014-06-18,policy_statement_20140618,policy_statement,easy,0,False,accommodative,0.0
2014-06-18,policy_statement_20140618,policy_statement,entire toolkit,0,False,full range of tools,0.0
2014-06-18,policy_statement_20140618,policy_statement,extended period,0,False,considerable time,0.0
2014-06-18,policy_statement_20140618,policy_statement,full range of tools,0,False,full range of tools,0.0
2014-06-18,policy_statement_20140618,policy_statement,full range of tools_GROUP,0,True,full range of tools,0.0
2014-06-18,policy_statement_20140618,policy_statement,gradual,0,False,patient,0.0
2014-06-18,policy_statement_20140618,policy_statement,measured,2,False,patient,2.0
2014-06-18,policy_statement_20140618,policy_statement,patient,0,False,patient,0.0
2014-06-18,policy_statement_20140618,policy_statement,patient_GROUP,2,True,patient,2.0
2014-06-18,policy_statement_20140618,policy_statement,short-lived,0,False,transitory,0.0
2014-06-18,policy_statement_20140618,policy_statement,significant time,0,False,considerable time,0.0
2014-06-18,policy_statement_20140618,policy_statement,substantial period,0,False,considerable time,0.0
2014-06-18,policy_statement_20140618,policy_statement,supportive,0,False,accommodative,0.0
2014-06-18,policy_statement_20140618,policy_statement,temporary,0,False,transitory,0.0
2014-06-18,policy_statement_20140618,policy_statement,transient,0,False,transitory,0.0
2014-06-18,policy_statement_20140618,policy_statement,transitory,0,False,transitory,0.0
2014-06-18,policy_statement_20140618,policy_statement,transitory_GROUP,0,True,transitory,0.0
2014-07-30,policy_statement_20140730,policy_statement,accommodating,0,False,accommodative,0.0
2014-07-30,policy_statement_20140730,policy_statement,accommodative,2,False,accommodative,2.0
2014-07-30,policy_statement_20140730,policy_statement,accommodative_GROUP,2,True,accommodative,2.0
2014-07-30,policy_statement_20140730,policy_statement,all available tools,0,False,full range of tools,0.0
2014-07-30,policy_statement_20140730,policy_statement,complete toolkit,0,False,full range of tools,0.0
2014-07-30,policy_statement_20140730,policy_statement,considerable time,2,False,considerable time,1.0
2014-07-30,policy_statement_20140730,policy_statement,considerable time_GROUP,2,True,considerable time,1.0
2014-07-30,policy_statement_20140730,policy_statement,deliberate,0,False,patient,0.0
2014-07-30,policy_statement_20140730,policy_statement,easy,0,False,accommodative,0.0
2014-07-30,policy_statement_20140730,policy_statement,entire toolkit,0,False,full range of tools,0.0
2014-07-30,policy_statement_20140730,policy_statement,extended period,0,False,considerable time,0.0
2014-07-30,policy_statement_20140730,policy_statement,full range of tools,0,False,full range of tools,0.0
2014-07-30,policy_statement_20140730,policy_statement,full range of tools_GROUP,0,True,full range of tools,0.0
2014-07-30,policy_statement_20140730,policy_statement,gradual,0,False,patient,0.0
2014-07-30,policy_statement_20140730,policy_statement,measured,2,False,patient,2.0
2014-07-30,policy_statement_20140730,policy_statement,patient,0,False,patient,0.0
2014-07-30,policy_statement_20140730,policy_statement,patient_GROUP,2,True,patient,2.0
2014-07-30,policy_statement_20140730,policy_statement,short-lived,0,False,transitory,0.0
2014-07-30,policy_statement_20140730,policy_statement,significant time,0,False,considerable time,0.0
2014-07-30,policy_statement_20140730,policy_statement,substantial period,0,False,considerable time,0.0
2014-07-30,policy_statement_20140730,policy_statement,supportive,0,False,accommodative,0.0
2014-07-30,policy_statement_20140730,policy_statement,temporary,0,False,transitory,0.0
2014-07-30,policy_statement_20140730,policy_statement,transient,0,False,transitory,0.0
2014-07-30,policy_statement_20140730,policy_statement,transitory,0,False,transitory,0.0
2014-07-30,policy_statement_20140730,policy_statement,transitory_GROUP,0,True,transitory,0.0
2014-09-17,policy_statement_20140917,policy_statement,accommodating,0,False,accommodative,0.0
2014-09-17,policy_statement_20140917,policy_statement,accommodative,2,False,accommodative,2.0
2014-09-17,policy_statement_20140917,policy_statement,accommodative_GROUP,2,True,accommodative,2.0
2014-09-17,policy_statement_20140917,policy_statement,all available tools,0,False,full range of tools,0.0
2014-09-17,policy_statement_20140917,policy_statement,complete toolkit,0,False,full range of tools,0.0
2014-09-17,policy_statement_20140917,policy_statement,considerable time,2,False,considerable time,1.3333333333333333
2014-09-17,policy_statement_20140917,policy_statement,considerable time_GROUP,2,True,considerable time,1.3333333333333333
2014-09-17,policy_statement_20140917,policy_statement,deliberate,0,False,patient,0.0
2014-09-17,policy_statement_20140917,policy_statement,easy,0,False,accommodative,0.0
2014-09-17,policy_statement_20140917,policy_statement,entire toolkit,0,False,full range of tools,0.0
2014-09-17,policy_statement_20140917,policy_statement,extended period,0,False,considerable time,0.0
2014-09-17,policy_statement_20140917,policy_statement,full range of tools,0,False,full range of tools,0.0
2014-09-17,policy_statement_20140917,policy_statement,full range of tools_GROUP,0,True,full range of tools,0.0
2014-09-17,policy_statement_20140917,policy_statement,gradual,0,False,patient,0.0
2014-09-17,policy_statement_20140917,policy_statement,measured,1,False,patient,2.0
2014-09-17,policy_statement_20140917,policy_statement,patient,0,False,patient,0.0
2014-09-17,policy_statement_20140917,policy_statement,patient_GROUP,1,True,patient,2.0
2014-09-17,policy_statement_20140917,policy_statement,short-lived,0,False,transitory,0.0
2014-09-17,policy_statement_20140917,policy_statement,significant time,0,False,considerable time,0.0
2014-09-17,policy_statement_20140917,policy_statement,substantial period,0,False,considerable time,0.0
2014-09-17,policy_statement_20140917,policy_statement,supportive,0,False,accommodative,0.0
2014-09-17,policy_statement_20140917,policy_statement,temporary,0,False,transitory,0.0
2014-09-17,policy_statement_20140917,policy_statement,transient,0,False,transitory,0.0
2014-09-17,policy_statement_20140917,policy_statement,transitory,0,False,transitory,0.0
2014-09-17,policy_statement_20140917,policy_statement,transitory_GROUP,0,True,transitory,0.0
2014-10-29,policy_statement_20141029,policy_statement,accommodating,0,False,accommodative,0.0
2014-10-29,policy_statement_20141029,policy_statement,accommodative,1,False,accommodative,2.0
2014-10-29,policy_statement_20141029,policy_statement,accommodative_GROUP,1,True,accommodative,2.0
2014-10-29,policy_statement_20141029,policy_statement,all available tools,0,False,full range of tools,0.0
2014-10-29,policy_statement_20141029,policy_statement,complete toolkit,0,False,full range of tools,0.0
2014-10-29,policy_statement_20141029,policy_statement,considerable time,1,False,considerable time,1.6666666666666667
2014-10-29,policy_statement_20141029,policy_statement,considerable time_GROUP,1,True,considerable time,1.6666666666666667
2014-10-29,policy_statement_20141029,policy_statement,deliberate,0,False,patient,0.0
2014-10-29,policy_statement_20141029,policy_statement,easy,0,False,accommodative,0.0
2014-10-29,policy_statement_20141029,policy_statement,entire toolkit,0,False,full range of tools,0.0
2014-10-29,policy_statement_20141029,policy_statement,extended period,0,False,considerable time,0.0
2014-10-29,policy_statement_20141029,policy_statement,full range of tools,0,False,full range of tools,0.0
2014-10-29,policy_statement_20141029,policy_statement,full range of tools_GROUP,0,True,full range of tools,0.0
2014-10-29,policy_statement_20141029,policy_statement,gradual,0,False,patient,0.0
2014-10-29,policy_statement_20141029,policy_statement,measured,0,False,patient,1.6666666666666667
2014-10-29,policy_statement_20141029,policy_statement,patient,0,False,patient,0.0
2014-10-29,policy_statement_20141029,policy_statement,patient_GROUP,0,True,patient,1.6666666666666667
2014-10-29,policy_statement_20141029,policy_statement,short-lived,0,False,transitory,0.0
2014-10-29,policy_statement_20141029,policy_statement,significant time,0,False,considerable time,0.0
2014-10-29,policy_statement_20141029,policy_statement,substantial period,0,False,considerable time,0.0
2014-10-29,policy_statement_20141029,policy_statement,supportive,0,False,accommodative,0.0
2014-10-29,policy_statement_20141029,policy_statement,temporary,0,False,transitory,0.0
2014-10-29,policy_statement_20141029,policy_statement,transient,0,False,transitory,0.0
2014-10-29,policy_statement_20141029,policy_statement,transitory,0,False,transitory,0.0
2014-10-29,policy_statement_20141029,policy_statement,transitory_GROUP,0,True,transitory,0.0
2014-12-17,policy_statement_20141217,policy_statement,accommodating,0,False,accommodative,0.0
2014-12-17,policy_statement_20141217,policy_statement,accommodative,1,False,accommodative,1.6666666666666667
2014-12-17,policy_statement_20141217,policy_statement,accommodative_GROUP,1,True,accommodative,1.6666666666666667
2014-12-17,policy_statement_20141217,policy_statement,all available tools,0,False,full range of tools,0.0
2014-12-17,policy_statement_20141217,policy_statement,complete toolkit,0,False,full range of tools,0.0
2014-12-17,policy_statement_20141217,policy_statement,considerable time,1,False,considerable time,1.6666666666666667
2014-12-17,policy_statement_20141217,policy_statement,considerable time_GROUP,1,True,considerable time,1.6666666666666667
2014-12-17,policy_statement_20141217,policy_statement,deliberate,0,False,patient,0.0
2014-12-17,policy_statement_20141217,policy_statement,easy,0,False,accommodative,0.0
2014-12-17,policy_statement_20141217,policy_statement,entire toolkit,0,False,full range of tools,0.0
2014-12-17,policy_statement_20141217,policy_statement,extended period,0,False,considerable time,0.0
2014-12-17,policy_statement_20141217,policy_statement,full range of tools,0,False,full range of tools,0.0
2014-12-17,policy_statement_20141217,policy_statement,full range of tools_GROUP,0,True,full range of tools,0.0
2014-12-17,policy_statement_20141217,policy_statement,gradual,0,False,patient,0.0
2014-12-17,policy_statement_20141217,policy_statement,measured,0,False,patient,1.0
2014-12-17,policy_statement_20141217,policy_statement,patient,2,False,patient,0.0
2014-12-17,policy_statement_20141217,policy_statement,patient_GROUP,2,True,patient,1.0
2014-12-17,policy_statement_20141217,policy_statement,short-lived,0,False,transitory,0.0
2014-12-17,policy_statement_20141217,policy_statement,significant time,0,False,considerable time,0.0
2014-12-17,policy_statement_20141217,policy_statement,substantial period,0,False,considerable time,0.0
2014-12-17,policy_statement_20141217,policy_statement,supportive,0,False,accommodative,0.0
2014-12-17,policy_statement_20141217,policy_statement,temporary,0,False,transitory,0.0
2014-12-17,policy_statement_20141217,policy_statement,transient,0,False,transitory,0.0
2014-12-17,policy_statement_20141217,policy_statement,transitory,1,False,transitory,0.0
2014-12-17,policy_statement_20141217,policy_statement,transitory_GROUP,1,True,transitory,0.0
2015-01-28,policy_statement_20150128,policy_statement,accommodating,0,False,accommodative,0.0
2015-01-28,policy_statement_20150128,policy_statement,accommodative,1,False,accommodative,1.3333333333333333
2015-01-28,policy_statement_20150128,policy_statement,accommodative_GROUP,1,True,accommodative,1.3333333333333333
2015-01-28,policy_statement_20150128,policy_statement,all available tools,0,False,full range of tools,0.0
2015-01-28,policy_statement_20150128,policy_statement,complete toolkit,0,False,full range of tools,0.0
2015-01-28,policy_statement_20150128,policy_statement,considerable time,0,False,considerable time,1.3333333333333333
2015-01-28,policy_statement_20150128,policy_statement,considerable time_GROUP,0,True,considerable time,1.3333333333333333
2015-01-28,policy_statement_20150128,policy_statement,deliberate,0,False,patient,0.0
2015-01-28,policy_statement_20150128,policy_statement,easy,0,False,accommodative,0.0
2015-01-28,policy_statement_20150128,policy_statement,entire toolkit,0,False,full range of tools,0.0
2015-01-28,policy_statement_20150128,policy_statement,extended period,0,False,considerable time,0.0
2015-01-28,policy_statement_20150128,policy_statement,full range of tools,0,False,full range of tools,0.0
2015-01-28,policy_statement_20150128,policy_statement,full range of tools_GROUP,0,True,full range of tools,0.0
2015-01-28,policy_statement_20150128,policy_statement,gradual,0,False,patient,0.0
2015-01-28,policy_statement_20150128,policy_statement,measured,0,False,patient,0.3333333333333333
2015-01-28,policy_statement_20150128,policy_statement,patient,1,False,patient,0.6666666666666666
2015-01-28,policy_statement_20150128,policy_statement,patient_GROUP,1,True,patient,1.0
2015-01-28,policy_statement_20150128,policy_statement,short-lived,0,False,transitory,0.0
2015-01-28,policy_statement_20150128,policy_statement,significant time,0,False,considerable time,0.0
2015-01-28,policy_statement_20150128,policy_statement,substantial period,0,False,considerable time,0.0
2015-01-28,policy_statement_20150128,policy_statement,supportive,0,False,accommodative,0.0
2015-01-28,policy_statement_20150128,policy_statement,temporary,0,False,transitory,0.0
2015-01-28,policy_statement_20150128,policy_statement,transient,0,False,transitory,0.0
2015-01-28,policy_statement_20150128,policy_statement,transitory,1,False,transitory,0.3333333333333333
2015-01-28,policy_statement_20150128,policy_statement,transitory_GROUP,1,True,transitory,0.3333333333333333
2015-03-18,policy_statement_20150318,policy_statement,accommodating,0,False,accommodative,0.0
2015-03-18,policy_statement_20150318,policy_statement,accommodative,1,False,accommodative,1.0
2015-03-18,policy_statement_20150318,policy_statement,accommodative_GROUP,1,True,accommodative,1.0
2015-03-18,policy_statement_20150318,policy_statement,all available tools,0,False,full range of tools,0.0
2015-03-18,policy_statement_20150318,policy_statement,complete toolkit,0,False,full range of tools,0.0
2015-03-18,policy_statement_20150318,policy_statement,considerable time,0,False,considerable time,0.6666666666666666
2015-03-18,policy_statement_20150318,policy_statement,considerable time_GROUP,0,True,considerable time,0.6666666666666666
2015-03-18,policy_statement_20150318,policy_statement,deliberate,0,False,patient,0.0
2015-03-18,policy_statement_20150318,policy_statement,easy,0,False,accommodative,0.0
2015-03-18,policy_statement_20150318,policy_statement,entire toolkit,0,False,full range of tools,0.0
2015-03-18,policy_statement_20150318,policy_statement,extended period,0,False,considerable time,0.0
2015-03-18,policy_statement_20150318,policy_statement,full range of tools,0,False,full range of tools,0.0
2015-03-18,policy_statement_20150318,policy_statement,full range of tools_GROUP,0,True,full range of tools,0.0
2015-03-18,policy_statement_20150318,policy_statement,gradual,0,False,patient,0.0
2015-03-18,policy_statement_20150318,policy_statement,measured,0,False,patient,0.0
2015-03-18,policy_statement_20150318,policy_statement,patient,0,False,patient,1.0
2015-03-18,policy_statement_20150318,policy_statement,patient_GROUP,0,True,patient,1.0
2015-03-18,policy_statement_20150318,policy_statement,short-lived,0,False,transitory,0.0
2015-03-18,policy_statement_20150318,policy_statement,significant time,0,False,considerable time,0.0
2015-03-18,policy_statement_20150318,policy_statement,substantial period,0,False,considerable time,0.0
2015-03-18,policy_statement_20150318,policy_statement,supportive,0,False,accommodative,0.0
2015-03-18,policy_statement_20150318,policy_statement,temporary,0,False,transitory,0.0
2015-03-18,policy_statement_20150318,policy_statement,transient,0,False,transitory,0.0
2015-03-18,policy_statement_20150318,policy_statement,transitory,1,False,transitory,0.6666666666666666
2015-03-18,policy_statement_20150318,policy_statement,transitory_GROUP,1,True,transitory,0.6666666666666666
2015-04-29,policy_statement_20150429,policy_statement,accommodating,0,False,accommodative,0.0
2015-04-29,policy_statement_20150429,policy_statement,accommodative,1,False,accommodative,1.0
2015-04-29,policy_statement_20150429,policy_statement,accommodative_GROUP,1,True,accommodative,1.0
2015-04-29,policy_statement_20150429,policy_statement,all available tools,0,False,full range of tools,0.0
2015-04-29,policy_statement_20150429,policy_statement,complete toolkit,0,False,full range of tools,0.0
2015-04-29,policy_statement_20150429,policy_statement,considerable time,0,False,considerable time,0.3333333333333333
2015-04-29,policy_statement_20150429,policy_statement,considerable time_GROUP,0,True,considerable time,0.3333333333333333
2015-04-29,policy_statement_20150429,policy_statement,deliberate,0,False,patient,0.0
2015-04-29,policy_statement_20150429,policy_statement,easy,0,False,accommodative,0.0
2015-04-29,policy_statement_20150429,policy_statement,entire toolkit,0,False,full range of tools,0.0
2015-04-29,policy_statement_20150429,policy_statement,extended period,0,False,considerable time,0.0
2015-04-29,policy_statement_20150429,policy_statement,full range of tools,0,False,full range of tools,0.0
2015-04-29,policy_statement_20150429,policy_statement,full range of tools_GROUP,0,True,full range of tools,0.0
2015-04-29,policy_statement_20150429,policy_statement,gradual,0,False,patient,0.0
2015-04-29,policy_statement_20150429,policy_statement,measured,0,False,patient,0.0
2015-04-29,policy_statement_20150429,policy_statement,patient,0,False,patient,1.0
2015-04-29,policy_statement_20150429,policy_statement,patient_GROUP,0,True,patient,1.0
2015-04-29,policy_statement_20150429,policy_statement,short-lived,0,False,transitory,0.0
2015-04-29,policy_statement_20150429,policy_statement,significant time,0,False,considerable time,0.0
2015-04-29,policy_statement_20150429,policy_statement,substantial period,0,False,considerable time,0.0
2015-04-29,policy_statement_20150429,policy_statement,supportive,0,False,accommodative,0.0
2015-04-29,policy_statement_20150429,policy_statement,temporary,0,False,transitory,0.0
2015-04-29,policy_statement_20150429,policy_statement,transient,0,False,transitory,0.0
2015-04-29,policy_statement_20150429,policy_statement,transitory,2,False,transitory,1.0
2015-04-29,policy_statement_20150429,policy_statement,transitory_GROUP,2,True,transitory,1.0
2015-06-17,policy_statement_20150617,policy_statement,accommodating,0,False,accommodative,0.0
2015-06-17,policy_statement_20150617,policy_statement,accommodative,1,False,accommodative,1.0
2015-06-17,policy_statement_20150617,policy_statement,accommodative_GROUP,1,True,accommodative,1.0
2015-06-17,policy_statement_20150617,policy_statement,all available tools,0,False,full range of tools,0.0
2015-06-17,policy_statement_20150617,policy_statement,complete toolkit,0,False,full range of tools,0.0
2015-06-17,policy_statement_20150617,policy_statement,considerable time,0,False,considerable time,0.0
2015-06-17,policy_statement_20150617,policy_statement,considerable time_GROUP,0,True,considerable time,0.0
2015-06-17,policy_statement_20150617,policy_statement,deliberate,0,False,patient,0.0
2015-06-17,policy_statement_20150617,policy_statement,easy,0,False,accommodative,0.0
2015-06-17,policy_statement_20150617,policy_statement,entire toolkit,0,False,full range of tools,0.0
2015-06-17,policy_statement_20150617,policy_statement,extended period,0,False,considerable time,0.0
2015-06-17,policy_statement_20150617,policy_statement,full range of tools,0,False,full range of tools,0.0
2015-06-17,policy_statement_20150617,policy_statement,full range of tools_GROUP,0,True,full range of tools,0.0
2015-06-17,policy_statement_20150617,policy_statement,gradual,0,False,patient,0.0
2015-06-17,policy_statement_20150617,policy_statement,measured,0,False,patient,0.0
2015-06-17,policy_statement_20150617,policy_statement,patient,0,False,patient,0.3333333333333333
2015-06-17,policy_statement_20150617,policy_statement,patient_GROUP,0,True,patient,0.3333333333333333
2015-06-17,policy_statement_20150617,policy_statement,short-lived,0,False,transitory,0.0
2015-06-17,policy_statement_20150617,policy_statement,significant time,0,False,considerable time,0.0
2015-06-17,policy_statement_20150617,policy_statement,substantial period,0,False,considerable time,0.0
2015-06-17,policy_statement_20150617,policy_statement,supportive,0,False,accommodative,0.0
2015-06-17,policy_statement_20150617,policy_statement,temporary,0,False,transitory,0.0
2015-06-17,policy_statement_20150617,policy_statement,transient,0,False,transitory,0.0
2015-06-17,policy_statement_20150617,policy_statement,transitory,1,False,transitory,1.3333333333333333
2015-06-17,policy_statement_20150617,policy_statement,transitory_GROUP,1,True,transitory,1.3333333333333333
2015-07-29,policy_statement_20150729,policy_statement,accommodating,0,False,accommodative,0.0
2015-07-29,policy_statement_20150729,policy_statement,accommodative,1,False,accommodative,1.0
2015-07-29,policy_statement_20150729,policy_statement,accommodative_GROUP,1,True,accommodative,1.0
2015-07-29,policy_statement_20150729,policy_statement,all available tools,0,False,full range of tools,0.0
2015-07-29,policy_statement_20150729,policy_statement,complete toolkit,0,False,full range of tools,0.0
2015-07-29,policy_statement_20150729,policy_statement,considerable time,0,False,considerable time,0.0
2015-07-29,policy_statement_20150729,policy_statement,considerable time_GROUP,0,True,considerable time,0.0
2015-07-29,policy_statement_20150729,policy_statement,deliberate,0,False,patient,0.0
2015-07-29,policy_statement_20150729,policy_statement,easy,0,False,accommodative,0.0
2015-07-29,policy_statement_20150729,policy_statement,entire toolkit,0,False,full range of tools,0.0
2015-07-29,policy_statement_20150729,policy_statement,extended period,0,False,considerable time,0.0
2015-07-29,policy_statement_20150729,policy_statement,full range of tools,0,False,full range of tools,0.0
2015-07-29,policy_statement_20150729,policy_statement,full range of tools_GROUP,0,True,full range of tools,0.0
2015-07-29,policy_statement_20150729,policy_statement,gradual,0,False,patient,0.0
2015-07-29,policy_statement_20150729,policy_statement,measured,0,False,patient,0.0
2015-07-29,policy_statement_20150729,policy_statement,patient,0,False,patient,0.0
2015-07-29,policy_statement_20150729,policy_statement,patient_GROUP,0,True,patient,0.0
2015-07-29,policy_statement_20150729,policy_statement,short-lived,0,False,transitory,0.0
2015-07-29,policy_statement_20150729,policy_statement,significant time,0,False,considerable time,0.0
2015-07-29,policy_statement_20150729,policy_statement,substantial period,0,False,considerable time,0.0
2015-07-29,policy_statement_20150729,policy_statement,supportive,0,False,accommodative,0.0
2015-07-29,policy_statement_20150729,policy_statement,temporary,0,False,transitory,0.0
2015-07-29,policy_statement_20150729,policy_statement,transient,0,False,transitory,0.0
2015-07-29,policy_statement_20150729,policy_statement,transitory,1,False,transitory,1.3333333333333333
2015-07-29,policy_statement_20150729,policy_statement,transitory_GROUP,1,True,transitory,1.3333333333333333
2015-09-17,policy_statement_20150917,policy_statement,accommodating,0,False,accommodative,0.0
2015-09-17,policy_statement_20150917,policy_statement,accommodative,1,False,accommodative,1.0
2015-09-17,policy_statement_20150917,policy_statement,accommodative_GROUP,1,True,accommodative,1.0
2015-09-17,policy_statement_20150917,policy_statement,all available tools,0,False,full range of tools,0.0
2015-09-17,policy_statement_20150917,policy_statement,complete toolkit,0,False,full range of tools,0.0
2015-09-17,policy_statement_20150917,policy_statement,considerable time,0,False,considerable time,0.0
2015-09-17,policy_statement_20150917,policy_statement,considerable time_GROUP,0,True,considerable time,0.0
2015-09-17,policy_statement_20150917,policy_statement,deliberate,0,False,patient,0.0
2015-09-17,policy_statement_20150917,policy_statement,easy,0,False,accommodative,0.0
2015-09-17,policy_statement_20150917,policy_statement,entire toolkit,0,False,full range of tools,0.0
2015-09-17,policy_statement_20150917,policy_statement,extended period,0,False,considerable time,0.0
2015-09-17,policy_statement_20150917,policy_statement,full range of tools,0,False,full range of tools,0.0
2015-09-17,policy_statement_20150917,policy_statement,full range of tools_GROUP,0,True,full range of tools,0.0
2015-09-17,policy_statement_20150917,policy_statement,gradual,0,False,patient,0.0
2015-09-17,policy_statement_20150917,policy_statement,measured,0,False,patient,0.0
2015-09-17,policy_statement_20150917,policy_statement,patient,0,False,patient,0.0
2015-09-17,policy_statement_20150917,policy_statement,patient_GROUP,0,True,patient,0.0
2015-09-17,policy_statement_20150917,policy_statement,short-lived,0,False,transitory,0.0
2015-09-17,policy_statement_20150917,policy_statement,significant time,0,False,considerable time,0.0
2015-09-17,policy_statement_20150917,policy_statement,substantial period,0,False,considerable time,0.0
2015-09-17,policy_statement_20150917,policy_statement,supportive,0,False,accommodative,0.0
2015-09-17,policy_statement_20150917,policy_statement,temporary,0,False,transitory,0.0
2015-09-17,policy_statement_20150917,policy_statement,transient,0,False,transitory,0.0
2015-09-17,policy_statement_20150917,policy_statement,transitory,1,False,transitory,1.3333333333333333
2015-09-17,policy_statement_20150917,policy_statement,transitory_GROUP,1,True,transitory,1.3333333333333333
2015-10-28,policy_statement_20151028,policy_statement,accommodating,0,False,accommodative,0.0
2015-10-28,policy_statement_20151028,policy_statement,accommodative,1,False,accommodative,1.0
2015-10-28,policy_statement_20151028,policy_statement,accommodative_GROUP,1,True,accommodative,1.0
2015-10-28,policy_statement_20151028,policy_statement,all available tools,0,False,full range of tools,0.0
2015-10-28,policy_statement_20151028,policy_statement,complete toolkit,0,False,full range of tools,0.0
2015-10-28,policy_statement_20151028,policy_statement,considerable time,0,False,considerable time,0.0
2015-10-28,policy_statement_20151028,policy_statement,considerable time_GROUP,0,True,considerable time,0.0
2015-10-28,policy_statement_20151028,policy_statement,deliberate,0,False,patient,0.0
2015-10-28,policy_statement_20151028,policy_statement,easy,0,False,accommodative,0.0
2015-10-28,policy_statement_20151028,policy_statement,entire toolkit,0,False,full range of tools,0.0
2015-10-28,policy_statement_20151028,policy_statement,extended period,0,False,considerable time,0.0
2015-10-28,policy_statement_20151028,policy_statement,full range of tools,0,False,full range of tools,0.0
2015-10-28,policy_statement_20151028,policy_statement,full range of tools_GROUP,0,True,full range of tools,0.0
2015-10-28,policy_statement_20151028,policy_statement,gradual,0,False,patient,0.0
2015-10-28,policy_statement_20151028,policy_statement,measured,0,False,patient,0.0
2015-10-28,policy_statement_20151028,policy_statement,patient,0,False,patient,0.0
2015-10-28,policy_statement_20151028,policy_statement,patient_GROUP,0,True,patient,0.0
2015-10-28,policy_statement_20151028,policy_statement,short-lived,0,False,transitory,0.0
2015-10-28,policy_statement_20151028,policy_statement,significant time,0,False,considerable time,0.0
2015-10-28,policy_statement_20151028,policy_statement,substantial period,0,False,considerable time,0.0
2015-10-28,policy_statement_20151028,policy_statement,supportive,0,False,accommodative,0.0
2015-10-28,policy_statement_20151028,policy_statement,temporary,0,False,transitory,0.0
2015-10-28,policy_statement_20151028,policy_statement,transient,0,False,transitory,0.0
2015-10-28,policy_statement_20151028,policy_statement,transitory,1,False,transitory,1.0
2015-10-28,policy_statement_20151028,policy_statement,transitory_GROUP,1,True,transitory,1.0
2015-12-16,policy_statement_20151216,policy_statement,accommodating,0,False,accommodative,0.0
2015-12-16,policy_statement_20151216,policy_statement,accommodative,2,False,accommodative,1.0
2015-12-16,policy_statement_20151216,policy_statement,accommodative_GROUP,2,True,accommodative,1.0
2015-12-16,policy_statement_20151216,policy_statement,all available tools,0,False,full range of tools,0.0
2015-12-16,policy_statement_20151216,policy_statement,complete toolkit,0,False,full range of tools,0.0
2015-12-16,policy_statement_20151216,policy_statement,considerable time,0,False,considerable time,0.0
2015-12-16,policy_statement_20151216,policy_statement,considerable time_GROUP,0,True,considerable time,0.0
2015-12-16,policy_statement_20151216,policy_statement,deliberate,0,False,patient,0.0
2015-12-16,policy_statement_20151216,policy_statement,easy,0,False,accommodative,0.0
2015-12-16,policy_statement_20151216,policy_statement,entire toolkit,0,False,full range of tools,0.0
2015-12-16,policy_statement_20151216,policy_statement,extended period,0,False,considerable time,0.0
2015-12-16,policy_statement_20151216,policy_statement,full range of tools,0,False,full range of tools,0.0
2015-12-16,policy_statement_20151216,policy_statement,full range of tools_GROUP,0,True,full range of tools,0.0
2015-12-16,policy_statement_20151216,policy_statement,gradual,2,False,patient,0.0
2015-12-16,policy_statement_20151216,policy_statement,measured,0,False,patient,0.0
2015-12-16,policy_statement_20151216,policy_statement,patient,0,False,patient,0.0
2015-12-16,policy_statement_20151216,policy_statement,patient_GROUP,2,True,patient,0.0
2015-12-16,policy_statement_20151216,policy_statement,short-lived,0,False,transitory,0.0
2015-12-16,policy_statement_20151216,policy_statement,significant time,0,False,considerable time,0.0
2015-12-16,policy_statement_20151216,policy_statement,substantial period,0,False,considerable time,0.0
2015-12-16,policy_statement_20151216,policy_statement,supportive,0,False,accommodative,0.0
2015-12-16,policy_statement_20151216,policy_statement,temporary,0,False,transitory,0.0
2015-12-16,policy_statement_20151216,policy_statement,transient,0,False,transitory,0.0
2015-12-16,policy_statement_20151216,policy_statement,transitory,1,False,transitory,1.0
2015-12-16,policy_statement_20151216,policy_statement,transitory_GROUP,1,True,transitory,1.0
2016-01-27,policy_statement_20160127,policy_statement,accommodating,0,False,accommodative,0.0
2016-01-27,policy_statement_20160127,policy_statement,accommodative,2,False,accommodative,1.3333333333333333
2016-01-27,policy_statement_20160127,policy_statement,accommodative_GROUP,2,True,accommodative,1.3333333333333333
2016-01-27,policy_statement_20160127,policy_statement,all available tools,0,False,full range of tools,0.0
2016-01-27,policy_statement_20160127,policy_statement,complete toolkit,0,False,full range of tools,0.0
2016-01-27,policy_statement_20160127,policy_statement,considerable time,0,False,considerable time,0.0
2016-01-27,policy_statement_20160127,policy_statement,considerable time_GROUP,0,True,considerable time,0.0
2016-01-27,policy_statement_20160127,policy_statement,deliberate,0,False,patient,0.0
2016-01-27,policy_statement_20160127,policy_statement,easy,0,False,accommodative,0.0
2016-01-27,policy_statement_20160127,policy_statement,entire toolkit,0,False,full range of tools,0.0
2016-01-27,policy_statement_20160127,policy_statement,extended period,0,False,considerable time,0.0
2016-01-27,policy_statement_20160127,policy_statement,full range of tools,0,False,full range of tools,0.0
2016-01-27,policy_statement_20160127,policy_statement,full range of tools_GROUP,0,True,full range of tools,0.0
2016-01-27,policy_statement_20160127,policy_statement,gradual,2,False,patient,0.6666666666666666
2016-01-27,policy_statement_20160127,policy_statement,measured,0,False,patient,0.0
2016-01-27,policy_statement_20160127,policy_statement,patient,0,False,patient,0.0
2016-01-27,policy_statement_20160127,policy_statement,patient_GROUP,2,True,patient,0.6666666666666666
2016-01-27,policy_statement_20160127,policy_statement,short-lived,0,False,transitory,0.0
2016-01-27,policy_statement_20160127,policy_statement,significant time,0,False,considerable time,0.0
2016-01-27,policy_statement_20160127,policy_statement,substantial period,0,False,considerable time,0.0
2016-01-27,policy_statement_20160127,policy_statement,supportive,0,False,accommodative,0.0
2016-01-27,policy_statement_20160127,policy_statement,temporary,0,False,transitory,0.0
2016-01-27,policy_statement_20160127,policy_statement,transient,0,False,transitory,0.0
2016-01-27,policy_statement_20160127,policy_statement,transitory,1,False,transitory,1.0
2016-01-27,policy_statement_20160127,policy_statement,transitory_GROUP,1,True,transitory,1.0
2016-03-16,policy_statement_20160316,policy_statement,accommodating,0,False,accommodative,0.0
2016-03-16,policy_statement_20160316,policy_statement,accommodative,2,False,accommodative,1.6666666666666667
2016-03-16,policy_statement_20160316,policy_statement,accommodative_GROUP,2,True,accommodative,1.6666666666666667
2016-03-16,policy_statement_20160316,policy_statement,all available tools,0,False,full range of tools,0.0
2016-03-16,policy_statement_20160316,policy_statement,complete toolkit,0,False,full range of tools,0.0
2016-03-16,policy_statement_20160316,policy_statement,considerable time,0,False,considerable time,0.0
2016-03-16,policy_statement_20160316,policy_statement,considerable time_GROUP,0,True,considerable time,0.0
2016-03-16,policy_statement_20160316,policy_statement,deliberate,0,False,patient,0.0
2016-03-16,policy_statement_20160316,policy_statement,easy,0,False,accommodative,0.0
2016-03-16,policy_statement_20160316,policy_statement,entire toolkit,0,False,full range of tools,0.0
2016-03-16,policy_statement_20160316,policy_statement,extended period,0,False,considerable time,0.0
2016-03-16,policy_statement_20160316,policy_statement,full range of tools,0,False,full range of tools,0.0
2016-03-16,policy_statement_20160316,policy_statement,full range of tools_GROUP,0,True,full range of tools,0.0
2016-03-16,policy_statement_20160316,policy_statement,gradual,2,False,patient,1.3333333333333333
2016-03-16,policy_statement_20160316,policy_statement,measured,0,False,patient,0.0
2016-03-16,policy_statement_20160316,policy_statement,patient,0,False,patient,0.0
2016-03-16,policy_statement_20160316,policy_statement,patient_GROUP,2,True,patient,1.3333333333333333
2016-03-16,policy_statement_20160316,policy_statement,short-lived,0,False,transitory,0.0
2016-03-16,policy_statement_20160316,policy_statement,significant time,0,False,considerable time,0.0
2016-03-16,policy_statement_20160316,policy_statement,substantial period,0,False,considerable time,0.0
2016-03-16,policy_statement_20160316,policy_statement,supportive,0,False,accommodative,0.0
2016-03-16,policy_statement_20160316,policy_statement,temporary,0,False,transitory,0.0
2016-03-16,policy_statement_20160316,policy_statement,transient,0,False,transitory,0.0
2016-03-16,policy_statement_20160316,policy_statement,transitory,1,False,transitory,1.0
2016-03-16,policy_statement_20160316,policy_statement,transitory_GROUP,1,True,transitory,1.0
2016-04-27,policy_statement_20160427,policy_statement,accommodating,0,False,accommodative,0.0
2016-04-27,policy_statement_20160427,policy_statement,accommodative,2,False,accommodative,2.0
2016-04-27,policy_statement_20160427,policy_statement,accommodative_GROUP,2,True,accommodative,2.0
2016-04-27,policy_statement_20160427,policy_statement,all available tools,0,False,full range of tools,0.0
2016-04-27,policy_statement_20160427,policy_statement,complete toolkit,0,False,full range of tools,0.0
2016-04-27,policy_statement_20160427,policy_statement,considerable time,0,False,considerable time,0.0
2016-04-27,policy_statement_20160427,policy_statement,considerable time_GROUP,0,True,considerable time,0.0
2016-04-27,policy_statement_20160427,policy_statement,deliberate,0,False,patient,0.0
2016-04-27,policy_statement_20160427,policy_statement,easy,0,False,accommodative,0.0
2016-04-27,policy_statement_20160427,policy_statement,entire toolkit,0,False,full range of tools,0.0
2016-04-27,policy_statement_20160427,policy_statement,extended period,0,False,considerable time,0.0
2016-04-27,policy_statement_20160427,policy_statement,full range of tools,0,False,full range of tools,0.0
2016-04-27,policy_statement_20160427,policy_statement,full range of tools_GROUP,0,True,full range of tools,0.0
2016-04-27,policy_statement_20160427,policy_statement,gradual,2,False,patient,2.0
2016-04-27,policy_statement_20160427,policy_statement,measured,0,False,patient,0.0
2016-04-27,policy_statement_20160427,policy_statement,patient,0,False,patient,0.0
2016-04-27,policy_statement_20160427,policy_statement,patient_GROUP,2,True,patient,2.0
2016-04-27,policy_statement_20160427,policy_statement,short-lived,0,False,transitory,0.0
2016-04-27,policy_statement_20160427,policy_statement,significant time,0,False,considerable time,0.0
2016-04-27,policy_statement_20160427,policy_statement,substantial period,0,False,considerable time,0.0
2016-04-27,policy_statement_20160427,policy_statement,supportive,0,False,accommodative,0.0
2016-04-27,policy_statement_20160427,policy_statement,temporary,0,False,transitory,0.0
2016-04-27,policy_statement_20160427,policy_statement,transient,0,False,transitory,0.0
2016-04-27,policy_statement_20160427,policy_statement,transitory,1,False,transitory,1.0
2016-04-27,policy_statement_20160427,policy_statement,transitory_GROUP,1,True,transitory,1.0
2016-06-15,policy_statement_20160615,policy_statement,accommodating,0,False,accommodative,0.0
2016-06-15,policy_statement_20160615,policy_statement,accommodative,2,False,accommodative,2.0
2016-06-15,policy_statement_20160615,policy_statement,accommodative_GROUP,2,True,accommodative,2.0
2016-06-15,policy_statement_20160615,policy_statement,all available tools,0,False,full range of tools,0.0
2016-06-15,policy_statement_20160615,policy_statement,complete toolkit,0,False,full range of tools,0.0
2016-06-15,policy_statement_20160615,policy_statement,considerable time,0,False,considerable time,0.0
2016-06-15,policy_statement_20160615,policy_statement,considerable time_GROUP,0,True,considerable time,0.0
2016-06-15,policy_statement_20160615,policy_statement,deliberate,0,False,patient,0.0
2016-06-15,policy_statement_20160615,policy_statement,easy,0,False,accommodative,0.0
2016-06-15,policy_statement_20160615,policy_statement,entire toolkit,0,False,full range of tools,0.0
2016-06-15,policy_statement_20160615,policy_statement,extended period,0,False,considerable time,0.0
2016-06-15,policy_statement_20160615,policy_statement,full range of tools,0,False,full range of tools,0.0
2016-06-15,policy_statement_20160615,policy_statement,full range of tools_GROUP,0,True,full range of tools,0.0
2016-06-15,policy_statement_20160615,policy_statement,gradual,2,False,patient,2.0
2016-06-15,policy_statement_20160615,policy_statement,measured,0,False,patient,0.0
2016-06-15,policy_statement_20160615,policy_statement,patient,0,False,patient,0.0
2016-06-15,policy_statement_20160615,policy_statement,patient_GROUP,2,True,patient,2.0
2016-06-15,policy_statement_20160615,policy_statement,short-lived,0,False,transitory,0.0
2016-06-15,policy_statement_20160615,policy_statement,significant time,0,False,considerable time,0.0
2016-06-15,policy_statement_20160615,policy_statement,substantial period,0,False,considerable time,0.0
2016-06-15,policy_statement_20160615,policy_statement,supportive,0,False,accommodative,0.0
2016-06-15,policy_statement_20160615,policy_statement,temporary,0,False,transitory,0.0
2016-06-15,policy_statement_20160615,policy_statement,transient,0,False,transitory,0.0
2016-06-15,policy_statement_20160615,policy_statement,transitory,1,False,transitory,1.0
2016-06-15,policy_statement_20160615,policy_statement,transitory_GROUP,1,True,transitory,1.0
2016-07-27,policy_statement_20160727,policy_statement,accommodating,0,False,accommodative,0.0
2016-07-27,policy_statement_20160727,policy_statement,accommodative,2,False,accommodative,2.0
2016-07-27,policy_statement_20160727,policy_statement,accommodative_GROUP,2,True,accommodative,2.0
2016-07-27,policy_statement_20160727,policy_statement,all available tools,0,False,full range of tools,0.0
2016-07-27,policy_statement_20160727,policy_statement,complete toolkit,0,False,full range of tools,0.0
2016-07-27,policy_statement_20160727,policy_statement,considerable time,0,False,considerable time,0.0
2016-07-27,policy_statement_20160727,policy_statement,considerable time_GROUP,0,True,considerable time,0.0
2016-07-27,policy_statement_20160727,policy_statement,deliberate,0,False,patient,0.0
2016-07-27,policy_statement_20160727,policy_statement,easy,0,False,accommodative,0.0
2016-07-27,policy_statement_20160727,policy_statement,entire toolkit,0,False,full range of tools,0.0
2016-07-27,policy_statement_20160727,policy_statement,extended period,0,False,considerable time,0.0
2016-07-27,policy_statement_20160727,policy_statement,full range of tools,0,False,full range of tools,0.0
2016-07-27,policy_statement_20160727,policy_statement,full range of tools_GROUP,0,True,full range of tools,0.0
2016-07-27,policy_statement_20160727,policy_statement,gradual,2,False,patient,2.0
2016-07-27,policy_statement_20160727,policy_statement,measured,0,False,patient,0.0
2016-07-27,policy_statement_20160727,policy_statement,patient,0,False,patient,0.0
2016-07-27,policy_statement_20160727,policy_statement,patient_GROUP,2,True,patient,2.0
2016-07-27,policy_statement_20160727,policy_statement,short-lived,0,False,transitory,0.0
2016-07-27,policy_statement_20160727,policy_statement,significant time,0,False,considerable time,0.0
2016-07-27,policy_statement_20160727,policy_statement,substantial period,0,False,considerable time,0.0
2016-07-27,policy_statement_20160727,policy_statement,supportive,0,False,accommodative,0.0
2016-07-27,policy_statement_20160727,policy_statement,temporary,0,False,transitory,0.0
2016-07-27,policy_statement_20160727,policy_statement,transient,0,False,transitory,0.0
2016-07-27,policy_statement_20160727,policy_statement,transitory,1,False,transitory,1.0
2016-07-27,policy_statement_20160727,policy_statement,transitory_GROUP,1,True,transitory,1.0
2016-09-21,policy_statement_20160921,policy_statement,accommodating,0,False,accommodative,0.0
2016-09-21,policy_statement_20160921,policy_statement,accommodative,2,False,accommodative,2.0
2016-09-21,policy_statement_20160921,policy_statement,accommodative_GROUP,2,True,accommodative,2.0
2016-09-21,policy_statement_20160921,policy_statement,all available tools,0,False,full range of tools,0.0
2016-09-21,policy_statement_20160921,policy_statement,complete toolkit,0,False,full range of tools,0.0
2016-09-21,policy_statement_20160921,policy_statement,considerable time,0,False,considerable time,0.0
2016-09-21,policy_statement_20160921,policy_statement,considerable time_GROUP,0,True,considerable time,0.0
2016-09-21,policy_statement_20160921,policy_statement,deliberate,0,False,patient,0.0
2016-09-21,policy_statement_20160921,policy_statement,easy,0,False,accommodative,0.0
2016-09-21,policy_statement_20160921,policy_statement,entire toolkit,0,False,full range of tools,0.0
2016-09-21,policy_statement_20160921,policy_statement,extended period,0,False,considerable time,0.0
2016-09-21,policy_statement_20160921,policy_statement,full range of tools,0,False,full range of tools,0.0
2016-09-21,policy_statement_20160921,policy_statement,full range of tools_GROUP,0,True,full range of tools,0.0
2016-09-21,policy_statement_20160921,policy_statement,gradual,2,False,patient,2.0
2016-09-21,policy_statement_20160921,policy_statement,measured,0,False,patient,0.0
2016-09-21,policy_statement_20160921,policy_statement,patient,0,False,patient,0.0
2016-09-21,policy_statement_20160921,policy_statement,patient_GROUP,2,True,patient,2.0
2016-09-21,policy_statement_20160921,policy_statement,short-lived,0,False,transitory,0.0
2016-09-21,policy_statement_20160921,policy_statement,significant time,0,False,considerable time,0.0
2016-09-21,policy_statement_20160921,policy_statement,substantial period,0,False,considerable time,0.0
2016-09-21,policy_statement_20160921,policy_statement,supportive,0,False,accommodative,0.0
2016-09-21,policy_statement_20160921,policy_statement,temporary,0,False,transitory,0.0
2016-09-21,policy_statement_20160921,policy_statement,transient,0,False,transitory,0.0
2016-09-21,policy_statement_20160921,policy_statement,transitory,1,False,transitory,1.0
2016-09-21,policy_statement_20160921,policy_statement,transitory_GROUP,1,True,transitory,1.0
2016-11-02,policy_statement_20161102,policy_statement,accommodating,0,False,accommodative,0.0
2016-11-02,policy_statement_20161102,policy_statement,accommodative,2,False,accommodative,2.0
2016-11-02,policy_statement_20161102,policy_statement,accommodative_GROUP,2,True,accommodative,2.0
2016-11-02,policy_statement_20161102,policy_statement,all available tools,0,False,full range of tools,0.0
2016-11-02,policy_statement_20161102,policy_statement,complete toolkit,0,False,full range of tools,0.0
2016-11-02,policy_statement_20161102,policy_statement,considerable time,0,False,considerable time,0.0
2016-11-02,policy_statement_20161102,policy_statement,considerable time_GROUP,0,True,considerable time,0.0
2016-11-02,policy_statement_20161102,policy_statement,deliberate,0,False,patient,0.0
2016-11-02,policy_statement_20161102,policy_statement,easy,0,False,accommodative,0.0
2016-11-02,policy_statement_20161102,policy_statement,entire toolkit,0,False,full range of tools,0.0
2016-11-02,policy_statement_20161102,policy_statement,extended period,0,False,considerable time,0.0
2016-11-02,policy_statement_20161102,policy_statement,full range of tools,0,False,full range of tools,0.0
2016-11-02,policy_statement_20161102,policy_statement,full range of tools_GROUP,0,True,full range of tools,0.0
2016-11-02,policy_statement_20161102,policy_statement,gradual,2,False,patient,2.0
2016-11-02,policy_statement_20161102,policy_statement,measured,0,False,patient,0.0
2016-11-02,policy_statement_20161102,policy_statement,patient,0,False,patient,0.0
2016-11-02,policy_statement_20161102,policy_statement,patient_GROUP,2,True,patient,2.0
2016-11-02,policy_statement_20161102,policy_statement,short-lived,0,False,transitory,0.0
2016-11-02,policy_statement_20161102,policy_statement,significant time,0,False,considerable time,0.0
2016-11-02,policy_statement_20161102,policy_statement,substantial period,0,False,considerable time,0.0
2016-11-02,policy_statement_20161102,policy_statement,supportive,0,False,accommodative,0.0
2016-11-02,policy_statement_20161102,policy_statement,temporary,0,False,transitory,0.0
2016-11-02,policy_statement_20161102,policy_statement,transient,0,False,transitory,0.0
2016-11-02,policy_statement_20161102,policy_statement,transitory,1,False,transitory,1.0
2016-11-02,policy_statement_20161102,policy_statement,transitory_GROUP,1,True,transitory,1.0
2016-12-14,policy_statement_20161214,policy_statement,accommodating,0,False,accommodative,0.0
2016-12-14,press_transcript_20161214.pdf,policy_statement,accommodating,0,False,accommodative,0.0
2016-12-14,policy_statement_20161214,policy_statement,accommodative,2,False,accommodative,2.0
2016-12-14,press_transcript_20161214.pdf,policy_statement,accommodative,1,False,accommodative,2.0
2016-12-14,policy_statement_20161214,policy_statement,accommodative_GROUP,2,True,accommodative,2.0
2016-12-14,press_transcript_20161214.pdf,policy_statement,accommodative_GROUP,1,True,accommodative,2.0
2016-12-14,policy_statement_20161214,policy_statement,all available tools,0,False,full range of tools,0.0
2016-12-14,press_transcript_20161214.pdf,policy_statement,all available tools,0,False,full range of tools,0.0
2016-12-14,policy_statement_20161214,policy_statement,complete toolkit,0,False,full range of tools,0.0
2016-12-14,press_transcript_20161214.pdf,policy_statement,complete toolkit,0,False,full range of tools,0.0
2016-12-14,policy_statement_20161214,policy_statement,considerable time,0,False,considerable time,0.0
2016-12-14,press_transcript_20161214.pdf,policy_statement,considerable time,0,False,considerable time,0.0
2016-12-14,policy_statement_20161214,policy_statement,considerable time_GROUP,0,True,considerable time,0.0
2016-12-14,press_transcript_20161214.pdf,policy_statement,considerable time_GROUP,0,True,considerable time,0.0
2016-12-14,policy_statement_20161214,policy_statement,deliberate,0,False,patient,0.0
2016-12-14,press_transcript_20161214.pdf,policy_statement,deliberate,0,False,patient,0.0
2016-12-14,policy_statement_20161214,policy_statement,easy,0,False,accommodative,0.0
2016-12-14,press_transcript_20161214.pdf,policy_statement,easy,0,False,accommodative,0.0
2016-12-14,policy_statement_20161214,policy_statement,entire toolkit,0,False,full range of tools,0.0
2016-12-14,press_transcript_20161214.pdf,policy_statement,entire toolkit,0,False,full range of tools,0.0
2016-12-14,policy_statement_20161214,policy_statement,extended period,0,False,considerable time,0.0
2016-12-14,press_transcript_20161214.pdf,policy_statement,extended period,0,False,considerable time,0.0
2016-12-14,policy_statement_20161214,policy_statement,full range of tools,0,False,full range of tools,0.0
2016-12-14,press_transcript_20161214.pdf,policy_statement,full range of tools,0,False,full range of tools,0.0
2016-12-14,policy_statement_20161214,policy_statement,full range of tools_GROUP,0,True,full range of tools,0.0
2016-12-14,press_transcript_20161214.pdf,policy_statement,full range of tools_GROUP,0,True,full range of tools,0.0
2016-12-14,policy_statement_20161214,policy_statement,gradual,2,False,patient,2.0
2016-12-14,press_transcript_20161214.pdf,policy_statement,gradual,2,False,patient,2.0
2016-12-14,policy_statement_20161214,policy_statement,measured,0,False,patient,0.0
2016-12-14,press_transcript_20161214.pdf,policy_statement,measured,0,False,patient,0.0
2016-12-14,policy_statement_20161214,policy_statement,patient,0,False,patient,0.0
2016-12-14,press_transcript_20161214.pdf,policy_statement,patient,0,False,patient,0.0
2016-12-14,policy_statement_20161214,policy_statement,patient_GROUP,2,True,patient,2.0
2016-12-14,press_transcript_20161214.pdf,policy_statement,patient_GROUP,2,True,patient,2.0
2016-12-14,policy_statement_20161214,policy_statement,short-lived,0,False,transitory,0.0
2016-12-14,press_transcript_20161214.pdf,policy_statement,short-lived,0,False,transitory,0.0
2016-12-14,policy_statement_20161214,policy_statement,significant time,0,False,considerable time,0.0
2016-12-14,press_transcript_20161214.pdf,policy_statement,significant time,0,False,considerable time,0.0
2016-12-14,policy_statement_20161214,policy_statement,substantial period,0,False,considerable time,0.0
2016-12-14,press_transcript_20161214.pdf,policy_statement,substantial period,0,False,considerable time,0.0
2016-12-14,policy_statement_20161214,policy_statement,supportive,0,False,accommodative,0.0
2016-12-14,press_transcript_20161214.pdf,policy_statement,supportive,0,False,accommodative,0.0
2016-12-14,policy_statement_20161214,policy_statement,temporary,0,False,transitory,0.0
2016-12-14,press_transcript_20161214.pdf,policy_statement,temporary,0,False,transitory,0.0
2016-12-14,policy_statement_20161214,policy_statement,transient,0,False,transitory,0.0
2016-12-14,press_transcript_20161214.pdf,policy_statement,transient,0,False,transitory,0.0
2016-12-14,policy_statement_20161214,policy_statement,transitory,1,False,transitory,1.0
2016-12-14,press_transcript_20161214.pdf,policy_statement,transitory,1,False,transitory,1.0
2016-12-14,policy_statement_20161214,policy_statement,transitory_GROUP,1,True,transitory,1.0
2016-12-14,press_transcript_20161214.pdf,policy_statement,transitory_GROUP,1,True,transitory,1.0
2017-02-01,policy_statement_20170201,policy_statement,accommodating,0,False,accommodative,0.0
2017-02-01,policy_statement_20170201.html,policy_statement,accommodating,0,False,accommodative,0.0
2017-02-01,policy_statement_20170201,policy_statement,accommodative,2,False,accommodative,1.75
2017-02-01,policy_statement_20170201.html,policy_statement,accommodative,2,False,accommodative,1.75
2017-02-01,policy_statement_20170201.html,policy_statement,accommodative_GROUP,2,True,accommodative,1.75
2017-02-01,policy_statement_20170201,policy_statement,accommodative_GROUP,2,True,accommodative,1.75
2017-02-01,policy_statement_20170201.html,policy_statement,all available tools,0,False,full range of tools,0.0
2017-02-01,policy_statement_20170201,policy_statement,all available tools,0,False,full range of tools,0.0
2017-02-01,policy_statement_20170201.html,policy_statement,complete toolkit,0,False,full range of tools,0.0
2017-02-01,policy_statement_20170201,policy_statement,complete toolkit,0,False,full range of tools,0.0
2017-02-01,policy_statement_20170201.html,policy_statement,considerable time,0,False,considerable time,0.0
2017-02-01,policy_statement_20170201,policy_statement,considerable time,0,False,considerable time,0.0
2017-02-01,policy_statement_20170201.html,policy_statement,considerable time_GROUP,0,True,considerable time,0.0
2017-02-01,policy_statement_20170201,policy_statement,considerable time_GROUP,0,True,considerable time,0.0
2017-02-01,policy_statement_20170201.html,policy_statement,deliberate,0,False,patient,0.0
2017-02-01,policy_statement_20170201,policy_statement,deliberate,0,False,patient,0.0
2017-02-01,policy_statement_20170201,policy_statement,easy,0,False,accommodative,0.0
2017-02-01,policy_statement_20170201.html,policy_statement,easy,0,False,accommodative,0.0
2017-02-01,policy_statement_20170201.html,policy_statement,entire toolkit,0,False,full range of tools,0.0
2017-02-01,policy_statement_20170201,policy_statement,entire toolkit,0,False,full range of tools,0.0
2017-02-01,policy_statement_20170201.html,policy_statement,extended period,0,False,considerable time,0.0
2017-02-01,policy_statement_20170201,policy_statement,extended period,0,False,considerable time,0.0
2017-02-01,policy_statement_20170201.html,policy_statement,full range of tools,0,False,full range of tools,0.0
2017-02-01,policy_statement_20170201,policy_statement,full range of tools,0,False,full range of tools,0.0
2017-02-01,policy_statement_20170201.html,policy_statement,full range of tools_GROUP,0,True,full range of tools,0.0
2017-02-01,policy_statement_20170201,policy_statement,full range of tools_GROUP,0,True,full range of tools,0.0
2017-02-01,policy_statement_20170201,policy_statement,gradual,2,False,patient,2.0
2017-02-01,policy_statement_20170201.html,policy_statement,gradual,2,False,patient,2.0
2017-02-01,policy_statement_20170201.html,policy_statement,measured,0,False,patient,0.0
2017-02-01,policy_statement_20170201,policy_statement,measured,0,False,patient,0.0
2017-02-01,policy_statement_20170201,policy_statement,patient,0,False,patient,0.0
2017-02-01,policy_statement_20170201.html,policy_statement,patient,0,False,patient,0.0
2017-02-01,policy_statement_20170201.html,policy_statement,patient_GROUP,2,True,patient,2.0
2017-02-01,policy_statement_20170201,policy_statement,patient_GROUP,2,True,patient,2.0
2017-02-01,policy_statement_20170201,policy_statement,short-lived,0,False,transitory,0.0
2017-02-01,policy_statement_20170201.html,policy_statement,short-lived,0,False,transitory,0.0
2017-02-01,policy_statement_20170201.html,policy_statement,significant time,0,False,considerable time,0.0
2017-02-01,policy_statement_20170201,policy_statement,significant time,0,False,considerable time,0.0
2017-02-01,policy_statement_20170201.html,policy_statement,substantial period,0,False,considerable time,0.0
2017-02-01,policy_statement_20170201,policy_statement,substantial period,0,False,considerable time,0.0
2017-02-01,policy_statement_20170201,policy_statement,supportive,0,False,accommodative,0.0
2017-02-01,policy_statement_20170201.html,policy_statement,supportive,0,False,accommodative,0.0
2017-02-01,policy_statement_20170201,policy_statement,temporary,0,False,transitory,0.0
2017-02-01,policy_statement_20170201.html,policy_statement,temporary,0,False,transitory,0.0
2017-02-01,policy_statement_20170201,policy_statement,transient,0,False,transitory,0.0
2017-02-01,policy_statement_20170201.html,policy_statement,transient,0,False,transitory,0.0
2017-02-01,policy_statement_20170201,policy_statement,transitory,0,False,transitory,1.0
2017-02-01,policy_statement_20170201.html,policy_statement,transitory,0,False,transitory,1.0
2017-02-01,policy_statement_20170201.html,policy_statement,transitory_GROUP,0,True,transitory,1.0
2017-02-01,policy_statement_20170201,policy_statement,transitory_GROUP,0,True,transitory,1.0
2017-03-15,policy_statement_20170315,policy_statement,accommodating,0,False,accommodative,0.0
2017-03-15,policy_statement_20170315,policy_statement,accommodative,2,False,accommodative,1.8333333333333333
2017-03-15,policy_statement_20170315,policy_statement,accommodative_GROUP,2,True,accommodative,1.8333333333333333
2017-03-15,policy_statement_20170315,policy_statement,all available tools,0,False,full range of tools,0.0
2017-03-15,policy_statement_20170315,policy_statement,complete toolkit,0,False,full range of tools,0.0
2017-03-15,policy_statement_20170315,policy_statement,considerable time,0,False,considerable time,0.0
2017-03-15,policy_statement_20170315,policy_statement,considerable time_GROUP,0,True,considerable time,0.0
2017-03-15,policy_statement_20170315,policy_statement,deliberate,0,False,patient,0.0
2017-03-15,policy_statement_20170315,policy_statement,easy,0,False,accommodative,0.0
2017-03-15,policy_statement_20170315,policy_statement,entire toolkit,0,False,full range of tools,0.0
2017-03-15,policy_statement_20170315,policy_statement,extended period,0,False,considerable time,0.0
2017-03-15,policy_statement_20170315,policy_statement,full range of tools,0,False,full range of tools,0.0
2017-03-15,policy_statement_20170315,policy_statement,full range of tools_GROUP,0,True,full range of tools,0.0
2017-03-15,policy_statement_20170315,policy_statement,gradual,2,False,patient,2.0
2017-03-15,policy_statement_20170315,policy_statement,measured,0,False,patient,0.0
2017-03-15,policy_statement_20170315,policy_statement,patient,0,False,patient,0.0
2017-03-15,policy_statement_20170315,policy_statement,patient_GROUP,2,True,patient,2.0
2017-03-15,policy_statement_20170315,policy_statement,short-lived,0,False,transitory,0.0
2017-03-15,policy_statement_20170315,policy_statement,significant time,0,False,considerable time,0.0
2017-03-15,policy_statement_20170315,policy_statement,substantial period,0,False,considerable time,0.0
2017-03-15,policy_statement_20170315,policy_statement,supportive,0,False,accommodative,0.0
2017-03-15,policy_statement_20170315,policy_statement,temporary,0,False,transitory,0.0
2017-03-15,policy_statement_20170315,policy_statement,transient,0,False,transitory,0.0
2017-03-15,policy_statement_20170315,policy_statement,transitory,0,False,transitory,0.6666666666666666
2017-03-15,policy_statement_20170315,policy_statement,transitory_GROUP,0,True,transitory,0.6666666666666666
2017-05-03,policy_statement_20170503,policy_statement,accommodating,0,False,accommodative,0.0
2017-05-03,policy_statement_20170503,policy_statement,accommodative,2,False,accommodative,1.8
2017-05-03,policy_statement_20170503,policy_statement,accommodative_GROUP,2,True,accommodative,1.8
2017-05-03,policy_statement_20170503,policy_statement,all available tools,0,False,full range of tools,0.0
2017-05-03,policy_statement_20170503,policy_statement,complete toolkit,0,False,full range of tools,0.0
2017-05-03,policy_statement_20170503,policy_statement,considerable time,0,False,considerable time,0.0
2017-05-03,policy_statement_20170503,policy_statement,considerable time_GROUP,0,True,considerable time,0.0
2017-05-03,policy_statement_20170503,policy_statement,deliberate,0,False,patient,0.0
2017-05-03,policy_statement_20170503,policy_statement,easy,0,False,accommodative,0.0
2017-05-03,policy_statement_20170503,policy_statement,entire toolkit,0,False,full range of tools,0.0
2017-05-03,policy_statement_20170503,policy_statement,extended period,0,False,considerable time,0.0
2017-05-03,policy_statement_20170503,policy_statement,full range of tools,0,False,full range of tools,0.0
2017-05-03,policy_statement_20170503,policy_statement,full range of tools_GROUP,0,True,full range of tools,0.0
2017-05-03,policy_statement_20170503,policy_statement,gradual,2,False,patient,2.0
2017-05-03,policy_statement_20170503,policy_statement,measured,1,False,patient,0.0
2017-05-03,policy_statement_20170503,policy_statement,patient,0,False,patient,0.0
2017-05-03,policy_statement_20170503,policy_statement,patient_GROUP,3,True,patient,2.0
2017-05-03,policy_statement_20170503,policy_statement,short-lived,0,False,transitory,0.0
2017-05-03,policy_statement_20170503,policy_statement,significant time,0,False,considerable time,0.0
2017-05-03,policy_statement_20170503,policy_statement,substantial period,0,False,considerable time,0.0
2017-05-03,policy_statement_20170503,policy_statement,supportive,0,False,accommodative,0.0
2017-05-03,policy_statement_20170503,policy_statement,temporary,0,False,transitory,0.0
2017-05-03,policy_statement_20170503,policy_statement,transient,0,False,transitory,0.0
2017-05-03,policy_statement_20170503,policy_statement,transitory,1,False,transitory,0.4
2017-05-03,policy_statement_20170503,policy_statement,transitory_GROUP,1,True,transitory,0.4
2017-06-14,fomc_minutes_20170614,fomc_minutes,accommodating,0,False,accommodative,0.0
2017-06-14,fomc_minutes_20170614.html,fomc_minutes,accommodating,0,False,accommodative,0.0
2017-06-14,policy_statement_20170614.html,policy_statement,accommodating,0,False,accommodative,0.0
2017-06-14,policy_statement_20170614,policy_statement,accommodating,0,False,accommodative,0.0
2017-06-14,fomc_minutes_20170614,fomc_minutes,accommodative,8,False,accommodative,2.0
2017-06-14,fomc_minutes_20170614.html,fomc_minutes,accommodative,8,False,accommodative,2.0
2017-06-14,policy_statement_20170614,policy_statement,accommodative,1,False,accommodative,2.0
2017-06-14,policy_statement_20170614.html,policy_statement,accommodative,1,False,accommodative,2.0
2017-06-14,fomc_minutes_20170614,fomc_minutes,accommodative_GROUP,8,True,accommodative,2.0
2017-06-14,fomc_minutes_20170614.html,fomc_minutes,accommodative_GROUP,8,True,accommodative,2.0
2017-06-14,policy_statement_20170614,policy_statement,accommodative_GROUP,1,True,accommodative,2.0
2017-06-14,policy_statement_20170614.html,policy_statement,accommodative_GROUP,1,True,accommodative,2.0
2017-06-14,fomc_minutes_20170614,fomc_minutes,all available tools,0,False,full range of tools,0.0
2017-06-14,policy_statement_20170614,policy_statement,all available tools,0,False,full range of tools,0.0
2017-06-14,fomc_minutes_20170614.html,fomc_minutes,all available tools,0,False,full range of tools,0.0
2017-06-14,policy_statement_20170614.html,policy_statement,all available tools,0,False,full range of tools,0.0
2017-06-14,fomc_minutes_20170614,fomc_minutes,complete toolkit,0,False,full range of tools,0.0
2017-06-14,policy_statement_20170614,policy_statement,complete toolkit,0,False,full range of tools,0.0
2017-06-14,fomc_minutes_20170614.html,fomc_minutes,complete toolkit,0,False,full range of tools,0.0
2017-06-14,policy_statement_20170614.html,policy_statement,complete toolkit,0,False,full range of tools,0.0
2017-06-14,fomc_minutes_20170614,fomc_minutes,considerable time,0,False,considerable time,0.0
2017-06-14,fomc_minutes_20170614.html,fomc_minutes,considerable time,0,False,considerable time,0.0
2017-06-14,policy_statement_20170614,policy_statement,considerable time,0,False,considerable time,0.0
2017-06-14,policy_statement_20170614.html,policy_statement,considerable time,0,False,considerable time,0.0
2017-06-14,fomc_minutes_20170614,fomc_minutes,considerable time_GROUP,1,True,considerable time,0.0
2017-06-14,policy_statement_20170614,policy_statement,considerable time_GROUP,0,True,considerable time,0.0
2017-06-14,fomc_minutes_20170614.html,fomc_minutes,considerable time_GROUP,1,True,considerable time,0.0
2017-06-14,policy_statement_20170614.html,policy_statement,considerable time_GROUP,0,True,considerable time,0.0
2017-06-14,fomc_minutes_20170614,fomc_minutes,deliberate,0,False,patient,0.0
2017-06-14,fomc_minutes_20170614.html,fomc_minutes,deliberate,0,False,patient,0.0
2017-06-14,policy_statement_20170614.html,policy_statement,deliberate,0,False,patient,0.0
2017-06-14,policy_statement_20170614,policy_statement,deliberate,0,False,patient,0.0
2017-06-14,fomc_minutes_20170614,fomc_minutes,easy,0,False,accommodative,0.0
2017-06-14,fomc_minutes_20170614.html,fomc_minutes,easy,0,False,accommodative,0.0
2017-06-14,policy_statement_20170614.html,policy_statement,easy,0,False,accommodative,0.0
2017-06-14,policy_statement_20170614,policy_statement,easy,0,False,accommodative,0.0
2017-06-14,fomc_minutes_20170614,fomc_minutes,entire toolkit,0,False,full range of tools,0.0
2017-06-14,policy_statement_20170614,policy_statement,entire toolkit,0,False,full range of tools,0.0
2017-06-14,fomc_minutes_20170614.html,fomc_minutes,entire toolkit,0,False,full range of tools,0.0
2017-06-14,policy_statement_20170614.html,policy_statement,entire toolkit,0,False,full range of tools,0.0
2017-06-14,fomc_minutes_20170614,fomc_minutes,extended period,1,False,considerable time,0.0
2017-06-14,policy_statement_20170614,policy_statement,extended period,0,False,considerable time,0.0
2017-06-14,fomc_minutes_20170614.html,fomc_minutes,extended period,1,False,considerable time,0.0
2017-06-14,policy_statement_20170614.html,policy_statement,extended period,0,False,considerable time,0.0
2017-06-14,fomc_minutes_20170614,fomc_minutes,full range of tools,1,False,full range of tools,0.0
2017-06-14,policy_statement_20170614,policy_statement,full range of tools,0,False,full range of tools,0.0
2017-06-14,fomc_minutes_20170614.html,fomc_minutes,full range of tools,1,False,full range of tools,0.0
2017-06-14,policy_statement_20170614.html,policy_statement,full range of tools,0,False,full range of tools,0.0
2017-06-14,fomc_minutes_20170614,fomc_minutes,full range of tools_GROUP,1,True,full range of tools,0.0
2017-06-14,fomc_minutes_20170614.html,fomc_minutes,full range of tools_GROUP,1,True,full range of tools,0.0
2017-06-14,policy_statement_20170614,policy_statement,full range of tools_GROUP,0,True,full range of tools,0.0
2017-06-14,policy_statement_20170614.html,policy_statement,full range of tools_GROUP,0,True,full range of tools,0.0
2017-06-14,fomc_minutes_20170614,fomc_minutes,gradual,13,False,patient,2.0
2017-06-14,fomc_minutes_20170614.html,fomc_minutes,gradual,13,False,patient,2.0
2017-06-14,policy_statement_20170614.html,policy_statement,gradual,2,False,patient,2.0
2017-06-14,policy_statement_20170614,policy_statement,gradual,2,False,patient,2.0
2017-06-14,fomc_minutes_20170614,fomc_minutes,measured,5,False,patient,0.25
2017-06-14,fomc_minutes_20170614.html,fomc_minutes,measured,5,False,patient,0.25
2017-06-14,policy_statement_20170614,policy_statement,measured,0,False,patient,0.25
2017-06-14,policy_statement_20170614.html,policy_statement,measured,0,False,patient,0.25
2017-06-14,fomc_minutes_20170614,fomc_minutes,patient,0,False,patient,0.0
2017-06-14,fomc_minutes_20170614.html,fomc_minutes,patient,0,False,patient,0.0
2017-06-14,policy_statement_20170614.html,policy_statement,patient,0,False,patient,0.0
2017-06-14,policy_statement_20170614,policy_statement,patient,0,False,patient,0.0
2017-06-14,fomc_minutes_20170614,fomc_minutes,patient_GROUP,18,True,patient,2.25
2017-06-14,fomc_minutes_20170614.html,fomc_minutes,patient_GROUP,18,True,patient,2.25
2017-06-14,policy_statement_20170614,policy_statement,patient_GROUP,2,True,patient,2.25
2017-06-14,policy_statement_20170614.html,policy_statement,patient_GROUP,2,True,patient,2.25
2017-06-14,fomc_minutes_20170614,fomc_minutes,short-lived,0,False,transitory,0.0
2017-06-14,fomc_minutes_20170614.html,fomc_minutes,short-lived,0,False,transitory,0.0
2017-06-14,policy_statement_20170614,policy_statement,short-lived,0,False,transitory,0.0
2017-06-14,policy_statement_20170614.html,policy_statement,short-lived,0,False,transitory,0.0
2017-06-14,fomc_minutes_20170614,fomc_minutes,significant time,0,False,considerable time,0.0
2017-06-14,policy_statement_20170614,policy_statement,significant time,0,False,considerable time,0.0
2017-06-14,fomc_minutes_20170614.html,fomc_minutes,significant time,0,False,considerable time,0.0
2017-06-14,policy_statement_20170614.html,policy_statement,significant time,0,False,considerable time,0.0
2017-06-14,fomc_minutes_20170614,fomc_minutes,substantial period,0,False,considerable time,0.0
2017-06-14,policy_statement_20170614,policy_statement,substantial period,0,False,considerable time,0.0
2017-06-14,fomc_minutes_20170614.html,fomc_minutes,substantial period,0,False,considerable time,0.0
2017-06-14,policy_statement_20170614.html,policy_statement,substantial period,0,False,considerable time,0.0
2017-06-14,fomc_minutes_20170614,fomc_minutes,supportive,0,False,accommodative,0.0
2017-06-14,fomc_minutes_20170614.html,fomc_minutes,supportive,0,False,accommodative,0.0
2017-06-14,policy_statement_20170614.html,policy_statement,supportive,0,False,accommodative,0.0
2017-06-14,policy_statement_20170614,policy_statement,supportive,0,False,accommodative,0.0
2017-06-14,fomc_minutes_20170614,fomc_minutes,temporary,1,False,transitory,0.0
2017-06-14,fomc_minutes_20170614.html,fomc_minutes,temporary,1,False,transitory,0.0
2017-06-14,policy_statement_20170614,policy_statement,temporary,0,False,transitory,0.0
2017-06-14,policy_statement_20170614.html,policy_statement,temporary,0,False,transitory,0.0
2017-06-14,fomc_minutes_20170614,fomc_minutes,transient,0,False,transitory,0.0
2017-06-14,fomc_minutes_20170614.html,fomc_minutes,transient,0,False,transitory,0.0
2017-06-14,policy_statement_20170614,policy_statement,transient,0,False,transitory,0.0
2017-06-14,policy_statement_20170614.html,policy_statement,transient,0,False,transitory,0.0
2017-06-14,fomc_minutes_20170614,fomc_minutes,transitory,5,False,transitory,0.25
2017-06-14,policy_statement_20170614.html,policy_statement,transitory,0,False,transitory,0.25
2017-06-14,fomc_minutes_20170614.html,fomc_minutes,transitory,5,False,transitory,0.25
2017-06-14,policy_statement_20170614,policy_statement,transitory,0,False,transitory,0.25
2017-06-14,fomc_minutes_20170614,fomc_minutes,transitory_GROUP,6,True,transitory,0.25
2017-06-14,fomc_minutes_20170614.html,fomc_minutes,transitory_GROUP,6,True,transitory,0.25
2017-06-14,policy_statement_20170614,policy_statement,transitory_GROUP,0,True,transitory,0.25
2017-06-14,policy_statement_20170614.html,policy_statement,transitory_GROUP,0,True,transitory,0.25
2017-07-26,policy_statement_20170726,policy_statement,accommodating,0,False,accommodative,0.0
2017-07-26,policy_statement_20170726,policy_statement,accommodative,1,False,accommodative,3.25
2017-07-26,policy_statement_20170726,policy_statement,accommodative_GROUP,1,True,accommodative,3.25
2017-07-26,policy_statement_20170726,policy_statement,all available tools,0,False,full range of tools,0.0
2017-07-26,policy_statement_20170726,policy_statement,complete toolkit,0,False,full range of tools,0.0
2017-07-26,policy_statement_20170726,policy_statement,considerable time,0,False,considerable time,0.0
2017-07-26,policy_statement_20170726,policy_statement,considerable time_GROUP,0,True,considerable time,0.25
2017-07-26,policy_statement_20170726,policy_statement,deliberate,0,False,patient,0.0
2017-07-26,policy_statement_20170726,policy_statement,easy,0,False,accommodative,0.0
2017-07-26,policy_statement_20170726,policy_statement,entire toolkit,0,False,full range of tools,0.0
2017-07-26,policy_statement_20170726,policy_statement,extended period,0,False,considerable time,0.25
2017-07-26,policy_statement_20170726,policy_statement,full range of tools,0,False,full range of tools,0.25
2017-07-26,policy_statement_20170726,policy_statement,full range of tools_GROUP,0,True,full range of tools,0.25
2017-07-26,policy_statement_20170726,policy_statement,gradual,2,False,patient,4.75
2017-07-26,policy_statement_20170726,policy_statement,measured,0,False,patient,1.375
2017-07-26,policy_statement_20170726,policy_statement,patient,0,False,patient,0.0
2017-07-26,policy_statement_20170726,policy_statement,patient_GROUP,2,True,patient,6.125
2017-07-26,policy_statement_20170726,policy_statement,short-lived,0,False,transitory,0.0
2017-07-26,policy_statement_20170726,policy_statement,significant time,0,False,considerable time,0.0
2017-07-26,policy_statement_20170726,policy_statement,substantial period,0,False,considerable time,0.0
2017-07-26,policy_statement_20170726,policy_statement,supportive,0,False,accommodative,0.0
2017-07-26,policy_statement_20170726,policy_statement,temporary,0,False,transitory,0.25
2017-07-26,policy_statement_20170726,policy_statement,transient,0,False,transitory,0.0
2017-07-26,policy_statement_20170726,policy_statement,transitory,0,False,transitory,1.375
2017-07-26,policy_statement_20170726,policy_statement,transitory_GROUP,0,True,transitory,1.625
2017-09-20,policy_statement_20170920.html,policy_statement,accommodating,0,False,accommodative,0.0
2017-09-20,policy_statement_20170920,policy_statement,accommodating,0,False,accommodative,0.0
2017-09-20,policy_statement_20170920.html,policy_statement,accommodative,1,False,accommodative,3.5
2017-09-20,policy_statement_20170920,policy_statement,accommodative,1,False,accommodative,3.5
2017-09-20,policy_statement_20170920,policy_statement,accommodative_GROUP,1,True,accommodative,3.5
2017-09-20,policy_statement_20170920.html,policy_statement,accommodative_GROUP,1,True,accommodative,3.5
2017-09-20,policy_statement_20170920,policy_statement,all available tools,0,False,full range of tools,0.0
2017-09-20,policy_statement_20170920.html,policy_statement,all available tools,0,False,full range of tools,0.0
2017-09-20,policy_statement_20170920,policy_statement,complete toolkit,0,False,full range of tools,0.0
2017-09-20,policy_statement_20170920.html,policy_statement,complete toolkit,0,False,full range of tools,0.0
2017-09-20,policy_statement_20170920.html,policy_statement,considerable time,0,False,considerable time,0.0
2017-09-20,policy_statement_20170920,policy_statement,considerable time,0,False,considerable time,0.0
2017-09-20,policy_statement_20170920,policy_statement,considerable time_GROUP,0,True,considerable time,0.3333333333333333
2017-09-20,policy_statement_20170920.html,policy_statement,considerable time_GROUP,0,True,considerable time,0.3333333333333333
2017-09-20,policy_statement_20170920,policy_statement,deliberate,0,False,patient,0.0
2017-09-20,policy_statement_20170920.html,policy_statement,deliberate,0,False,patient,0.0
2017-09-20,policy_statement_20170920.html,policy_statement,easy,0,False,accommodative,0.0
2017-09-20,policy_statement_20170920,policy_statement,easy,0,False,accommodative,0.0
2017-09-20,policy_statement_20170920,policy_statement,entire toolkit,0,False,full range of tools,0.0
2017-09-20,policy_statement_20170920.html,policy_statement,entire toolkit,0,False,full range of tools,0.0
2017-09-20,policy_statement_20170920,policy_statement,extended period,0,False,considerable time,0.3333333333333333
2017-09-20,policy_statement_20170920.html,policy_statement,extended period,0,False,considerable time,0.3333333333333333
2017-09-20,policy_statement_20170920,policy_statement,full range of tools,0,False,full range of tools,0.3333333333333333
2017-09-20,policy_statement_20170920.html,policy_statement,full range of tools,0,False,full range of tools,0.3333333333333333
2017-09-20,policy_statement_20170920,policy_statement,full range of tools_GROUP,0,True,full range of tools,0.3333333333333333
2017-09-20,policy_statement_20170920.html,policy_statement,full range of tools_GROUP,0,True,full range of tools,0.3333333333333333
2017-09-20,policy_statement_20170920.html,policy_statement,gradual,2,False,patient,5.666666666666667
2017-09-20,policy_statement_20170920,policy_statement,gradual,2,False,patient,5.666666666666667
2017-09-20,policy_statement_20170920,policy_statement,measured,0,False,patient,1.8333333333333333
2017-09-20,policy_statement_20170920.html,policy_statement,measured,0,False,patient,1.8333333333333333
2017-09-20,policy_statement_20170920.html,policy_statement,patient,0,False,patient,0.0
2017-09-20,policy_statement_20170920,policy_statement,patient,0,False,patient,0.0
2017-09-20,policy_statement_20170920,policy_statement,patient_GROUP,2,True,patient,7.5
2017-09-20,policy_statement_20170920.html,policy_statement,patient_GROUP,2,True,patient,7.5
2017-09-20,policy_statement_20170920.html,policy_statement,short-lived,0,False,transitory,0.0
2017-09-20,policy_statement_20170920,policy_statement,short-lived,0,False,transitory,0.0
2017-09-20,policy_statement_20170920,policy_statement,significant time,0,False,considerable time,0.0
2017-09-20,policy_statement_20170920.html,policy_statement,significant time,0,False,considerable time,0.0
2017-09-20,policy_statement_20170920,policy_statement,substantial period,0,False,considerable time,0.0
2017-09-20,policy_statement_20170920.html,policy_statement,substantial period,0,False,considerable time,0.0
2017-09-20,policy_statement_20170920.html,policy_statement,supportive,0,False,accommodative,0.0
2017-09-20,policy_statement_20170920,policy_statement,supportive,0,False,accommodative,0.0
2017-09-20,policy_statement_20170920.html,policy_statement,temporary,0,False,transitory,0.3333333333333333
2017-09-20,policy_statement_20170920,policy_statement,temporary,0,False,transitory,0.3333333333333333
2017-09-20,policy_statement_20170920.html,policy_statement,transient,0,False,transitory,0.0
2017-09-20,policy_statement_20170920,policy_statement,transient,0,False,transitory,0.0
2017-09-20,policy_statement_20170920.html,policy_statement,transitory,0,False,transitory,1.8333333333333333
2017-09-20,policy_statement_20170920,policy_statement,transitory,0,False,transitory,1.8333333333333333
2017-09-20,policy_statement_20170920,policy_statement,transitory_GROUP,0,True,transitory,2.1666666666666665
2017-09-20,policy_statement_20170920.html,policy_statement,transitory_GROUP,0,True,transitory,2.1666666666666665
2017-11-01,policy_statement_20171101,policy_statement,accommodating,0,False,accommodative,0.0
2017-11-01,policy_statement_20171101,policy_statement,accommodative,1,False,accommodative,3.0
2017-11-01,policy_statement_20171101,policy_statement,accommodative_GROUP,1,True,accommodative,3.0
2017-11-01,policy_statement_20171101,policy_statement,all available tools,0,False,full range of tools,0.0
2017-11-01,policy_statement_20171101,policy_statement,complete toolkit,0,False,full range of tools,0.0
2017-11-01,policy_statement_20171101,policy_statement,considerable time,0,False,considerable time,0.0
2017-11-01,policy_statement_20171101,policy_statement,considerable time_GROUP,0,True,considerable time,0.2857142857142857
2017-11-01,policy_statement_20171101,policy_statement,deliberate,0,False,patient,0.0
2017-11-01,policy_statement_20171101,policy_statement,easy,0,False,accommodative,0.0
2017-11-01,policy_statement_20171101,policy_statement,entire toolkit,0,False,full range of tools,0.0
2017-11-01,policy_statement_20171101,policy_statement,extended period,0,False,considerable time,0.2857142857142857
2017-11-01,policy_statement_20171101,policy_statement,full range of tools,0,False,full range of tools,0.2857142857142857
2017-11-01,policy_statement_20171101,policy_statement,full range of tools_GROUP,0,True,full range of tools,0.2857142857142857
2017-11-01,policy_statement_20171101,policy_statement,gradual,2,False,patient,5.142857142857143
2017-11-01,policy_statement_20171101,policy_statement,measured,0,False,patient,1.4285714285714286
2017-11-01,policy_statement_20171101,policy_statement,patient,0,False,patient,0.0
2017-11-01,policy_statement_20171101,policy_statement,patient_GROUP,2,True,patient,6.571428571428571
2017-11-01,policy_statement_20171101,policy_statement,short-lived,0,False,transitory,0.0
2017-11-01,policy_statement_20171101,policy_statement,significant time,0,False,considerable time,0.0
2017-11-01,policy_statement_20171101,policy_statement,substantial period,0,False,considerable time,0.0
2017-11-01,policy_statement_20171101,policy_statement,supportive,0,False,accommodative,0.0
2017-11-01,policy_statement_20171101,policy_statement,temporary,0,False,transitory,0.2857142857142857
2017-11-01,policy_statement_20171101,policy_statement,transient,0,False,transitory,0.0
2017-11-01,policy_statement_20171101,policy_statement,transitory,0,False,transitory,1.4285714285714286
2017-11-01,policy_statement_20171101,policy_statement,transitory_GROUP,0,True,transitory,1.7142857142857142
2017-12-13,fomc_minutes_20171213.html,fomc_minutes,accommodating,0,False,accommodative,0.0
2017-12-13,fomc_minutes_20171213,fomc_minutes,accommodating,0,False,accommodative,0.0
2017-12-13,policy_statement_20171213.html,policy_statement,accommodating,0,False,accommodative,0.0
2017-12-13,policy_statement_20171213,policy_statement,accommodating,0,False,accommodative,0.0
2017-12-13,fomc_minutes_20171213.html,fomc_minutes,accommodative,7,False,accommodative,1.0
2017-12-13,fomc_minutes_20171213,fomc_minutes,accommodative,7,False,accommodative,1.0
2017-12-13,policy_statement_20171213.html,policy_statement,accommodative,1,False,accommodative,1.0
2017-12-13,policy_statement_20171213,policy_statement,accommodative,1,False,accommodative,1.0
2017-12-13,fomc_minutes_20171213,fomc_minutes,accommodative_GROUP,10,True,accommodative,1.0
2017-12-13,fomc_minutes_20171213.html,fomc_minutes,accommodative_GROUP,10,True,accommodative,1.0
2017-12-13,policy_statement_20171213.html,policy_statement,accommodative_GROUP,1,True,accommodative,1.0
2017-12-13,policy_statement_20171213,policy_statement,accommodative_GROUP,1,True,accommodative,1.0
2017-12-13,fomc_minutes_20171213,fomc_minutes,all available tools,0,False,full range of tools,0.0
2017-12-13,fomc_minutes_20171213.html,fomc_minutes,all available tools,0,False,full range of tools,0.0
2017-12-13,policy_statement_20171213.html,policy_statement,all available tools,0,False,full range of tools,0.0
2017-12-13,policy_statement_20171213,policy_statement,all available tools,0,False,full range of tools,0.0
2017-12-13,fomc_minutes_20171213,fomc_minutes,complete toolkit,0,False,full range of tools,0.0
2017-12-13,fomc_minutes_20171213.html,fomc_minutes,complete toolkit,0,False,full range of tools,0.0
2017-12-13,policy_statement_20171213.html,policy_statement,complete toolkit,0,False,full range of tools,0.0
2017-12-13,policy_statement_20171213,policy_statement,complete toolkit,0,False,full range of tools,0.0
2017-12-13,fomc_minutes_20171213,fomc_minutes,considerable time,0,False,considerable time,0.0
2017-12-13,fomc_minutes_20171213.html,fomc_minutes,considerable time,0,False,considerable time,0.0
2017-12-13,policy_statement_20171213.html,policy_statement,considerable time,0,False,considerable time,0.0
2017-12-13,policy_statement_20171213,policy_statement,considerable time,0,False,considerable time,0.0
2017-12-13,fomc_minutes_20171213.html,fomc_minutes,considerable time_GROUP,0,True,considerable time,0.0
2017-12-13,fomc_minutes_20171213,fomc_minutes,considerable time_GROUP,0,True,considerable time,0.0
2017-12-13,policy_statement_20171213,policy_statement,considerable time_GROUP,0,True,considerable time,0.0
2017-12-13,policy_statement_20171213.html,policy_statement,considerable time_GROUP,0,True,considerable time,0.0
2017-12-13,fomc_minutes_20171213.html,fomc_minutes,deliberate,0,False,patient,0.0
2017-12-13,fomc_minutes_20171213,fomc_minutes,deliberate,0,False,patient,0.0
2017-12-13,policy_statement_20171213.html,policy_statement,deliberate,0,False,patient,0.0
2017-12-13,policy_statement_20171213,policy_statement,deliberate,0,False,patient,0.0
2017-12-13,fomc_minutes_20171213.html,fomc_minutes,easy,0,False,accommodative,0.0
2017-12-13,fomc_minutes_20171213,fomc_minutes,easy,0,False,accommodative,0.0
2017-12-13,policy_statement_20171213.html,policy_statement,easy,0,False,accommodative,0.0
2017-12-13,policy_statement_20171213,policy_statement,easy,0,False,accommodative,0.0
2017-12-13,fomc_minutes_20171213,fomc_minutes,entire toolkit,0,False,full range of tools,0.0
2017-12-13,fomc_minutes_20171213.html,fomc_minutes,entire toolkit,0,False,full range of tools,0.0
2017-12-13,policy_statement_20171213.html,policy_statement,entire toolkit,0,False,full range of tools,0.0
2017-12-13,policy_statement_20171213,policy_statement,entire toolkit,0,False,full range of tools,0.0
2017-12-13,fomc_minutes_20171213,fomc_minutes,extended period,0,False,considerable time,0.0
2017-12-13,fomc_minutes_20171213.html,fomc_minutes,extended period,0,False,considerable time,0.0
2017-12-13,policy_statement_20171213.html,policy_statement,extended period,0,False,considerable time,0.0
2017-12-13,policy_statement_20171213,policy_statement,extended period,0,False,considerable time,0.0
2017-12-13,fomc_minutes_20171213,fomc_minutes,full range of tools,0,False,full range of tools,0.0
2017-12-13,fomc_minutes_20171213.html,fomc_minutes,full range of tools,0,False,full range of tools,0.0
2017-12-13,policy_statement_20171213.html,policy_statement,full range of tools,0,False,full range of tools,0.0
2017-12-13,policy_statement_20171213,policy_statement,full range of tools,0,False,full range of tools,0.0
2017-12-13,fomc_minutes_20171213.html,fomc_minutes,full range of tools_GROUP,0,True,full range of tools,0.0
2017-12-13,policy_statement_20171213.html,policy_statement,full range of tools_GROUP,0,True,full range of tools,0.0
2017-12-13,fomc_minutes_20171213,fomc_minutes,full range of tools_GROUP,0,True,full range of tools,0.0
2017-12-13,policy_statement_20171213,policy_statement,full range of tools_GROUP,0,True,full range of tools,0.0
2017-12-13,fomc_minutes_20171213.html,fomc_minutes,gradual,8,False,patient,2.0
2017-12-13,fomc_minutes_20171213,fomc_minutes,gradual,8,False,patient,2.0
2017-12-13,policy_statement_20171213.html,policy_statement,gradual,2,False,patient,2.0
2017-12-13,policy_statement_20171213,policy_statement,gradual,2,False,patient,2.0
2017-12-13,fomc_minutes_20171213.html,fomc_minutes,measured,3,False,patient,0.0
2017-12-13,fomc_minutes_20171213,fomc_minutes,measured,3,False,patient,0.0
2017-12-13,policy_statement_20171213.html,policy_statement,measured,0,False,patient,0.0
2017-12-13,policy_statement_20171213,policy_statement,measured,0,False,patient,0.0
2017-12-13,fomc_minutes_20171213.html,fomc_minutes,patient,0,False,patient,0.0
2017-12-13,fomc_minutes_20171213,fomc_minutes,patient,0,False,patient,0.0
2017-12-13,policy_statement_20171213.html,policy_statement,patient,0,False,patient,0.0
2017-12-13,policy_statement_20171213,policy_statement,patient,0,False,patient,0.0
2017-12-13,fomc_minutes_20171213,fomc_minutes,patient_GROUP,11,True,patient,2.0
2017-12-13,fomc_minutes_20171213.html,fomc_minutes,patient_GROUP,11,True,patient,2.0
2017-12-13,policy_statement_20171213,policy_statement,patient_GROUP,2,True,patient,2.0
2017-12-13,policy_statement_20171213.html,policy_statement,patient_GROUP,2,True,patient,2.0
2017-12-13,fomc_minutes_20171213.html,fomc_minutes,short-lived,0,False,transitory,0.0
2017-12-13,fomc_minutes_20171213,fomc_minutes,short-lived,0,False,transitory,0.0
2017-12-13,policy_statement_20171213.html,policy_statement,short-lived,0,False,transitory,0.0
2017-12-13,policy_statement_20171213,policy_statement,short-lived,0,False,transitory,0.0
2017-12-13,fomc_minutes_20171213,fomc_minutes,significant time,0,False,considerable time,0.0
2017-12-13,fomc_minutes_20171213.html,fomc_minutes,significant time,0,False,considerable time,0.0
2017-12-13,policy_statement_20171213.html,policy_statement,significant time,0,False,considerable time,0.0
2017-12-13,policy_statement_20171213,policy_statement,significant time,0,False,considerable time,0.0
2017-12-13,fomc_minutes_20171213.html,fomc_minutes,substantial period,0,False,considerable time,0.0
2017-12-13,fomc_minutes_20171213,fomc_minutes,substantial period,0,False,considerable time,0.0
2017-12-13,policy_statement_20171213.html,policy_statement,substantial period,0,False,considerable time,0.0
2017-12-13,policy_statement_20171213,policy_statement,substantial period,0,False,considerable time,0.0
2017-12-13,fomc_minutes_20171213.html,fomc_minutes,supportive,3,False,accommodative,0.0
2017-12-13,fomc_minutes_20171213,fomc_minutes,supportive,3,False,accommodative,0.0
2017-12-13,policy_statement_20171213.html,policy_statement,supportive,0,False,accommodative,0.0
2017-12-13,policy_statement_20171213,policy_statement,supportive,0,False,accommodative,0.0
2017-12-13,fomc_minutes_20171213.html,fomc_minutes,temporary,0,False,transitory,0.0
2017-12-13,fomc_minutes_20171213,fomc_minutes,temporary,0,False,transitory,0.0
2017-12-13,policy_statement_20171213.html,policy_statement,temporary,0,False,transitory,0.0
2017-12-13,policy_statement_20171213,policy_statement,temporary,0,False,transitory,0.0
2017-12-13,fomc_minutes_20171213.html,fomc_minutes,transient,0,False,transitory,0.0
2017-12-13,fomc_minutes_20171213,fomc_minutes,transient,0,False,transitory,0.0
2017-12-13,policy_statement_20171213.html,policy_statement,transient,0,False,transitory,0.0
2017-12-13,policy_statement_20171213,policy_statement,transient,0,False,transitory,0.0
2017-12-13,fomc_minutes_20171213.html,fomc_minutes,transitory,4,False,transitory,0.0
2017-12-13,policy_statement_20171213.html,policy_statement,transitory,0,False,transitory,0.0
2017-12-13,fomc_minutes_20171213,fomc_minutes,transitory,4,False,transitory,0.0
2017-12-13,policy_statement_20171213,policy_statement,transitory,0,False,transitory,0.0
2017-12-13,fomc_minutes_20171213,fomc_minutes,transitory_GROUP,4,True,transitory,0.0
2017-12-13,fomc_minutes_20171213.html,fomc_minutes,transitory_GROUP,4,True,transitory,0.0
2017-12-13,policy_statement_20171213.html,policy_statement,transitory_GROUP,0,True,transitory,0.0
2017-12-13,policy_statement_20171213,policy_statement,transitory_GROUP,0,True,transitory,0.0
2018-01-31,policy_statement_20180131,policy_statement,accommodating,0,False,accommodative,0.0
2018-01-31,policy_statement_20180131.html,policy_statement,accommodating,0,False,accommodative,0.0
2018-01-31,policy_statement_20180131,policy_statement,accommodative,1,False,accommodative,2.7142857142857144
2018-01-31,policy_statement_20180131.html,policy_statement,accommodative,1,False,accommodative,2.7142857142857144
2018-01-31,policy_statement_20180131,policy_statement,accommodative_GROUP,1,True,accommodative,3.5714285714285716
2018-01-31,policy_statement_20180131.html,policy_statement,accommodative_GROUP,1,True,accommodative,3.5714285714285716
2018-01-31,policy_statement_20180131,policy_statement,all available tools,0,False,full range of tools,0.0
2018-01-31,policy_statement_20180131.html,policy_statement,all available tools,0,False,full range of tools,0.0
2018-01-31,policy_statement_20180131,policy_statement,complete toolkit,0,False,full range of tools,0.0
2018-01-31,policy_statement_20180131.html,policy_statement,complete toolkit,0,False,full range of tools,0.0
2018-01-31,policy_statement_20180131,policy_statement,considerable time,0,False,considerable time,0.0
2018-01-31,policy_statement_20180131.html,policy_statement,considerable time,0,False,considerable time,0.0
2018-01-31,policy_statement_20180131,policy_statement,considerable time_GROUP,0,True,considerable time,0.0
2018-01-31,policy_statement_20180131.html,policy_statement,considerable time_GROUP,0,True,considerable time,0.0
2018-01-31,policy_statement_20180131,policy_statement,deliberate,0,False,patient,0.0
2018-01-31,policy_statement_20180131.html,policy_statement,deliberate,0,False,patient,0.0
2018-01-31,policy_statement_20180131,policy_statement,easy,0,False,accommodative,0.0
2018-01-31,policy_statement_20180131.html,policy_statement,easy,0,False,accommodative,0.0
2018-01-31,policy_statement_20180131,policy_statement,entire toolkit,0,False,full range of tools,0.0
2018-01-31,policy_statement_20180131.html,policy_statement,entire toolkit,0,False,full range of tools,0.0
2018-01-31,policy_statement_20180131,policy_statement,extended period,0,False,considerable time,0.0
2018-01-31,policy_statement_20180131.html,policy_statement,extended period,0,False,considerable time,0.0
2018-01-31,policy_statement_20180131,policy_statement,full range of tools,0,False,full range of tools,0.0
2018-01-31,policy_statement_20180131.html,policy_statement,full range of tools,0,False,full range of tools,0.0
2018-01-31,policy_statement_20180131,policy_statement,full range of tools_GROUP,0,True,full range of tools,0.0
2018-01-31,policy_statement_20180131.html,policy_statement,full range of tools_GROUP,0,True,full range of tools,0.0
2018-01-31,policy_statement_20180131,policy_statement,gradual,2,False,patient,3.7142857142857144
2018-01-31,policy_statement_20180131.html,policy_statement,gradual,2,False,patient,3.7142857142857144
2018-01-31,policy_statement_20180131,policy_statement,measured,0,False,patient,0.8571428571428571
2018-01-31,policy_statement_20180131.html,policy_statement,measured,0,False,patient,0.8571428571428571
2018-01-31,policy_statement_20180131,policy_statement,patient,0,False,patient,0.0
2018-01-31,policy_statement_20180131.html,policy_statement,patient,0,False,patient,0.0
2018-01-31,policy_statement_20180131,policy_statement,patient_GROUP,2,True,patient,4.571428571428571
2018-01-31,policy_statement_20180131.html,policy_statement,patient_GROUP,2,True,patient,4.571428571428571
2018-01-31,policy_statement_20180131,policy_statement,short-lived,0,False,transitory,0.0
2018-01-31,policy_statement_20180131.html,policy_statement,short-lived,0,False,transitory,0.0
2018-01-31,policy_statement_20180131,policy_statement,significant time,0,False,considerable time,0.0
2018-01-31,policy_statement_20180131.html,policy_statement,significant time,0,False,considerable time,0.0
2018-01-31,policy_statement_20180131,policy_statement,substantial period,0,False,considerable time,0.0
2018-01-31,policy_statement_20180131.html,policy_statement,substantial period,0,False,considerable time,0.0
2018-01-31,policy_statement_20180131,policy_statement,supportive,0,False,accommodative,0.8571428571428571
2018-01-31,policy_statement_20180131.html,policy_statement,supportive,0,False,accommodative,0.8571428571428571
2018-01-31,policy_statement_20180131,policy_statement,temporary,0,False,transitory,0.0
2018-01-31,policy_statement_20180131.html,policy_statement,temporary,0,False,transitory,0.0
2018-01-31,policy_statement_20180131.html,policy_statement,transient,0,False,transitory,0.0
2018-01-31,policy_statement_20180131,policy_statement,transient,0,False,transitory,0.0
2018-01-31,policy_statement_20180131.html,policy_statement,transitory,0,False,transitory,1.1428571428571428
2018-01-31,policy_statement_20180131,policy_statement,transitory,0,False,transitory,1.1428571428571428
2018-01-31,policy_statement_20180131,policy_statement,transitory_GROUP,0,True,transitory,1.1428571428571428
2018-01-31,policy_statement_20180131.html,policy_statement,transitory_GROUP,0,True,transitory,1.1428571428571428
2018-03-21,fomc_minutes_20180321.html,fomc_minutes,accommodating,0,False,accommodative,0.0
2018-03-21,fomc_minutes_20180321,fomc_minutes,accommodating,0,False,accommodative,0.0
2018-03-21,policy_statement_20180321,policy_statement,accommodating,0,False,accommodative,0.0
2018-03-21,policy_statement_20180321.html,policy_statement,accommodating,0,False,accommodative,0.0
2018-03-21,fomc_minutes_20180321.html,fomc_minutes,accommodative,12,False,accommodative,2.7142857142857144
2018-03-21,fomc_minutes_20180321,fomc_minutes,accommodative,12,False,accommodative,2.7142857142857144
2018-03-21,policy_statement_20180321,policy_statement,accommodative,1,False,accommodative,2.7142857142857144
2018-03-21,policy_statement_20180321.html,policy_statement,accommodative,1,False,accommodative,2.7142857142857144
2018-03-21,fomc_minutes_20180321.html,fomc_minutes,accommodative_GROUP,14,True,accommodative,3.5714285714285716
2018-03-21,fomc_minutes_20180321,fomc_minutes,accommodative_GROUP,14,True,accommodative,3.5714285714285716
2018-03-21,policy_statement_20180321.html,policy_statement,accommodative_GROUP,1,True,accommodative,3.5714285714285716
2018-03-21,policy_statement_20180321,policy_statement,accommodative_GROUP,1,True,accommodative,3.5714285714285716
2018-03-21,fomc_minutes_20180321.html,fomc_minutes,all available tools,0,False,full range of tools,0.0
2018-03-21,fomc_minutes_20180321,fomc_minutes,all available tools,0,False,full range of tools,0.0
2018-03-21,policy_statement_20180321.html,policy_statement,all available tools,0,False,full range of tools,0.0
2018-03-21,policy_statement_20180321,policy_statement,all available tools,0,False,full range of tools,0.0
2018-03-21,fomc_minutes_20180321.html,fomc_minutes,complete toolkit,0,False,full range of tools,0.0
2018-03-21,fomc_minutes_20180321,fomc_minutes,complete toolkit,0,False,full range of tools,0.0
2018-03-21,policy_statement_20180321.html,policy_statement,complete toolkit,0,False,full range of tools,0.0
2018-03-21,policy_statement_20180321,policy_statement,complete toolkit,0,False,full range of tools,0.0
2018-03-21,fomc_minutes_20180321.html,fomc_minutes,considerable time,0,False,considerable time,0.0
2018-03-21,fomc_minutes_20180321,fomc_minutes,considerable time,0,False,considerable time,0.0
2018-03-21,policy_statement_20180321.html,policy_statement,considerable time,0,False,considerable time,0.0
2018-03-21,policy_statement_20180321,policy_statement,considerable time,0,False,considerable time,0.0
2018-03-21,fomc_minutes_20180321.html,fomc_minutes,considerable time_GROUP,0,True,considerable time,0.0
2018-03-21,fomc_minutes_20180321,fomc_minutes,considerable time_GROUP,0,True,considerable time,0.0
2018-03-21,policy_statement_20180321,policy_statement,considerable time_GROUP,0,True,considerable time,0.0
2018-03-21,policy_statement_20180321.html,policy_statement,considerable time_GROUP,0,True,considerable time,0.0
2018-03-21,fomc_minutes_20180321.html,fomc_minutes,deliberate,0,False,patient,0.0
2018-03-21,fomc_minutes_20180321,fomc_minutes,deliberate,0,False,patient,0.0
2018-03-21,policy_statement_20180321.html,policy_statement,deliberate,0,False,patient,0.0
2018-03-21,policy_statement_20180321,policy_statement,deliberate,0,False,patient,0.0
2018-03-21,fomc_minutes_20180321.html,fomc_minutes,easy,0,False,accommodative,0.0
2018-03-21,fomc_minutes_20180321,fomc_minutes,easy,0,False,accommodative,0.0
2018-03-21,policy_statement_20180321,policy_statement,easy,0,False,accommodative,0.0
2018-03-21,policy_statement_20180321.html,policy_statement,easy,0,False,accommodative,0.0
2018-03-21,fomc_minutes_20180321.html,fomc_minutes,entire toolkit,0,False,full range of tools,0.0
2018-03-21,fomc_minutes_20180321,fomc_minutes,entire toolkit,0,False,full range of tools,0.0
2018-03-21,policy_statement_20180321.html,policy_statement,entire toolkit,0,False,full range of tools,0.0
2018-03-21,policy_statement_20180321,policy_statement,entire toolkit,0,False,full range of tools,0.0
2018-03-21,fomc_minutes_20180321.html,fomc_minutes,extended period,0,False,considerable time,0.0
2018-03-21,fomc_minutes_20180321,fomc_minutes,extended period,0,False,considerable time,0.0
2018-03-21,policy_statement_20180321.html,policy_statement,extended period,0,False,considerable time,0.0
2018-03-21,policy_statement_20180321,policy_statement,extended period,0,False,considerable time,0.0
2018-03-21,fomc_minutes_20180321.html,fomc_minutes,full range of tools,0,False,full range of tools,0.0
2018-03-21,fomc_minutes_20180321,fomc_minutes,full range of tools,0,False,full range of tools,0.0
2018-03-21,policy_statement_20180321.html,policy_statement,full range of tools,0,False,full range of tools,0.0
2018-03-21,policy_statement_20180321,policy_statement,full range of tools,0,False,full range of tools,0.0
2018-03-21,fomc_minutes_20180321.html,fomc_minutes,full range of tools_GROUP,0,True,full range of tools,0.0
2018-03-21,fomc_minutes_20180321,fomc_minutes,full range of tools_GROUP,0,True,full range of tools,0.0
2018-03-21,policy_statement_20180321.html,policy_statement,full range of tools_GROUP,0,True,full range of tools,0.0
2018-03-21,policy_statement_20180321,policy_statement,full range of tools_GROUP,0,True,full range of tools,0.0
2018-03-21,fomc_minutes_20180321.html,fomc_minutes,gradual,9,False,patient,3.7142857142857144
2018-03-21,fomc_minutes_20180321,fomc_minutes,gradual,9,False,patient,3.7142857142857144
2018-03-21,policy_statement_20180321,policy_statement,gradual,2,False,patient,3.7142857142857144
2018-03-21,policy_statement_20180321.html,policy_statement,gradual,2,False,patient,3.7142857142857144
2018-03-21,fomc_minutes_20180321.html,fomc_minutes,measured,3,False,patient,0.8571428571428571
2018-03-21,fomc_minutes_20180321,fomc_minutes,measured,3,False,patient,0.8571428571428571
2018-03-21,policy_statement_20180321,policy_statement,measured,0,False,patient,0.8571428571428571
2018-03-21,policy_statement_20180321.html,policy_statement,measured,0,False,patient,0.8571428571428571
2018-03-21,fomc_minutes_20180321.html,fomc_minutes,patient,0,False,patient,0.0
2018-03-21,fomc_minutes_20180321,fomc_minutes,patient,0,False,patient,0.0
2018-03-21,policy_statement_20180321,policy_statement,patient,0,False,patient,0.0
2018-03-21,policy_statement_20180321.html,policy_statement,patient,0,False,patient,0.0
2018-03-21,fomc_minutes_20180321.html,fomc_minutes,patient_GROUP,12,True,patient,4.571428571428571
2018-03-21,fomc_minutes_20180321,fomc_minutes,patient_GROUP,12,True,patient,4.571428571428571
2018-03-21,policy_statement_20180321.html,policy_statement,patient_GROUP,2,True,patient,4.571428571428571
2018-03-21,policy_statement_20180321,policy_statement,patient_GROUP,2,True,patient,4.571428571428571
2018-03-21,fomc_minutes_20180321.html,fomc_minutes,short-lived,0,False,transitory,0.0
2018-03-21,fomc_minutes_20180321,fomc_minutes,short-lived,0,False,transitory,0.0
2018-03-21,policy_statement_20180321.html,policy_statement,short-lived,0,False,transitory,0.0
2018-03-21,policy_statement_20180321,policy_statement,short-lived,0,False,transitory,0.0
2018-03-21,fomc_minutes_20180321.html,fomc_minutes,significant time,0,False,considerable time,0.0
2018-03-21,fomc_minutes_20180321,fomc_minutes,significant time,0,False,considerable time,0.0
2018-03-21,policy_statement_20180321.html,policy_statement,significant time,0,False,considerable time,0.0
2018-03-21,policy_statement_20180321,policy_statement,significant time,0,False,considerable time,0.0
2018-03-21,fomc_minutes_20180321.html,fomc_minutes,substantial period,0,False,considerable time,0.0
2018-03-21,fomc_minutes_20180321,fomc_minutes,substantial period,0,False,considerable time,0.0
2018-03-21,policy_statement_20180321.html,policy_statement,substantial period,0,False,considerable time,0.0
2018-03-21,policy_statement_20180321,policy_statement,substantial period,0,False,considerable time,0.0
2018-03-21,fomc_minutes_20180321.html,fomc_minutes,supportive,2,False,accommodative,0.8571428571428571
2018-03-21,fomc_minutes_20180321,fomc_minutes,supportive,2,False,accommodative,0.8571428571428571
2018-03-21,policy_statement_20180321,policy_statement,supportive,0,False,accommodative,0.8571428571428571
2018-03-21,policy_statement_20180321.html,policy_statement,supportive,0,False,accommodative,0.8571428571428571
2018-03-21,fomc_minutes_20180321.html,fomc_minutes,temporary,0,False,transitory,0.0
2018-03-21,fomc_minutes_20180321,fomc_minutes,temporary,0,False,transitory,0.0
2018-03-21,policy_statement_20180321.html,policy_statement,temporary,0,False,transitory,0.0
2018-03-21,policy_statement_20180321,policy_statement,temporary,0,False,transitory,0.0
2018-03-21,fomc_minutes_20180321,fomc_minutes,transient,0,False,transitory,0.0
2018-03-21,fomc_minutes_20180321.html,fomc_minutes,transient,0,False,transitory,0.0
2018-03-21,policy_statement_20180321.html,policy_statement,transient,0,False,transitory,0.0
2018-03-21,policy_statement_20180321,policy_statement,transient,0,False,transitory,0.0
2018-03-21,fomc_minutes_20180321,fomc_minutes,transitory,2,False,transitory,1.1428571428571428
2018-03-21,fomc_minutes_20180321.html,fomc_minutes,transitory,2,False,transitory,1.1428571428571428
2018-03-21,policy_statement_20180321.html,policy_statement,transitory,0,False,transitory,1.1428571428571428
2018-03-21,policy_statement_20180321,policy_statement,transitory,0,False,transitory,1.1428571428571428
2018-03-21,fomc_minutes_20180321.html,fomc_minutes,transitory_GROUP,2,True,transitory,1.1428571428571428
2018-03-21,fomc_minutes_20180321,fomc_minutes,transitory_GROUP,2,True,transitory,1.1428571428571428
2018-03-21,policy_statement_20180321.html,policy_statement,transitory_GROUP,0,True,transitory,1.1428571428571428
2018-03-21,policy_statement_20180321,policy_statement,transitory_GROUP,0,True,transitory,1.1428571428571428
2018-05-02,policy_statement_20180502,policy_statement,accommodating,0,False,accommodative,0.0
2018-05-02,policy_statement_20180502,policy_statement,accommodative,1,False,accommodative,4.4
2018-05-02,policy_statement_20180502,policy_statement,accommodative_GROUP,1,True,accommodative,5.4
2018-05-02,policy_statement_20180502,policy_statement,all available tools,0,False,full range of tools,0.0
2018-05-02,policy_statement_20180502,policy_statement,complete toolkit,0,False,full range of tools,0.0
2018-05-02,policy_statement_20180502,policy_statement,considerable time,0,False,considerable time,0.0
2018-05-02,policy_statement_20180502,policy_statement,considerable time_GROUP,0,True,considerable time,0.0
2018-05-02,policy_statement_20180502,policy_statement,deliberate,0,False,patient,0.0
2018-05-02,policy_statement_20180502,policy_statement,easy,0,False,accommodative,0.0
2018-05-02,policy_statement_20180502,policy_statement,entire toolkit,0,False,full range of tools,0.0
2018-05-02,policy_statement_20180502,policy_statement,extended period,0,False,considerable time,0.0
2018-05-02,policy_statement_20180502,policy_statement,full range of tools,0,False,full range of tools,0.0
2018-05-02,policy_statement_20180502,policy_statement,full range of tools_GROUP,0,True,full range of tools,0.0
2018-05-02,policy_statement_20180502,policy_statement,gradual,2,False,patient,4.6
2018-05-02,policy_statement_20180502,policy_statement,measured,0,False,patient,1.2
2018-05-02,policy_statement_20180502,policy_statement,patient,0,False,patient,0.0
2018-05-02,policy_statement_20180502,policy_statement,patient_GROUP,2,True,patient,5.8
2018-05-02,policy_statement_20180502,policy_statement,short-lived,0,False,transitory,0.0
2018-05-02,policy_statement_20180502,policy_statement,significant time,0,False,considerable time,0.0
2018-05-02,policy_statement_20180502,policy_statement,substantial period,0,False,considerable time,0.0
2018-05-02,policy_statement_20180502,policy_statement,supportive,0,False,accommodative,1.0
2018-05-02,policy_statement_20180502,policy_statement,temporary,0,False,transitory,0.0
2018-05-02,policy_statement_20180502,policy_statement,transient,0,False,transitory,0.0
2018-05-02,policy_statement_20180502,policy_statement,transitory,0,False,transitory,1.2
2018-05-02,policy_statement_20180502,policy_statement,transitory_GROUP,0,True,transitory,1.2
2018-06-13,fomc_minutes_20180613.html,fomc_minutes,accommodating,0,False,accommodative,0.0
2018-06-13,policy_statement_20180613.html,policy_statement,accommodating,0,False,accommodative,0.0
2018-06-13,fomc_minutes_20180613,fomc_minutes,accommodating,0,False,accommodative,0.0
2018-06-13,policy_statement_20180613,policy_statement,accommodating,0,False,accommodative,0.0
2018-06-13,fomc_minutes_20180613.html,fomc_minutes,accommodative,7,False,accommodative,4.142857142857143
2018-06-13,policy_statement_20180613.html,policy_statement,accommodative,1,False,accommodative,4.142857142857143
2018-06-13,fomc_minutes_20180613,fomc_minutes,accommodative,7,False,accommodative,4.142857142857143
2018-06-13,policy_statement_20180613,policy_statement,accommodative,1,False,accommodative,4.142857142857143
2018-06-13,fomc_minutes_20180613.html,fomc_minutes,accommodative_GROUP,11,True,accommodative,4.714285714285714
2018-06-13,fomc_minutes_20180613,fomc_minutes,accommodative_GROUP,11,True,accommodative,4.714285714285714
2018-06-13,policy_statement_20180613,policy_statement,accommodative_GROUP,1,True,accommodative,4.714285714285714
2018-06-13,policy_statement_20180613.html,policy_statement,accommodative_GROUP,1,True,accommodative,4.714285714285714
2018-06-13,fomc_minutes_20180613.html,fomc_minutes,all available tools,0,False,full range of tools,0.0
2018-06-13,fomc_minutes_20180613,fomc_minutes,all available tools,0,False,full range of tools,0.0
2018-06-13,policy_statement_20180613,policy_statement,all available tools,0,False,full range of tools,0.0
2018-06-13,policy_statement_20180613.html,policy_statement,all available tools,0,False,full range of tools,0.0
2018-06-13,fomc_minutes_20180613.html,fomc_minutes,complete toolkit,0,False,full range of tools,0.0
2018-06-13,fomc_minutes_20180613,fomc_minutes,complete toolkit,0,False,full range of tools,0.0
2018-06-13,policy_statement_20180613,policy_statement,complete toolkit,0,False,full range of tools,0.0
2018-06-13,policy_statement_20180613.html,policy_statement,complete toolkit,0,False,full range of tools,0.0
2018-06-13,fomc_minutes_20180613.html,fomc_minutes,considerable time,0,False,considerable time,0.0
2018-06-13,fomc_minutes_20180613,fomc_minutes,considerable time,0,False,considerable time,0.0
2018-06-13,policy_statement_20180613.html,policy_statement,considerable time,0,False,considerable time,0.0
2018-06-13,policy_statement_20180613,policy_statement,considerable time,0,False,considerable time,0.0
2018-06-13,fomc_minutes_20180613,fomc_minutes,considerable time_GROUP,0,True,considerable time,0.0
2018-06-13,fomc_minutes_20180613.html,fomc_minutes,considerable time_GROUP,0,True,considerable time,0.0
2018-06-13,policy_statement_20180613,policy_statement,considerable time_GROUP,0,True,considerable time,0.0
2018-06-13,policy_statement_20180613.html,policy_statement,considerable time_GROUP,0,True,considerable time,0.0
2018-06-13,fomc_minutes_20180613.html,fomc_minutes,deliberate,0,False,patient,0.0
2018-06-13,fomc_minutes_20180613,fomc_minutes,deliberate,0,False,patient,0.0
2018-06-13,policy_statement_20180613.html,policy_statement,deliberate,0,False,patient,0.0
2018-06-13,policy_statement_20180613,policy_statement,deliberate,0,False,patient,0.0
2018-06-13,fomc_minutes_20180613.html,fomc_minutes,easy,0,False,accommodative,0.0
2018-06-13,policy_statement_20180613.html,policy_statement,easy,0,False,accommodative,0.0
2018-06-13,fomc_minutes_20180613,fomc_minutes,easy,0,False,accommodative,0.0
2018-06-13,policy_statement_20180613,policy_statement,easy,0,False,accommodative,0.0
2018-06-13,fomc_minutes_20180613.html,fomc_minutes,entire toolkit,0,False,full range of tools,0.0
2018-06-13,fomc_minutes_20180613,fomc_minutes,entire toolkit,0,False,full range of tools,0.0
2018-06-13,policy_statement_20180613,policy_statement,entire toolkit,0,False,full range of tools,0.0
2018-06-13,policy_statement_20180613.html,policy_statement,entire toolkit,0,False,full range of tools,0.0
2018-06-13,fomc_minutes_20180613.html,fomc_minutes,extended period,0,False,considerable time,0.0
2018-06-13,fomc_minutes_20180613,fomc_minutes,extended period,0,False,considerable time,0.0
2018-06-13,policy_statement_20180613.html,policy_statement,extended period,0,False,considerable time,0.0
2018-06-13,policy_statement_20180613,policy_statement,extended period,0,False,considerable time,0.0
2018-06-13,fomc_minutes_20180613.html,fomc_minutes,full range of tools,0,False,full range of tools,0.0
2018-06-13,fomc_minutes_20180613,fomc_minutes,full range of tools,0,False,full range of tools,0.0
2018-06-13,policy_statement_20180613,policy_statement,full range of tools,0,False,full range of tools,0.0
2018-06-13,policy_statement_20180613.html,policy_statement,full range of tools,0,False,full range of tools,0.0
2018-06-13,fomc_minutes_20180613,fomc_minutes,full range of tools_GROUP,0,True,full range of tools,0.0
2018-06-13,fomc_minutes_20180613.html,fomc_minutes,full range of tools_GROUP,0,True,full range of tools,0.0
2018-06-13,policy_statement_20180613,policy_statement,full range of tools_GROUP,0,True,full range of tools,0.0
2018-06-13,policy_statement_20180613.html,policy_statement,full range of tools_GROUP,0,True,full range of tools,0.0
2018-06-13,fomc_minutes_20180613.html,fomc_minutes,gradual,7,False,patient,4.0
2018-06-13,policy_statement_20180613.html,policy_statement,gradual,1,False,patient,4.0
2018-06-13,fomc_minutes_20180613,fomc_minutes,gradual,7,False,patient,4.0
2018-06-13,policy_statement_20180613,policy_statement,gradual,1,False,patient,4.0
2018-06-13,fomc_minutes_20180613.html,fomc_minutes,measured,3,False,patient,0.8571428571428571
2018-06-13,policy_statement_20180613.html,policy_statement,measured,0,False,patient,0.8571428571428571
2018-06-13,fomc_minutes_20180613,fomc_minutes,measured,3,False,patient,0.8571428571428571
2018-06-13,policy_statement_20180613,policy_statement,measured,0,False,patient,0.8571428571428571
2018-06-13,fomc_minutes_20180613.html,fomc_minutes,patient,0,False,patient,0.0
2018-06-13,policy_statement_20180613.html,policy_statement,patient,0,False,patient,0.0
2018-06-13,fomc_minutes_20180613,fomc_minutes,patient,0,False,patient,0.0
2018-06-13,policy_statement_20180613,policy_statement,patient,0,False,patient,0.0
2018-06-13,fomc_minutes_20180613,fomc_minutes,patient_GROUP,10,True,patient,4.857142857142857
2018-06-13,fomc_minutes_20180613.html,fomc_minutes,patient_GROUP,10,True,patient,4.857142857142857
2018-06-13,policy_statement_20180613,policy_statement,patient_GROUP,1,True,patient,4.857142857142857
2018-06-13,policy_statement_20180613.html,policy_statement,patient_GROUP,1,True,patient,4.857142857142857
2018-06-13,fomc_minutes_20180613.html,fomc_minutes,short-lived,0,False,transitory,0.0
2018-06-13,policy_statement_20180613.html,policy_statement,short-lived,0,False,transitory,0.0
2018-06-13,fomc_minutes_20180613,fomc_minutes,short-lived,0,False,transitory,0.0
2018-06-13,policy_statement_20180613,policy_statement,short-lived,0,False,transitory,0.0
2018-06-13,fomc_minutes_20180613.html,fomc_minutes,significant time,0,False,considerable time,0.0
2018-06-13,fomc_minutes_20180613,fomc_minutes,significant time,0,False,considerable time,0.0
2018-06-13,policy_statement_20180613,policy_statement,significant time,0,False,considerable time,0.0
2018-06-13,policy_statement_20180613.html,policy_statement,significant time,0,False,considerable time,0.0
2018-06-13,fomc_minutes_20180613.html,fomc_minutes,substantial period,0,False,considerable time,0.0
2018-06-13,fomc_minutes_20180613,fomc_minutes,substantial period,0,False,considerable time,0.0
2018-06-13,policy_statement_20180613,policy_statement,substantial period,0,False,considerable time,0.0
2018-06-13,policy_statement_20180613.html,policy_statement,substantial period,0,False,considerable time,0.0
2018-06-13,fomc_minutes_20180613.html,fomc_minutes,supportive,4,False,accommodative,0.5714285714285714
2018-06-13,policy_statement_20180613.html,policy_statement,supportive,0,False,accommodative,0.5714285714285714
2018-06-13,fomc_minutes_20180613,fomc_minutes,supportive,4,False,accommodative,0.5714285714285714
2018-06-13,policy_statement_20180613,policy_statement,supportive,0,False,accommodative,0.5714285714285714
2018-06-13,fomc_minutes_20180613.html,fomc_minutes,temporary,3,False,transitory,0.0
2018-06-13,policy_statement_20180613.html,policy_statement,temporary,0,False,transitory,0.0
2018-06-13,fomc_minutes_20180613,fomc_minutes,temporary,3,False,transitory,0.0
2018-06-13,policy_statement_20180613,policy_statement,temporary,0,False,transitory,0.0
2018-06-13,fomc_minutes_20180613.html,fomc_minutes,transient,0,False,transitory,0.0
2018-06-13,policy_statement_20180613.html,policy_statement,transient,0,False,transitory,0.0
2018-06-13,fomc_minutes_20180613,fomc_minutes,transient,0,False,transitory,0.0
2018-06-13,policy_statement_20180613,policy_statement,transient,0,False,transitory,0.0
2018-06-13,policy_statement_20180613.html,policy_statement,transitory,0,False,transitory,0.5714285714285714
2018-06-13,fomc_minutes_20180613,fomc_minutes,transitory,0,False,transitory,0.5714285714285714
2018-06-13,fomc_minutes_20180613.html,fomc_minutes,transitory,0,False,transitory,0.5714285714285714
2018-06-13,policy_statement_20180613,policy_statement,transitory,0,False,transitory,0.5714285714285714
2018-06-13,fomc_minutes_20180613,fomc_minutes,transitory_GROUP,3,True,transitory,0.5714285714285714
2018-06-13,fomc_minutes_20180613.html,fomc_minutes,transitory_GROUP,3,True,transitory,0.5714285714285714
2018-06-13,policy_statement_20180613,policy_statement,transitory_GROUP,0,True,transitory,0.5714285714285714
2018-06-13,policy_statement_20180613.html,policy_statement,transitory_GROUP,0,True,transitory,0.5714285714285714
2018-08-01,policy_statement_20180801,policy_statement,accommodating,0,False,accommodative,0.0
2018-08-01,policy_statement_20180801,policy_statement,accommodative,1,False,accommodative,4.777777777777778
2018-08-01,policy_statement_20180801,policy_statement,accommodative_GROUP,1,True,accommodative,6.111111111111111
2018-08-01,policy_statement_20180801,policy_statement,all available tools,0,False,full range of tools,0.0
2018-08-01,policy_statement_20180801,policy_statement,complete toolkit,0,False,full range of tools,0.0
2018-08-01,policy_statement_20180801,policy_statement,considerable time,0,False,considerable time,0.0
2018-08-01,policy_statement_20180801,policy_statement,considerable time_GROUP,0,True,considerable time,0.0
2018-08-01,policy_statement_20180801,policy_statement,deliberate,0,False,patient,0.0
2018-08-01,policy_statement_20180801,policy_statement,easy,0,False,accommodative,0.0
2018-08-01,policy_statement_20180801,policy_statement,entire toolkit,0,False,full range of tools,0.0
2018-08-01,policy_statement_20180801,policy_statement,extended period,0,False,considerable time,0.0
2018-08-01,policy_statement_20180801,policy_statement,full range of tools,0,False,full range of tools,0.0
2018-08-01,policy_statement_20180801,policy_statement,full range of tools_GROUP,0,True,full range of tools,0.0
2018-08-01,policy_statement_20180801,policy_statement,gradual,1,False,patient,4.444444444444445
2018-08-01,policy_statement_20180801,policy_statement,measured,0,False,patient,1.3333333333333333
2018-08-01,policy_statement_20180801,policy_statement,patient,0,False,patient,0.0
2018-08-01,policy_statement_20180801,policy_statement,patient_GROUP,1,True,patient,5.777777777777778
2018-08-01,policy_statement_20180801,policy_statement,short-lived,0,False,transitory,0.0
2018-08-01,policy_statement_20180801,policy_statement,significant time,0,False,considerable time,0.0
2018-08-01,policy_statement_20180801,policy_statement,substantial period,0,False,considerable time,0.0
2018-08-01,policy_statement_20180801,policy_statement,supportive,0,False,accommodative,1.3333333333333333
2018-08-01,policy_statement_20180801,policy_statement,temporary,0,False,transitory,0.6666666666666666
2018-08-01,policy_statement_20180801,policy_statement,transient,0,False,transitory,0.0
2018-08-01,policy_statement_20180801,policy_statement,transitory,0,False,transitory,0.4444444444444444
2018-08-01,policy_statement_20180801,policy_statement,transitory_GROUP,0,True,transitory,1.1111111111111112
2018-09-26,fomc_minutes_20180926.html,fomc_minutes,accommodating,0,False,accommodative,0.0
2018-09-26,policy_statement_20180926,policy_statement,accommodating,0,False,accommodative,0.0
2018-09-26,policy_statement_20180926.html,policy_statement,accommodating,0,False,accommodative,0.0
2018-09-26,fomc_minutes_20180926,fomc_minutes,accommodating,0,False,accommodative,0.0
2018-09-26,fomc_minutes_20180926.html,fomc_minutes,accommodative,11,False,accommodative,3.0
2018-09-26,policy_statement_20180926,policy_statement,accommodative,0,False,accommodative,3.0
2018-09-26,policy_statement_20180926.html,policy_statement,accommodative,0,False,accommodative,3.0
2018-09-26,fomc_minutes_20180926,fomc_minutes,accommodative,11,False,accommodative,3.0
2018-09-26,fomc_minutes_20180926.html,fomc_minutes,accommodative_GROUP,14,True,accommodative,4.333333333333333
2018-09-26,policy_statement_20180926,policy_statement,accommodative_GROUP,0,True,accommodative,4.333333333333333
2018-09-26,policy_statement_20180926.html,policy_statement,accommodative_GROUP,0,True,accommodative,4.333333333333333
2018-09-26,fomc_minutes_20180926,fomc_minutes,accommodative_GROUP,14,True,accommodative,4.333333333333333
2018-09-26,fomc_minutes_20180926.html,fomc_minutes,all available tools,0,False,full range of tools,0.0
2018-09-26,policy_statement_20180926,policy_statement,all available tools,0,False,full range of tools,0.0
2018-09-26,policy_statement_20180926.html,policy_statement,all available tools,0,False,full range of tools,0.0
2018-09-26,fomc_minutes_20180926,fomc_minutes,all available tools,0,False,full range of tools,0.0
2018-09-26,fomc_minutes_20180926.html,fomc_minutes,complete toolkit,0,False,full range of tools,0.0
2018-09-26,policy_statement_20180926,policy_statement,complete toolkit,0,False,full range of tools,0.0
2018-09-26,fomc_minutes_20180926,fomc_minutes,complete toolkit,0,False,full range of tools,0.0
2018-09-26,policy_statement_20180926.html,policy_statement,complete toolkit,0,False,full range of tools,0.0
2018-09-26,fomc_minutes_20180926.html,fomc_minutes,considerable time,0,False,considerable time,0.0
2018-09-26,policy_statement_20180926,policy_statement,considerable time,0,False,considerable time,0.0
2018-09-26,policy_statement_20180926.html,policy_statement,considerable time,0,False,considerable time,0.0
2018-09-26,fomc_minutes_20180926,fomc_minutes,considerable time,0,False,considerable time,0.0
2018-09-26,policy_statement_20180926,policy_statement,considerable time_GROUP,0,True,considerable time,0.0
2018-09-26,fomc_minutes_20180926.html,fomc_minutes,considerable time_GROUP,0,True,considerable time,0.0
2018-09-26,policy_statement_20180926.html,policy_statement,considerable time_GROUP,0,True,considerable time,0.0
2018-09-26,fomc_minutes_20180926,fomc_minutes,considerable time_GROUP,0,True,considerable time,0.0
2018-09-26,fomc_minutes_20180926.html,fomc_minutes,deliberate,0,False,patient,0.0
2018-09-26,policy_statement_20180926,policy_statement,deliberate,0,False,patient,0.0
2018-09-26,policy_statement_20180926.html,policy_statement,deliberate,0,False,patient,0.0
2018-09-26,fomc_minutes_20180926,fomc_minutes,deliberate,0,False,patient,0.0
2018-09-26,fomc_minutes_20180926.html,fomc_minutes,easy,0,False,accommodative,0.0
2018-09-26,policy_statement_20180926,policy_statement,easy,0,False,accommodative,0.0
2018-09-26,policy_statement_20180926.html,policy_statement,easy,0,False,accommodative,0.0
2018-09-26,fomc_minutes_20180926,fomc_minutes,easy,0,False,accommodative,0.0
2018-09-26,fomc_minutes_20180926.html,fomc_minutes,entire toolkit,0,False,full range of tools,0.0
2018-09-26,policy_statement_20180926,policy_statement,entire toolkit,0,False,full range of tools,0.0
2018-09-26,policy_statement_20180926.html,policy_statement,entire toolkit,0,False,full range of tools,0.0
2018-09-26,fomc_minutes_20180926,fomc_minutes,entire toolkit,0,False,full range of tools,0.0
2018-09-26,fomc_minutes_20180926.html,fomc_minutes,extended period,0,False,considerable time,0.0
2018-09-26,policy_statement_20180926,policy_statement,extended period,0,False,considerable time,0.0
2018-09-26,policy_statement_20180926.html,policy_statement,extended period,0,False,considerable time,0.0
2018-09-26,fomc_minutes_20180926,fomc_minutes,extended period,0,False,considerable time,0.0
2018-09-26,fomc_minutes_20180926.html,fomc_minutes,full range of tools,0,False,full range of tools,0.0
2018-09-26,policy_statement_20180926,policy_statement,full range of tools,0,False,full range of tools,0.0
2018-09-26,policy_statement_20180926.html,policy_statement,full range of tools,0,False,full range of tools,0.0
2018-09-26,fomc_minutes_20180926,fomc_minutes,full range of tools,0,False,full range of tools,0.0
2018-09-26,policy_statement_20180926,policy_statement,full range of tools_GROUP,0,True,full range of tools,0.0
2018-09-26,policy_statement_20180926.html,policy_statement,full range of tools_GROUP,0,True,full range of tools,0.0
2018-09-26,fomc_minutes_20180926.html,fomc_minutes,full range of tools_GROUP,0,True,full range of tools,0.0
2018-09-26,fomc_minutes_20180926,fomc_minutes,full range of tools_GROUP,0,True,full range of tools,0.0
2018-09-26,fomc_minutes_20180926.html,fomc_minutes,gradual,5,False,patient,3.1666666666666665
2018-09-26,policy_statement_20180926,policy_statement,gradual,1,False,patient,3.1666666666666665
2018-09-26,policy_statement_20180926.html,policy_statement,gradual,1,False,patient,3.1666666666666665
2018-09-26,fomc_minutes_20180926,fomc_minutes,gradual,5,False,patient,3.1666666666666665
2018-09-26,fomc_minutes_20180926.html,fomc_minutes,measured,3,False,patient,1.0
2018-09-26,policy_statement_20180926,policy_statement,measured,0,False,patient,1.0
2018-09-26,policy_statement_20180926.html,policy_statement,measured,0,False,patient,1.0
2018-09-26,fomc_minutes_20180926,fomc_minutes,measured,3,False,patient,1.0
2018-09-26,fomc_minutes_20180926.html,fomc_minutes,patient,0,False,patient,0.0
2018-09-26,policy_statement_20180926,policy_statement,patient,0,False,patient,0.0
2018-09-26,policy_statement_20180926.html,policy_statement,patient,0,False,patient,0.0
2018-09-26,fomc_minutes_20180926,fomc_minutes,patient,0,False,patient,0.0
2018-09-26,fomc_minutes_20180926.html,fomc_minutes,patient_GROUP,8,True,patient,4.166666666666667
2018-09-26,policy_statement_20180926,policy_statement,patient_GROUP,1,True,patient,4.166666666666667
2018-09-26,policy_statement_20180926.html,policy_statement,patient_GROUP,1,True,patient,4.166666666666667
2018-09-26,fomc_minutes_20180926,fomc_minutes,patient_GROUP,8,True,patient,4.166666666666667
2018-09-26,fomc_minutes_20180926.html,fomc_minutes,short-lived,0,False,transitory,0.0
2018-09-26,policy_statement_20180926,policy_statement,short-lived,0,False,transitory,0.0
2018-09-26,policy_statement_20180926.html,policy_statement,short-lived,0,False,transitory,0.0
2018-09-26,fomc_minutes_20180926,fomc_minutes,short-lived,0,False,transitory,0.0
2018-09-26,fomc_minutes_20180926.html,fomc_minutes,significant time,0,False,considerable time,0.0
2018-09-26,policy_statement_20180926,policy_statement,significant time,0,False,considerable time,0.0
2018-09-26,policy_statement_20180926.html,policy_statement,significant time,0,False,considerable time,0.0
2018-09-26,fomc_minutes_20180926,fomc_minutes,significant time,0,False,considerable time,0.0
2018-09-26,fomc_minutes_20180926.html,fomc_minutes,substantial period,0,False,considerable time,0.0
2018-09-26,policy_statement_20180926,policy_statement,substantial period,0,False,considerable time,0.0
2018-09-26,policy_statement_20180926.html,policy_statement,substantial period,0,False,considerable time,0.0
2018-09-26,fomc_minutes_20180926,fomc_minutes,substantial period,0,False,considerable time,0.0
2018-09-26,fomc_minutes_20180926.html,fomc_minutes,supportive,3,False,accommodative,1.3333333333333333
2018-09-26,policy_statement_20180926,policy_statement,supportive,0,False,accommodative,1.3333333333333333
2018-09-26,policy_statement_20180926.html,policy_statement,supportive,0,False,accommodative,1.3333333333333333
2018-09-26,fomc_minutes_20180926,fomc_minutes,supportive,3,False,accommodative,1.3333333333333333
2018-09-26,fomc_minutes_20180926.html,fomc_minutes,temporary,0,False,transitory,1.0
2018-09-26,policy_statement_20180926,policy_statement,temporary,0,False,transitory,1.0
2018-09-26,policy_statement_20180926.html,policy_statement,temporary,0,False,transitory,1.0
2018-09-26,fomc_minutes_20180926,fomc_minutes,temporary,0,False,transitory,1.0
2018-09-26,fomc_minutes_20180926.html,fomc_minutes,transient,0,False,transitory,0.0
2018-09-26,policy_statement_20180926,policy_statement,transient,0,False,transitory,0.0
2018-09-26,policy_statement_20180926.html,policy_statement,transient,0,False,transitory,0.0
2018-09-26,fomc_minutes_20180926,fomc_minutes,transient,0,False,transitory,0.0
2018-09-26,fomc_minutes_20180926.html,fomc_minutes,transitory,1,False,transitory,0.0
2018-09-26,policy_statement_20180926,policy_statement,transitory,0,False,transitory,0.0
2018-09-26,fomc_minutes_20180926,fomc_minutes,transitory,1,False,transitory,0.0
2018-09-26,policy_statement_20180926.html,policy_statement,transitory,0,False,transitory,0.0
2018-09-26,fomc_minutes_20180926.html,fomc_minutes,transitory_GROUP,1,True,transitory,1.0
2018-09-26,policy_statement_20180926,policy_statement,transitory_GROUP,0,True,transitory,1.0
2018-09-26,policy_statement_20180926.html,policy_statement,transitory_GROUP,0,True,transitory,1.0
2018-09-26,fomc_minutes_20180926,fomc_minutes,transitory_GROUP,1,True,transitory,1.0
2018-11-08,policy_statement_20181108,policy_statement,accommodating,0,False,accommodative,0.0
2018-11-08,policy_statement_20181108,policy_statement,accommodative,0,False,accommodative,4.333333333333333
2018-11-08,policy_statement_20181108,policy_statement,accommodative_GROUP,0,True,accommodative,5.888888888888889
2018-11-08,policy_statement_20181108,policy_statement,all available tools,0,False,full range of tools,0.0
2018-11-08,policy_statement_20181108,policy_statement,complete toolkit,0,False,full range of tools,0.0
2018-11-08,policy_statement_20181108,policy_statement,considerable time,0,False,considerable time,0.0
2018-11-08,policy_statement_20181108,policy_statement,considerable time_GROUP,0,True,considerable time,0.0
2018-11-08,policy_statement_20181108,policy_statement,deliberate,0,False,patient,0.0
2018-11-08,policy_statement_20181108,policy_statement,easy,0,False,accommodative,0.0
2018-11-08,policy_statement_20181108,policy_statement,entire toolkit,0,False,full range of tools,0.0
2018-11-08,policy_statement_20181108,policy_statement,extended period,0,False,considerable time,0.0
2018-11-08,policy_statement_20181108,policy_statement,full range of tools,0,False,full range of tools,0.0
2018-11-08,policy_statement_20181108,policy_statement,full range of tools_GROUP,0,True,full range of tools,0.0
2018-11-08,policy_statement_20181108,policy_statement,gradual,1,False,patient,3.2222222222222223
2018-11-08,policy_statement_20181108,policy_statement,measured,0,False,patient,1.3333333333333333
2018-11-08,policy_statement_20181108,policy_statement,patient,0,False,patient,0.0
2018-11-08,policy_statement_20181108,policy_statement,patient_GROUP,1,True,patient,4.555555555555555
2018-11-08,policy_statement_20181108,policy_statement,short-lived,0,False,transitory,0.0
2018-11-08,policy_statement_20181108,policy_statement,significant time,0,False,considerable time,0.0
2018-11-08,policy_statement_20181108,policy_statement,substantial period,0,False,considerable time,0.0
2018-11-08,policy_statement_20181108,policy_statement,supportive,0,False,accommodative,1.5555555555555556
2018-11-08,policy_statement_20181108,policy_statement,temporary,0,False,transitory,0.6666666666666666
2018-11-08,policy_statement_20181108,policy_statement,transient,0,False,transitory,0.0
2018-11-08,policy_statement_20181108,policy_statement,transitory,0,False,transitory,0.2222222222222222
2018-11-08,policy_statement_20181108,policy_statement,transitory_GROUP,0,True,transitory,0.8888888888888888
2018-12-19,policy_statement_20181219.html,policy_statement,accommodating,0,False,accommodative,0.0
2018-12-19,policy_statement_20181219,policy_statement,accommodating,0,False,accommodative,0.0
2018-12-19,fomc_minutes_20181219.html,fomc_minutes,accommodating,0,False,accommodative,0.0
2018-12-19,fomc_minutes_20181219,fomc_minutes,accommodating,0,False,accommodative,0.0
2018-12-19,policy_statement_20181219.html,policy_statement,accommodative,0,False,accommodative,3.8333333333333335
2018-12-19,policy_statement_20181219,policy_statement,accommodative,0,False,accommodative,3.8333333333333335
2018-12-19,fomc_minutes_20181219.html,fomc_minutes,accommodative,5,False,accommodative,3.8333333333333335
2018-12-19,fomc_minutes_20181219,fomc_minutes,accommodative,5,False,accommodative,3.8333333333333335
2018-12-19,policy_statement_20181219.html,policy_statement,accommodative_GROUP,0,True,accommodative,4.833333333333333
2018-12-19,policy_statement_20181219,policy_statement,accommodative_GROUP,0,True,accommodative,4.833333333333333
2018-12-19,fomc_minutes_20181219.html,fomc_minutes,accommodative_GROUP,7,True,accommodative,4.833333333333333
2018-12-19,fomc_minutes_20181219,fomc_minutes,accommodative_GROUP,7,True,accommodative,4.833333333333333
2018-12-19,policy_statement_20181219.html,policy_statement,all available tools,0,False,full range of tools,0.0
2018-12-19,policy_statement_20181219,policy_statement,all available tools,0,False,full range of tools,0.0
2018-12-19,fomc_minutes_20181219.html,fomc_minutes,all available tools,0,False,full range of tools,0.0
2018-12-19,fomc_minutes_20181219,fomc_minutes,all available tools,0,False,full range of tools,0.0
2018-12-19,policy_statement_20181219.html,policy_statement,complete toolkit,0,False,full range of tools,0.0
2018-12-19,policy_statement_20181219,policy_statement,complete toolkit,0,False,full range of tools,0.0
2018-12-19,fomc_minutes_20181219.html,fomc_minutes,complete toolkit,0,False,full range of tools,0.0
2018-12-19,fomc_minutes_20181219,fomc_minutes,complete toolkit,0,False,full range of tools,0.0
2018-12-19,policy_statement_20181219.html,policy_statement,considerable time,0,False,considerable time,0.0
2018-12-19,policy_statement_20181219,policy_statement,considerable time,0,False,considerable time,0.0
2018-12-19,fomc_minutes_20181219.html,fomc_minutes,considerable time,0,False,considerable time,0.0
2018-12-19,fomc_minutes_20181219,fomc_minutes,considerable time,0,False,considerable time,0.0
2018-12-19,policy_statement_20181219.html,policy_statement,considerable time_GROUP,0,True,considerable time,0.0
2018-12-19,policy_statement_20181219,policy_statement,considerable time_GROUP,0,True,considerable time,0.0
2018-12-19,fomc_minutes_20181219.html,fomc_minutes,considerable time_GROUP,0,True,considerable time,0.0
2018-12-19,fomc_minutes_20181219,fomc_minutes,considerable time_GROUP,0,True,considerable time,0.0
2018-12-19,policy_statement_20181219.html,policy_statement,deliberate,0,False,patient,0.0
2018-12-19,policy_statement_20181219,policy_statement,deliberate,0,False,patient,0.0
2018-12-19,fomc_minutes_20181219.html,fomc_minutes,deliberate,0,False,patient,0.0
2018-12-19,fomc_minutes_20181219,fomc_minutes,deliberate,0,False,patient,0.0
2018-12-19,policy_statement_20181219.html,policy_statement,easy,0,False,accommodative,0.0
2018-12-19,policy_statement_20181219,policy_statement,easy,0,False,accommodative,0.0
2018-12-19,fomc_minutes_20181219.html,fomc_minutes,easy,0,False,accommodative,0.0
2018-12-19,fomc_minutes_20181219,fomc_minutes,easy,0,False,accommodative,0.0
2018-12-19,policy_statement_20181219.html,policy_statement,entire toolkit,0,False,full range of tools,0.0
2018-12-19,policy_statement_20181219,policy_statement,entire toolkit,0,False,full range of tools,0.0
2018-12-19,fomc_minutes_20181219.html,fomc_minutes,entire toolkit,0,False,full range of tools,0.0
2018-12-19,fomc_minutes_20181219,fomc_minutes,entire toolkit,0,False,full range of tools,0.0
2018-12-19,policy_statement_20181219.html,policy_statement,extended period,0,False,considerable time,0.0
2018-12-19,policy_statement_20181219,policy_statement,extended period,0,False,considerable time,0.0
2018-12-19,fomc_minutes_20181219.html,fomc_minutes,extended period,0,False,considerable time,0.0
2018-12-19,fomc_minutes_20181219,fomc_minutes,extended period,0,False,considerable time,0.0
2018-12-19,policy_statement_20181219.html,policy_statement,full range of tools,0,False,full range of tools,0.0
2018-12-19,policy_statement_20181219,policy_statement,full range of tools,0,False,full range of tools,0.0
2018-12-19,fomc_minutes_20181219.html,fomc_minutes,full range of tools,0,False,full range of tools,0.0
2018-12-19,fomc_minutes_20181219,fomc_minutes,full range of tools,0,False,full range of tools,0.0
2018-12-19,policy_statement_20181219,policy_statement,full range of tools_GROUP,0,True,full range of tools,0.0
2018-12-19,policy_statement_20181219.html,policy_statement,full range of tools_GROUP,0,True,full range of tools,0.0
2018-12-19,fomc_minutes_20181219,fomc_minutes,full range of tools_GROUP,0,True,full range of tools,0.0
2018-12-19,fomc_minutes_20181219.html,fomc_minutes,full range of tools_GROUP,0,True,full range of tools,0.0
2018-12-19,policy_statement_20181219.html,policy_statement,gradual,1,False,patient,2.3333333333333335
2018-12-19,policy_statement_20181219,policy_statement,gradual,1,False,patient,2.3333333333333335
2018-12-19,fomc_minutes_20181219.html,fomc_minutes,gradual,11,False,patient,2.3333333333333335
2018-12-19,fomc_minutes_20181219,fomc_minutes,gradual,11,False,patient,2.3333333333333335
2018-12-19,policy_statement_20181219.html,policy_statement,measured,0,False,patient,1.0
2018-12-19,policy_statement_20181219,policy_statement,measured,0,False,patient,1.0
2018-12-19,fomc_minutes_20181219.html,fomc_minutes,measured,3,False,patient,1.0
2018-12-19,fomc_minutes_20181219,fomc_minutes,measured,3,False,patient,1.0
2018-12-19,policy_statement_20181219.html,policy_statement,patient,0,False,patient,0.0
2018-12-19,policy_statement_20181219,policy_statement,patient,0,False,patient,0.0
2018-12-19,fomc_minutes_20181219.html,fomc_minutes,patient,1,False,patient,0.0
2018-12-19,fomc_minutes_20181219,fomc_minutes,patient,1,False,patient,0.0
2018-12-19,policy_statement_20181219.html,policy_statement,patient_GROUP,1,True,patient,3.3333333333333335
2018-12-19,policy_statement_20181219,policy_statement,patient_GROUP,1,True,patient,3.3333333333333335
2018-12-19,fomc_minutes_20181219.html,fomc_minutes,patient_GROUP,15,True,patient,3.3333333333333335
2018-12-19,fomc_minutes_20181219,fomc_minutes,patient_GROUP,15,True,patient,3.3333333333333335
2018-12-19,policy_statement_20181219.html,policy_statement,short-lived,0,False,transitory,0.0
2018-12-19,policy_statement_20181219,policy_statement,short-lived,0,False,transitory,0.0
2018-12-19,fomc_minutes_20181219.html,fomc_minutes,short-lived,0,False,transitory,0.0
2018-12-19,fomc_minutes_20181219,fomc_minutes,short-lived,0,False,transitory,0.0
2018-12-19,policy_statement_20181219.html,policy_statement,significant time,0,False,considerable time,0.0
2018-12-19,policy_statement_20181219,policy_statement,significant time,0,False,considerable time,0.0
2018-12-19,fomc_minutes_20181219.html,fomc_minutes,significant time,0,False,considerable time,0.0
2018-12-19,fomc_minutes_20181219,fomc_minutes,significant time,0,False,considerable time,0.0
2018-12-19,policy_statement_20181219.html,policy_statement,substantial period,0,False,considerable time,0.0
2018-12-19,policy_statement_20181219,policy_statement,substantial period,0,False,considerable time,0.0
2018-12-19,fomc_minutes_20181219.html,fomc_minutes,substantial period,0,False,considerable time,0.0
2018-12-19,fomc_minutes_20181219,fomc_minutes,substantial period,0,False,considerable time,0.0
2018-12-19,policy_statement_20181219.html,policy_statement,supportive,0,False,accommodative,1.0
2018-12-19,policy_statement_20181219,policy_statement,supportive,0,False,accommodative,1.0
2018-12-19,fomc_minutes_20181219.html,fomc_minutes,supportive,2,False,accommodative,1.0
2018-12-19,fomc_minutes_20181219,fomc_minutes,supportive,2,False,accommodative,1.0
2018-12-19,policy_statement_20181219.html,policy_statement,temporary,0,False,transitory,0.0
2018-12-19,policy_statement_20181219,policy_statement,temporary,0,False,transitory,0.0
2018-12-19,fomc_minutes_20181219.html,fomc_minutes,temporary,2,False,transitory,0.0
2018-12-19,fomc_minutes_20181219,fomc_minutes,temporary,2,False,transitory,0.0
2018-12-19,fomc_minutes_20181219.html,fomc_minutes,transient,0,False,transitory,0.0
2018-12-19,policy_statement_20181219,policy_statement,transient,0,False,transitory,0.0
2018-12-19,policy_statement_20181219.html,policy_statement,transient,0,False,transitory,0.0
2018-12-19,fomc_minutes_20181219,fomc_minutes,transient,0,False,transitory,0.0
2018-12-19,fomc_minutes_20181219.html,fomc_minutes,transitory,2,False,transitory,0.3333333333333333
2018-12-19,policy_statement_20181219,policy_statement,transitory,0,False,transitory,0.3333333333333333
2018-12-19,policy_statement_20181219.html,policy_statement,transitory,0,False,transitory,0.3333333333333333
2018-12-19,fomc_minutes_20181219,fomc_minutes,transitory,2,False,transitory,0.3333333333333333
2018-12-19,policy_statement_20181219.html,policy_statement,transitory_GROUP,0,True,transitory,0.3333333333333333
2018-12-19,policy_statement_20181219,policy_statement,transitory_GROUP,0,True,transitory,0.3333333333333333
2018-12-19,fomc_minutes_20181219.html,fomc_minutes,transitory_GROUP,4,True,transitory,0.3333333333333333
2018-12-19,fomc_minutes_20181219,fomc_minutes,transitory_GROUP,4,True,transitory,0.3333333333333333
2019-01-30,policy_statement_20190130,policy_statement,accommodating,0,False,accommodative,0.0
2019-01-30,policy_statement_20190130.html,policy_statement,accommodating,0,False,accommodative,0.0
2019-01-30,fomc_minutes_20190130.html,fomc_minutes,accommodating,0,False,accommodative,0.0
2019-01-30,fomc_minutes_20190130,fomc_minutes,accommodating,0,False,accommodative,0.0
2019-01-30,policy_statement_20190130,policy_statement,accommodative,0,False,accommodative,3.5555555555555554
2019-01-30,policy_statement_20190130.html,policy_statement,accommodative,0,False,accommodative,3.5555555555555554
2019-01-30,fomc_minutes_20190130.html,fomc_minutes,accommodative,4,False,accommodative,3.5555555555555554
2019-01-30,fomc_minutes_20190130,fomc_minutes,accommodative,4,False,accommodative,3.5555555555555554
2019-01-30,policy_statement_20190130,policy_statement,accommodative_GROUP,0,True,accommodative,4.666666666666667
2019-01-30,policy_statement_20190130.html,policy_statement,accommodative_GROUP,0,True,accommodative,4.666666666666667
2019-01-30,fomc_minutes_20190130.html,fomc_minutes,accommodative_GROUP,7,True,accommodative,4.666666666666667
2019-01-30,fomc_minutes_20190130,fomc_minutes,accommodative_GROUP,7,True,accommodative,4.666666666666667
2019-01-30,policy_statement_20190130,policy_statement,all available tools,0,False,full range of tools,0.0
2019-01-30,policy_statement_20190130.html,policy_statement,all available tools,0,False,full range of tools,0.0
2019-01-30,fomc_minutes_20190130.html,fomc_minutes,all available tools,0,False,full range of tools,0.0
2019-01-30,fomc_minutes_20190130,fomc_minutes,all available tools,0,False,full range of tools,0.0
2019-01-30,policy_statement_20190130,policy_statement,complete toolkit,0,False,full range of tools,0.0
2019-01-30,policy_statement_20190130.html,policy_statement,complete toolkit,0,False,full range of tools,0.0
2019-01-30,fomc_minutes_20190130.html,fomc_minutes,complete toolkit,0,False,full range of tools,0.0
2019-01-30,fomc_minutes_20190130,fomc_minutes,complete toolkit,0,False,full range of tools,0.0
2019-01-30,policy_statement_20190130,policy_statement,considerable time,0,False,considerable time,0.0
2019-01-30,policy_statement_20190130.html,policy_statement,considerable time,0,False,considerable time,0.0
2019-01-30,fomc_minutes_20190130.html,fomc_minutes,considerable time,0,False,considerable time,0.0
2019-01-30,fomc_minutes_20190130,fomc_minutes,considerable time,0,False,considerable time,0.0
2019-01-30,policy_statement_20190130,policy_statement,considerable time_GROUP,0,True,considerable time,0.0
2019-01-30,policy_statement_20190130.html,policy_statement,considerable time_GROUP,0,True,considerable time,0.0
2019-01-30,fomc_minutes_20190130.html,fomc_minutes,considerable time_GROUP,0,True,considerable time,0.0
2019-01-30,fomc_minutes_20190130,fomc_minutes,considerable time_GROUP,0,True,considerable time,0.0
2019-01-30,policy_statement_20190130,policy_statement,deliberate,0,False,patient,0.0
2019-01-30,policy_statement_20190130.html,policy_statement,deliberate,0,False,patient,0.0
2019-01-30,fomc_minutes_20190130.html,fomc_minutes,deliberate,0,False,patient,0.0
2019-01-30,fomc_minutes_20190130,fomc_minutes,deliberate,0,False,patient,0.0
2019-01-30,policy_statement_20190130,policy_statement,easy,0,False,accommodative,0.0
2019-01-30,policy_statement_20190130.html,policy_statement,easy,0,False,accommodative,0.0
2019-01-30,fomc_minutes_20190130.html,fomc_minutes,easy,0,False,accommodative,0.0
2019-01-30,fomc_minutes_20190130,fomc_minutes,easy,0,False,accommodative,0.0
2019-01-30,policy_statement_20190130,policy_statement,entire toolkit,0,False,full range of tools,0.0
2019-01-30,policy_statement_20190130.html,policy_statement,entire toolkit,0,False,full range of tools,0.0
2019-01-30,fomc_minutes_20190130.html,fomc_minutes,entire toolkit,0,False,full range of tools,0.0
2019-01-30,fomc_minutes_20190130,fomc_minutes,entire toolkit,0,False,full range of tools,0.0
2019-01-30,policy_statement_20190130,policy_statement,extended period,0,False,considerable time,0.0
2019-01-30,policy_statement_20190130.html,policy_statement,extended period,0,False,considerable time,0.0
2019-01-30,fomc_minutes_20190130.html,fomc_minutes,extended period,0,False,considerable time,0.0
2019-01-30,fomc_minutes_20190130,fomc_minutes,extended period,0,False,considerable time,0.0
2019-01-30,policy_statement_20190130,policy_statement,full range of tools,0,False,full range of tools,0.0
2019-01-30,policy_statement_20190130.html,policy_statement,full range of tools,0,False,full range of tools,0.0
2019-01-30,fomc_minutes_20190130.html,fomc_minutes,full range of tools,1,False,full range of tools,0.0
2019-01-30,fomc_minutes_20190130,fomc_minutes,full range of tools,1,False,full range of tools,0.0
2019-01-30,policy_statement_20190130,policy_statement,full range of tools_GROUP,0,True,full range of tools,0.0
2019-01-30,policy_statement_20190130.html,policy_statement,full range of tools_GROUP,0,True,full range of tools,0.0
2019-01-30,fomc_minutes_20190130.html,fomc_minutes,full range of tools_GROUP,1,True,full range of tools,0.0
2019-01-30,fomc_minutes_20190130,fomc_minutes,full range of tools_GROUP,1,True,full range of tools,0.0
2019-01-30,policy_statement_20190130,policy_statement,gradual,0,False,patient,4.111111111111111
2019-01-30,policy_statement_20190130.html,policy_statement,gradual,0,False,patient,4.111111111111111
2019-01-30,fomc_minutes_20190130.html,fomc_minutes,gradual,5,False,patient,4.111111111111111
2019-01-30,fomc_minutes_20190130,fomc_minutes,gradual,5,False,patient,4.111111111111111
2019-01-30,policy_statement_20190130,policy_statement,measured,0,False,patient,1.3333333333333333
2019-01-30,policy_statement_20190130.html,policy_statement,measured,0,False,patient,1.3333333333333333
2019-01-30,fomc_minutes_20190130.html,fomc_minutes,measured,4,False,patient,1.3333333333333333
2019-01-30,fomc_minutes_20190130,fomc_minutes,measured,4,False,patient,1.3333333333333333
2019-01-30,policy_statement_20190130,policy_statement,patient,1,False,patient,0.2222222222222222
2019-01-30,policy_statement_20190130.html,policy_statement,patient,1,False,patient,0.2222222222222222
2019-01-30,fomc_minutes_20190130.html,fomc_minutes,patient,13,False,patient,0.2222222222222222
2019-01-30,fomc_minutes_20190130,fomc_minutes,patient,13,False,patient,0.2222222222222222
2019-01-30,policy_statement_20190130,policy_statement,patient_GROUP,1,True,patient,5.666666666666667
2019-01-30,policy_statement_20190130.html,policy_statement,patient_GROUP,1,True,patient,5.666666666666667
2019-01-30,fomc_minutes_20190130.html,fomc_minutes,patient_GROUP,22,True,patient,5.666666666666667
2019-01-30,fomc_minutes_20190130,fomc_minutes,patient_GROUP,22,True,patient,5.666666666666667
2019-01-30,policy_statement_20190130,policy_statement,short-lived,0,False,transitory,0.0
2019-01-30,policy_statement_20190130.html,policy_statement,short-lived,0,False,transitory,0.0
2019-01-30,fomc_minutes_20190130.html,fomc_minutes,short-lived,0,False,transitory,0.0
2019-01-30,fomc_minutes_20190130,fomc_minutes,short-lived,0,False,transitory,0.0
2019-01-30,policy_statement_20190130,policy_statement,significant time,0,False,considerable time,0.0
2019-01-30,policy_statement_20190130.html,policy_statement,significant time,0,False,considerable time,0.0
2019-01-30,fomc_minutes_20190130.html,fomc_minutes,significant time,0,False,considerable time,0.0
2019-01-30,fomc_minutes_20190130,fomc_minutes,significant time,0,False,considerable time,0.0
2019-01-30,policy_statement_20190130,policy_statement,substantial period,0,False,considerable time,0.0
2019-01-30,policy_statement_20190130.html,policy_statement,substantial period,0,False,considerable time,0.0
2019-01-30,fomc_minutes_20190130.html,fomc_minutes,substantial period,0,False,considerable time,0.0
2019-01-30,fomc_minutes_20190130,fomc_minutes,substantial period,0,False,considerable time,0.0
2019-01-30,policy_statement_20190130,policy_statement,supportive,0,False,accommodative,1.1111111111111112
2019-01-30,policy_statement_20190130.html,policy_statement,supportive,0,False,accommodative,1.1111111111111112
2019-01-30,fomc_minutes_20190130.html,fomc_minutes,supportive,3,False,accommodative,1.1111111111111112
2019-01-30,fomc_minutes_20190130,fomc_minutes,supportive,3,False,accommodative,1.1111111111111112
2019-01-30,policy_statement_20190130,policy_statement,temporary,0,False,transitory,0.4444444444444444
2019-01-30,policy_statement_20190130.html,policy_statement,temporary,0,False,transitory,0.4444444444444444
2019-01-30,fomc_minutes_20190130.html,fomc_minutes,temporary,4,False,transitory,0.4444444444444444
2019-01-30,fomc_minutes_20190130,fomc_minutes,temporary,4,False,transitory,0.4444444444444444
2019-01-30,policy_statement_20190130,policy_statement,transient,0,False,transitory,0.0
2019-01-30,policy_statement_20190130.html,policy_statement,transient,0,False,transitory,0.0
2019-01-30,fomc_minutes_20190130,fomc_minutes,transient,0,False,transitory,0.0
2019-01-30,fomc_minutes_20190130.html,fomc_minutes,transient,0,False,transitory,0.0
2019-01-30,policy_statement_20190130,policy_statement,transitory,0,False,transitory,0.6666666666666666
2019-01-30,policy_statement_20190130.html,policy_statement,transitory,0,False,transitory,0.6666666666666666
2019-01-30,fomc_minutes_20190130.html,fomc_minutes,transitory,0,False,transitory,0.6666666666666666
2019-01-30,fomc_minutes_20190130,fomc_minutes,transitory,0,False,transitory,0.6666666666666666
2019-01-30,policy_statement_20190130,policy_statement,transitory_GROUP,0,True,transitory,1.1111111111111112
2019-01-30,policy_statement_20190130.html,policy_statement,transitory_GROUP,0,True,transitory,1.1111111111111112
2019-01-30,fomc_minutes_20190130.html,fomc_minutes,transitory_GROUP,4,True,transitory,1.1111111111111112
2019-01-30,fomc_minutes_20190130,fomc_minutes,transitory_GROUP,4,True,transitory,1.1111111111111112
2019-03-20,policy_statement_20190320,policy_statement,accommodating,0,False,accommodative,0.0
2019-03-20,policy_statement_20190320.html,policy_statement,accommodating,0,False,accommodative,0.0
2019-03-20,policy_statement_20190320,policy_statement,accommodative,0,False,accommodative,3.076923076923077
2019-03-20,policy_statement_20190320.html,policy_statement,accommodative,0,False,accommodative,3.076923076923077
2019-03-20,policy_statement_20190320,policy_statement,accommodative_GROUP,0,True,accommodative,4.3076923076923075
2019-03-20,policy_statement_20190320.html,policy_statement,accommodative_GROUP,0,True,accommodative,4.3076923076923075
2019-03-20,policy_statement_20190320,policy_statement,all available tools,0,False,full range of tools,0.0
2019-03-20,policy_statement_20190320.html,policy_statement,all available tools,0,False,full range of tools,0.0
2019-03-20,policy_statement_20190320,policy_statement,complete toolkit,0,False,full range of tools,0.0
2019-03-20,policy_statement_20190320.html,policy_statement,complete toolkit,0,False,full range of tools,0.0
2019-03-20,policy_statement_20190320,policy_statement,considerable time,0,False,considerable time,0.0
2019-03-20,policy_statement_20190320.html,policy_statement,considerable time,0,False,considerable time,0.0
2019-03-20,policy_statement_20190320,policy_statement,considerable time_GROUP,0,True,considerable time,0.0
2019-03-20,policy_statement_20190320.html,policy_statement,considerable time_GROUP,0,True,considerable time,0.0
2019-03-20,policy_statement_20190320.html,policy_statement,deliberate,0,False,patient,0.0
2019-03-20,policy_statement_20190320,policy_statement,deliberate,0,False,patient,0.0
2019-03-20,policy_statement_20190320,policy_statement,easy,0,False,accommodative,0.0
2019-03-20,policy_statement_20190320.html,policy_statement,easy,0,False,accommodative,0.0
2019-03-20,policy_statement_20190320,policy_statement,entire toolkit,0,False,full range of tools,0.0
2019-03-20,policy_statement_20190320.html,policy_statement,entire toolkit,0,False,full range of tools,0.0
2019-03-20,policy_statement_20190320,policy_statement,extended period,0,False,considerable time,0.0
2019-03-20,policy_statement_20190320.html,policy_statement,extended period,0,False,considerable time,0.0
2019-03-20,policy_statement_20190320,policy_statement,full range of tools,0,False,full range of tools,0.15384615384615385
2019-03-20,policy_statement_20190320.html,policy_statement,full range of tools,0,False,full range of tools,0.15384615384615385
2019-03-20,policy_statement_20190320,policy_statement,full range of tools_GROUP,0,True,full range of tools,0.15384615384615385
2019-03-20,policy_statement_20190320.html,policy_statement,full range of tools_GROUP,0,True,full range of tools,0.15384615384615385
2019-03-20,policy_statement_20190320,policy_statement,gradual,0,False,patient,3.6153846153846154
2019-03-20,policy_statement_20190320.html,policy_statement,gradual,0,False,patient,3.6153846153846154
2019-03-20,policy_statement_20190320,policy_statement,measured,0,False,patient,1.5384615384615385
2019-03-20,policy_statement_20190320.html,policy_statement,measured,0,False,patient,1.5384615384615385
2019-03-20,policy_statement_20190320,policy_statement,patient,1,False,patient,2.3076923076923075
2019-03-20,policy_statement_20190320.html,policy_statement,patient,1,False,patient,2.3076923076923075
2019-03-20,policy_statement_20190320,policy_statement,patient_GROUP,1,True,patient,7.461538461538462
2019-03-20,policy_statement_20190320.html,policy_statement,patient_GROUP,1,True,patient,7.461538461538462
2019-03-20,policy_statement_20190320,policy_statement,short-lived,0,False,transitory,0.0
2019-03-20,policy_statement_20190320.html,policy_statement,short-lived,0,False,transitory,0.0
2019-03-20,policy_statement_20190320,policy_statement,significant time,0,False,considerable time,0.0
2019-03-20,policy_statement_20190320.html,policy_statement,significant time,0,False,considerable time,0.0
2019-03-20,policy_statement_20190320,policy_statement,substantial period,0,False,considerable time,0.0
2019-03-20,policy_statement_20190320.html,policy_statement,substantial period,0,False,considerable time,0.0
2019-03-20,policy_statement_20190320,policy_statement,supportive,0,False,accommodative,1.2307692307692308
2019-03-20,policy_statement_20190320.html,policy_statement,supportive,0,False,accommodative,1.2307692307692308
2019-03-20,policy_statement_20190320.html,policy_statement,temporary,0,False,transitory,0.9230769230769231
2019-03-20,policy_statement_20190320,policy_statement,temporary,0,False,transitory,0.9230769230769231
2019-03-20,policy_statement_20190320.html,policy_statement,transient,0,False,transitory,0.0
2019-03-20,policy_statement_20190320,policy_statement,transient,0,False,transitory,0.0
2019-03-20,policy_statement_20190320,policy_statement,transitory,0,False,transitory,0.46153846153846156
2019-03-20,policy_statement_20190320.html,policy_statement,transitory,0,False,transitory,0.46153846153846156
2019-03-20,policy_statement_20190320,policy_statement,transitory_GROUP,0,True,transitory,1.3846153846153846
2019-03-20,policy_statement_20190320.html,policy_statement,transitory_GROUP,0,True,transitory,1.3846153846153846
2019-05-01,policy_statement_20190501,policy_statement,accommodating,0,False,accommodative,0.0
2019-05-01,policy_statement_20190501,policy_statement,accommodative,0,False,accommodative,1.6363636363636365
2019-05-01,policy_statement_20190501,policy_statement,accommodative_GROUP,0,True,accommodative,2.5454545454545454
2019-05-01,policy_statement_20190501,policy_statement,all available tools,0,False,full range of tools,0.0
2019-05-01,policy_statement_20190501,policy_statement,complete toolkit,0,False,full range of tools,0.0
2019-05-01,policy_statement_20190501,policy_statement,considerable time,0,False,considerable time,0.0
2019-05-01,policy_statement_20190501,policy_statement,considerable time_GROUP,0,True,considerable time,0.0
2019-05-01,policy_statement_20190501,policy_statement,deliberate,0,False,patient,0.0
2019-05-01,policy_statement_20190501,policy_statement,easy,0,False,accommodative,0.0
2019-05-01,policy_statement_20190501,policy_statement,entire toolkit,0,False,full range of tools,0.0
2019-05-01,policy_statement_20190501,policy_statement,extended period,0,False,considerable time,0.0
2019-05-01,policy_statement_20190501,policy_statement,full range of tools,0,False,full range of tools,0.18181818181818182
2019-05-01,policy_statement_20190501,policy_statement,full range of tools_GROUP,0,True,full range of tools,0.18181818181818182
2019-05-01,policy_statement_20190501,policy_statement,gradual,0,False,patient,3.1818181818181817
2019-05-01,policy_statement_20190501,policy_statement,measured,0,False,patient,1.2727272727272727
2019-05-01,policy_statement_20190501,policy_statement,patient,1,False,patient,2.909090909090909
2019-05-01,policy_statement_20190501,policy_statement,patient_GROUP,1,True,patient,7.363636363636363
2019-05-01,policy_statement_20190501,policy_statement,short-lived,0,False,transitory,0.0
2019-05-01,policy_statement_20190501,policy_statement,significant time,0,False,considerable time,0.0
2019-05-01,policy_statement_20190501,policy_statement,substantial period,0,False,considerable time,0.0
2019-05-01,policy_statement_20190501,policy_statement,supportive,0,False,accommodative,0.9090909090909091
2019-05-01,policy_statement_20190501,policy_statement,temporary,0,False,transitory,1.0909090909090908
2019-05-01,policy_statement_20190501,policy_statement,transient,0,False,transitory,0.0
2019-05-01,policy_statement_20190501,policy_statement,transitory,0,False,transitory,0.36363636363636365
2019-05-01,policy_statement_20190501,policy_statement,transitory_GROUP,0,True,transitory,1.4545454545454546
2019-06-19,policy_statement_20190619.html,policy_statement,accommodating,0,False,accommodative,0.0
2019-06-19,fomc_minutes_20190619,fomc_minutes,accommodating,0,False,accommodative,0.0
2019-06-19,fomc_minutes_20190619.html,fomc_minutes,accommodating,0,False,accommodative,0.0
2019-06-19,policy_statement_20190619,policy_statement,accommodating,0,False,accommodative,0.0
2019-06-19,policy_statement_20190619.html,policy_statement,accommodative,0,False,accommodative,1.1428571428571428
2019-06-19,fomc_minutes_20190619,fomc_minutes,accommodative,7,False,accommodative,1.1428571428571428
2019-06-19,fomc_minutes_20190619.html,fomc_minutes,accommodative,7,False,accommodative,1.1428571428571428
2019-06-19,policy_statement_20190619,policy_statement,accommodative,0,False,accommodative,1.1428571428571428
2019-06-19,policy_statement_20190619,policy_statement,accommodative_GROUP,0,True,accommodative,2.0
2019-06-19,policy_statement_20190619.html,policy_statement,accommodative_GROUP,0,True,accommodative,2.0
2019-06-19,fomc_minutes_20190619.html,fomc_minutes,accommodative_GROUP,12,True,accommodative,2.0
2019-06-19,fomc_minutes_20190619,fomc_minutes,accommodative_GROUP,12,True,accommodative,2.0
2019-06-19,policy_statement_20190619,policy_statement,all available tools,0,False,full range of tools,0.0
2019-06-19,policy_statement_20190619.html,policy_statement,all available tools,0,False,full range of tools,0.0
2019-06-19,fomc_minutes_20190619.html,fomc_minutes,all available tools,0,False,full range of tools,0.0
2019-06-19,fomc_minutes_20190619,fomc_minutes,all available tools,0,False,full range of tools,0.0
2019-06-19,policy_statement_20190619,policy_statement,complete toolkit,0,False,full range of tools,0.0
2019-06-19,policy_statement_20190619.html,policy_statement,complete toolkit,0,False,full range of tools,0.0
2019-06-19,fomc_minutes_20190619.html,fomc_minutes,complete toolkit,0,False,full range of tools,0.0
2019-06-19,fomc_minutes_20190619,fomc_minutes,complete toolkit,0,False,full range of tools,0.0
2019-06-19,policy_statement_20190619.html,policy_statement,considerable time,0,False,considerable time,0.0
2019-06-19,policy_statement_20190619,policy_statement,considerable time,0,False,considerable time,0.0
2019-06-19,fomc_minutes_20190619,fomc_minutes,considerable time,0,False,considerable time,0.0
2019-06-19,fomc_minutes_20190619.html,fomc_minutes,considerable time,0,False,considerable time,0.0
2019-06-19,policy_statement_20190619.html,policy_statement,considerable time_GROUP,0,True,considerable time,0.0
2019-06-19,policy_statement_20190619,policy_statement,considerable time_GROUP,0,True,considerable time,0.0
2019-06-19,fomc_minutes_20190619.html,fomc_minutes,considerable time_GROUP,0,True,considerable time,0.0
2019-06-19,fomc_minutes_20190619,fomc_minutes,considerable time_GROUP,0,True,considerable time,0.0
2019-06-19,policy_statement_20190619.html,policy_statement,deliberate,0,False,patient,0.0
2019-06-19,policy_statement_20190619,policy_statement,deliberate,0,False,patient,0.0
2019-06-19,fomc_minutes_20190619,fomc_minutes,deliberate,0,False,patient,0.0
2019-06-19,fomc_minutes_20190619.html,fomc_minutes,deliberate,0,False,patient,0.0
2019-06-19,policy_statement_20190619.html,policy_statement,easy,0,False,accommodative,0.0
2019-06-19,fomc_minutes_20190619,fomc_minutes,easy,0,False,accommodative,0.0
2019-06-19,fomc_minutes_20190619.html,fomc_minutes,easy,0,False,accommodative,0.0
2019-06-19,policy_statement_20190619,policy_statement,easy,0,False,accommodative,0.0
2019-06-19,policy_statement_20190619,policy_statement,entire toolkit,0,False,full range of tools,0.0
2019-06-19,policy_statement_20190619.html,policy_statement,entire toolkit,0,False,full range of tools,0.0
2019-06-19,fomc_minutes_20190619.html,fomc_minutes,entire toolkit,0,False,full range of tools,0.0
2019-06-19,fomc_minutes_20190619,fomc_minutes,entire toolkit,0,False,full range of tools,0.0
2019-06-19,policy_statement_20190619,policy_statement,extended period,0,False,considerable time,0.0
2019-06-19,policy_statement_20190619.html,policy_statement,extended period,0,False,considerable time,0.0
2019-06-19,fomc_minutes_20190619,fomc_minutes,extended period,0,False,considerable time,0.0
2019-06-19,fomc_minutes_20190619.html,fomc_minutes,extended period,0,False,considerable time,0.0
2019-06-19,policy_statement_20190619,policy_statement,full range of tools,0,False,full range of tools,0.2857142857142857
2019-06-19,policy_statement_20190619.html,policy_statement,full range of tools,0,False,full range of tools,0.2857142857142857
2019-06-19,fomc_minutes_20190619.html,fomc_minutes,full range of tools,0,False,full range of tools,0.2857142857142857
2019-06-19,fomc_minutes_20190619,fomc_minutes,full range of tools,0,False,full range of tools,0.2857142857142857
2019-06-19,policy_statement_20190619,policy_statement,full range of tools_GROUP,0,True,full range of tools,0.2857142857142857
2019-06-19,fomc_minutes_20190619.html,fomc_minutes,full range of tools_GROUP,0,True,full range of tools,0.2857142857142857
2019-06-19,policy_statement_20190619.html,policy_statement,full range of tools_GROUP,0,True,full range of tools,0.2857142857142857
2019-06-19,fomc_minutes_20190619,fomc_minutes,full range of tools_GROUP,0,True,full range of tools,0.2857142857142857
2019-06-19,policy_statement_20190619.html,policy_statement,gradual,0,False,patient,1.4285714285714286
2019-06-19,policy_statement_20190619,policy_statement,gradual,0,False,patient,1.4285714285714286
2019-06-19,fomc_minutes_20190619,fomc_minutes,gradual,0,False,patient,1.4285714285714286
2019-06-19,fomc_minutes_20190619.html,fomc_minutes,gradual,0,False,patient,1.4285714285714286
2019-06-19,policy_statement_20190619.html,policy_statement,measured,0,False,patient,1.1428571428571428
2019-06-19,fomc_minutes_20190619,fomc_minutes,measured,2,False,patient,1.1428571428571428
2019-06-19,fomc_minutes_20190619.html,fomc_minutes,measured,2,False,patient,1.1428571428571428
2019-06-19,policy_statement_20190619,policy_statement,measured,0,False,patient,1.1428571428571428
2019-06-19,policy_statement_20190619.html,policy_statement,patient,0,False,patient,4.428571428571429
2019-06-19,fomc_minutes_20190619,fomc_minutes,patient,1,False,patient,4.428571428571429
2019-06-19,fomc_minutes_20190619.html,fomc_minutes,patient,1,False,patient,4.428571428571429
2019-06-19,policy_statement_20190619,policy_statement,patient,0,False,patient,4.428571428571429
2019-06-19,policy_statement_20190619,policy_statement,patient_GROUP,0,True,patient,7.0
2019-06-19,fomc_minutes_20190619.html,fomc_minutes,patient_GROUP,3,True,patient,7.0
2019-06-19,fomc_minutes_20190619,fomc_minutes,patient_GROUP,3,True,patient,7.0
2019-06-19,policy_statement_20190619.html,policy_statement,patient_GROUP,0,True,patient,7.0
2019-06-19,policy_statement_20190619.html,policy_statement,short-lived,0,False,transitory,0.0
2019-06-19,fomc_minutes_20190619,fomc_minutes,short-lived,0,False,transitory,0.0
2019-06-19,fomc_minutes_20190619.html,fomc_minutes,short-lived,0,False,transitory,0.0
2019-06-19,policy_statement_20190619,policy_statement,short-lived,0,False,transitory,0.0
2019-06-19,policy_statement_20190619,policy_statement,significant time,0,False,considerable time,0.0
2019-06-19,policy_statement_20190619.html,policy_statement,significant time,0,False,considerable time,0.0
2019-06-19,fomc_minutes_20190619,fomc_minutes,significant time,0,False,considerable time,0.0
2019-06-19,fomc_minutes_20190619.html,fomc_minutes,significant time,0,False,considerable time,0.0
2019-06-19,policy_statement_20190619,policy_statement,substantial period,0,False,considerable time,0.0
2019-06-19,policy_statement_20190619.html,policy_statement,substantial period,0,False,considerable time,0.0
2019-06-19,fomc_minutes_20190619,fomc_minutes,substantial period,0,False,considerable time,0.0
2019-06-19,fomc_minutes_20190619.html,fomc_minutes,substantial period,0,False,considerable time,0.0
2019-06-19,policy_statement_20190619.html,policy_statement,supportive,0,False,accommodative,0.8571428571428571
2019-06-19,fomc_minutes_20190619,fomc_minutes,supportive,5,False,accommodative,0.8571428571428571
2019-06-19,fomc_minutes_20190619.html,fomc_minutes,supportive,5,False,accommodative,0.8571428571428571
2019-06-19,policy_statement_20190619,policy_statement,supportive,0,False,accommodative,0.8571428571428571
2019-06-19,policy_statement_20190619.html,policy_statement,temporary,0,False,transitory,1.1428571428571428
2019-06-19,fomc_minutes_20190619,fomc_minutes,temporary,1,False,transitory,1.1428571428571428
2019-06-19,fomc_minutes_20190619.html,fomc_minutes,temporary,1,False,transitory,1.1428571428571428
2019-06-19,policy_statement_20190619,policy_statement,temporary,0,False,transitory,1.1428571428571428
2019-06-19,fomc_minutes_20190619.html,fomc_minutes,transient,0,False,transitory,0.0
2019-06-19,policy_statement_20190619.html,policy_statement,transient,0,False,transitory,0.0
2019-06-19,fomc_minutes_20190619,fomc_minutes,transient,0,False,transitory,0.0
2019-06-19,policy_statement_20190619,policy_statement,transient,0,False,transitory,0.0
2019-06-19,fomc_minutes_20190619.html,fomc_minutes,transitory,2,False,transitory,0.0
2019-06-19,policy_statement_20190619.html,policy_statement,transitory,0,False,transitory,0.0
2019-06-19,fomc_minutes_20190619,fomc_minutes,transitory,2,False,transitory,0.0
2019-06-19,policy_statement_20190619,policy_statement,transitory,0,False,transitory,0.0
2019-06-19,policy_statement_20190619,policy_statement,transitory_GROUP,0,True,transitory,1.1428571428571428
2019-06-19,policy_statement_20190619.html,policy_statement,transitory_GROUP,0,True,transitory,1.1428571428571428
2019-06-19,fomc_minutes_20190619.html,fomc_minutes,transitory_GROUP,3,True,transitory,1.1428571428571428
2019-06-19,fomc_minutes_20190619,fomc_minutes,transitory_GROUP,3,True,transitory,1.1428571428571428
2019-07-31,policy_statement_20190731,policy_statement,accommodating,0,False,accommodative,0.0
2019-07-31,policy_statement_20190731,policy_statement,accommodative,0,False,accommodative,2.0
2019-07-31,policy_statement_20190731,policy_statement,accommodative_GROUP,0,True,accommodative,3.4285714285714284
2019-07-31,policy_statement_20190731,policy_statement,all available tools,0,False,full range of tools,0.0
2019-07-31,policy_statement_20190731,policy_statement,complete toolkit,0,False,full range of tools,0.0
2019-07-31,policy_statement_20190731,policy_statement,considerable time,0,False,considerable time,0.0
2019-07-31,policy_statement_20190731,policy_statement,considerable time_GROUP,0,True,considerable time,0.0
2019-07-31,policy_statement_20190731,policy_statement,deliberate,0,False,patient,0.0
2019-07-31,policy_statement_20190731,policy_statement,easy,0,False,accommodative,0.0
2019-07-31,policy_statement_20190731,policy_statement,entire toolkit,0,False,full range of tools,0.0
2019-07-31,policy_statement_20190731,policy_statement,extended period,0,False,considerable time,0.0
2019-07-31,policy_statement_20190731,policy_statement,full range of tools,0,False,full range of tools,0.0
2019-07-31,policy_statement_20190731,policy_statement,full range of tools_GROUP,0,True,full range of tools,0.0
2019-07-31,policy_statement_20190731,policy_statement,gradual,0,False,patient,0.0
2019-07-31,policy_statement_20190731,policy_statement,measured,0,False,patient,0.5714285714285714
2019-07-31,policy_statement_20190731,policy_statement,patient,0,False,patient,0.7142857142857143
2019-07-31,policy_statement_20190731,policy_statement,patient_GROUP,0,True,patient,1.2857142857142858
2019-07-31,policy_statement_20190731,policy_statement,short-lived,0,False,transitory,0.0
2019-07-31,policy_statement_20190731,policy_statement,significant time,0,False,considerable time,0.0
2019-07-31,policy_statement_20190731,policy_statement,substantial period,0,False,considerable time,0.0
2019-07-31,policy_statement_20190731,policy_statement,supportive,0,False,accommodative,1.4285714285714286
2019-07-31,policy_statement_20190731,policy_statement,temporary,0,False,transitory,0.2857142857142857
2019-07-31,policy_statement_20190731,policy_statement,transient,0,False,transitory,0.0
2019-07-31,policy_statement_20190731,policy_statement,transitory,0,False,transitory,0.5714285714285714
2019-07-31,policy_statement_20190731,policy_statement,transitory_GROUP,0,True,transitory,0.8571428571428571
2019-09-18,policy_statement_20190918.html,policy_statement,accommodating,0,False,accommodative,0.0
2019-09-18,policy_statement_20190918,policy_statement,accommodating,0,False,accommodative,0.0
2019-09-18,policy_statement_20190918.html,policy_statement,accommodative,0,False,accommodative,2.3333333333333335
2019-09-18,policy_statement_20190918,policy_statement,accommodative,0,False,accommodative,2.3333333333333335
2019-09-18,policy_statement_20190918.html,policy_statement,accommodative_GROUP,0,True,accommodative,4.0
2019-09-18,policy_statement_20190918,policy_statement,accommodative_GROUP,0,True,accommodative,4.0
2019-09-18,policy_statement_20190918.html,policy_statement,all available tools,0,False,full range of tools,0.0
2019-09-18,policy_statement_20190918,policy_statement,all available tools,0,False,full range of tools,0.0
2019-09-18,policy_statement_20190918.html,policy_statement,complete toolkit,0,False,full range of tools,0.0
2019-09-18,policy_statement_20190918,policy_statement,complete toolkit,0,False,full range of tools,0.0
2019-09-18,policy_statement_20190918.html,policy_statement,considerable time,0,False,considerable time,0.0
2019-09-18,policy_statement_20190918,policy_statement,considerable time,0,False,considerable time,0.0
2019-09-18,policy_statement_20190918,policy_statement,considerable time_GROUP,0,True,considerable time,0.0
2019-09-18,policy_statement_20190918.html,policy_statement,considerable time_GROUP,0,True,considerable time,0.0
2019-09-18,policy_statement_20190918.html,policy_statement,deliberate,0,False,patient,0.0
2019-09-18,policy_statement_20190918,policy_statement,deliberate,0,False,patient,0.0
2019-09-18,policy_statement_20190918.html,policy_statement,easy,0,False,accommodative,0.0
2019-09-18,policy_statement_20190918,policy_statement,easy,0,False,accommodative,0.0
2019-09-18,policy_statement_20190918.html,policy_statement,entire toolkit,0,False,full range of tools,0.0
2019-09-18,policy_statement_20190918,policy_statement,entire toolkit,0,False,full range of tools,0.0
2019-09-18,policy_statement_20190918.html,policy_statement,extended period,0,False,considerable time,0.0
2019-09-18,policy_statement_20190918,policy_statement,extended period,0,False,considerable time,0.0
2019-09-18,policy_statement_20190918.html,policy_statement,full range of tools,0,False,full range of tools,0.0
2019-09-18,policy_statement_20190918,policy_statement,full range of tools,0,False,full range of tools,0.0
2019-09-18,policy_statement_20190918.html,policy_statement,full range of tools_GROUP,0,True,full range of tools,0.0
2019-09-18,policy_statement_20190918,policy_statement,full range of tools_GROUP,0,True,full range of tools,0.0
2019-09-18,policy_statement_20190918.html,policy_statement,gradual,0,False,patient,0.0
2019-09-18,policy_statement_20190918,policy_statement,gradual,0,False,patient,0.0
2019-09-18,policy_statement_20190918.html,policy_statement,measured,0,False,patient,0.6666666666666666
2019-09-18,policy_statement_20190918,policy_statement,measured,0,False,patient,0.6666666666666666
2019-09-18,policy_statement_20190918.html,policy_statement,patient,0,False,patient,0.5
2019-09-18,policy_statement_20190918,policy_statement,patient,0,False,patient,0.5
2019-09-18,policy_statement_20190918.html,policy_statement,patient_GROUP,0,True,patient,1.1666666666666667
2019-09-18,policy_statement_20190918,policy_statement,patient_GROUP,0,True,patient,1.1666666666666667
2019-09-18,policy_statement_20190918.html,policy_statement,short-lived,0,False,transitory,0.0
2019-09-18,policy_statement_20190918,policy_statement,short-lived,0,False,transitory,0.0
2019-09-18,policy_statement_20190918.html,policy_statement,significant time,0,False,considerable time,0.0
2019-09-18,policy_statement_20190918,policy_statement,significant time,0,False,considerable time,0.0
2019-09-18,policy_statement_20190918.html,policy_statement,substantial period,0,False,considerable time,0.0
2019-09-18,policy_statement_20190918,policy_statement,substantial period,0,False,considerable time,0.0
2019-09-18,policy_statement_20190918.html,policy_statement,supportive,0,False,accommodative,1.6666666666666667
2019-09-18,policy_statement_20190918,policy_statement,supportive,0,False,accommodative,1.6666666666666667
2019-09-18,policy_statement_20190918.html,policy_statement,temporary,0,False,transitory,0.3333333333333333
2019-09-18,policy_statement_20190918,policy_statement,temporary,0,False,transitory,0.3333333333333333
2019-09-18,policy_statement_20190918.html,policy_statement,transient,0,False,transitory,0.0
2019-09-18,policy_statement_20190918,policy_statement,transient,0,False,transitory,0.0
2019-09-18,policy_statement_20190918,policy_statement,transitory,0,False,transitory,0.6666666666666666
2019-09-18,policy_statement_20190918.html,policy_statement,transitory,0,False,transitory,0.6666666666666666
2019-09-18,policy_statement_20190918.html,policy_statement,transitory_GROUP,0,True,transitory,1.0
2019-09-18,policy_statement_20190918,policy_statement,transitory_GROUP,0,True,transitory,1.0
2019-10-30,policy_statement_20191030,policy_statement,accommodating,0,False,accommodative,0.0
2019-10-30,policy_statement_20191030,policy_statement,accommodative,0,False,accommodative,2.0
2019-10-30,policy_statement_20191030,policy_statement,accommodative_GROUP,0,True,accommodative,3.4285714285714284
2019-10-30,policy_statement_20191030,policy_statement,all available tools,0,False,full range of tools,0.0
2019-10-30,policy_statement_20191030,policy_statement,complete toolkit,0,False,full range of tools,0.0
2019-10-30,policy_statement_20191030,policy_statement,considerable time,0,False,considerable time,0.0
2019-10-30,policy_statement_20191030,policy_statement,considerable time_GROUP,0,True,considerable time,0.0
2019-10-30,policy_statement_20191030,policy_statement,deliberate,0,False,patient,0.0
2019-10-30,policy_statement_20191030,policy_statement,easy,0,False,accommodative,0.0
2019-10-30,policy_statement_20191030,policy_statement,entire toolkit,0,False,full range of tools,0.0
2019-10-30,policy_statement_20191030,policy_statement,extended period,0,False,considerable time,0.0
2019-10-30,policy_statement_20191030,policy_statement,full range of tools,0,False,full range of tools,0.0
2019-10-30,policy_statement_20191030,policy_statement,full range of tools_GROUP,0,True,full range of tools,0.0
2019-10-30,policy_statement_20191030,policy_statement,gradual,0,False,patient,0.0
2019-10-30,policy_statement_20191030,policy_statement,measured,0,False,patient,0.5714285714285714
2019-10-30,policy_statement_20191030,policy_statement,patient,0,False,patient,0.2857142857142857
2019-10-30,policy_statement_20191030,policy_statement,patient_GROUP,0,True,patient,0.8571428571428571
2019-10-30,policy_statement_20191030,policy_statement,short-lived,0,False,transitory,0.0
2019-10-30,policy_statement_20191030,policy_statement,significant time,0,False,considerable time,0.0
2019-10-30,policy_statement_20191030,policy_statement,substantial period,0,False,considerable time,0.0
2019-10-30,policy_statement_20191030,policy_statement,supportive,0,False,accommodative,1.4285714285714286
2019-10-30,policy_statement_20191030,policy_statement,temporary,0,False,transitory,0.2857142857142857
2019-10-30,policy_statement_20191030,policy_statement,transient,0,False,transitory,0.0
2019-10-30,policy_statement_20191030,policy_statement,transitory,0,False,transitory,0.5714285714285714
2019-10-30,policy_statement_20191030,policy_statement,transitory_GROUP,0,True,transitory,0.8571428571428571
2019-12-11,fomc_minutes_20191211.html,fomc_minutes,accommodating,0,False,accommodative,0.0
2019-12-11,fomc_minutes_20191211,fomc_minutes,accommodating,0,False,accommodative,0.0
2019-12-11,policy_statement_20191211,policy_statement,accommodating,0,False,accommodative,0.0
2019-12-11,policy_statement_20191211.html,policy_statement,accommodating,0,False,accommodative,0.0
2019-12-11,fomc_minutes_20191211.html,fomc_minutes,accommodative,5,False,accommodative,1.75
2019-12-11,fomc_minutes_20191211,fomc_minutes,accommodative,5,False,accommodative,1.75
2019-12-11,policy_statement_20191211,policy_statement,accommodative,0,False,accommodative,1.75
2019-12-11,policy_statement_20191211.html,policy_statement,accommodative,0,False,accommodative,1.75
2019-12-11,fomc_minutes_20191211.html,fomc_minutes,accommodative_GROUP,8,True,accommodative,3.0
2019-12-11,fomc_minutes_20191211,fomc_minutes,accommodative_GROUP,8,True,accommodative,3.0
2019-12-11,policy_statement_20191211,policy_statement,accommodative_GROUP,0,True,accommodative,3.0
2019-12-11,policy_statement_20191211.html,policy_statement,accommodative_GROUP,0,True,accommodative,3.0
2019-12-11,fomc_minutes_20191211.html,fomc_minutes,all available tools,0,False,full range of tools,0.0
2019-12-11,fomc_minutes_20191211,fomc_minutes,all available tools,0,False,full range of tools,0.0
2019-12-11,policy_statement_20191211,policy_statement,all available tools,0,False,full range of tools,0.0
2019-12-11,policy_statement_20191211.html,policy_statement,all available tools,0,False,full range of tools,0.0
2019-12-11,fomc_minutes_20191211.html,fomc_minutes,complete toolkit,0,False,full range of tools,0.0
2019-12-11,fomc_minutes_20191211,fomc_minutes,complete toolkit,0,False,full range of tools,0.0
2019-12-11,policy_statement_20191211,policy_statement,complete toolkit,0,False,full range of tools,0.0
2019-12-11,policy_statement_20191211.html,policy_statement,complete toolkit,0,False,full range of tools,0.0
2019-12-11,fomc_minutes_20191211.html,fomc_minutes,considerable time,0,False,considerable time,0.0
2019-12-11,fomc_minutes_20191211,fomc_minutes,considerable time,0,False,considerable time,0.0
2019-12-11,policy_statement_20191211,policy_statement,considerable time,0,False,considerable time,0.0
2019-12-11,policy_statement_20191211.html,policy_statement,considerable time,0,False,considerable time,0.0
2019-12-11,fomc_minutes_20191211.html,fomc_minutes,considerable time_GROUP,0,True,considerable time,0.0
2019-12-11,fomc_minutes_20191211,fomc_minutes,considerable time_GROUP,0,True,considerable time,0.0
2019-12-11,policy_statement_20191211,policy_statement,considerable time_GROUP,0,True,considerable time,0.0
2019-12-11,policy_statement_20191211.html,policy_statement,considerable time_GROUP,0,True,considerable time,0.0
2019-12-11,fomc_minutes_20191211.html,fomc_minutes,deliberate,0,False,patient,0.0
2019-12-11,fomc_minutes_20191211,fomc_minutes,deliberate,0,False,patient,0.0
2019-12-11,policy_statement_20191211,policy_statement,deliberate,0,False,patient,0.0
2019-12-11,policy_statement_20191211.html,policy_statement,deliberate,0,False,patient,0.0
2019-12-11,fomc_minutes_20191211.html,fomc_minutes,easy,0,False,accommodative,0.0
2019-12-11,fomc_minutes_20191211,fomc_minutes,easy,0,False,accommodative,0.0
2019-12-11,policy_statement_20191211,policy_statement,easy,0,False,accommodative,0.0
2019-12-11,policy_statement_20191211.html,policy_statement,easy,0,False,accommodative,0.0
2019-12-11,fomc_minutes_20191211.html,fomc_minutes,entire toolkit,0,False,full range of tools,0.0
2019-12-11,fomc_minutes_20191211,fomc_minutes,entire toolkit,0,False,full range of tools,0.0
2019-12-11,policy_statement_20191211,policy_statement,entire toolkit,0,False,full range of tools,0.0
2019-12-11,policy_statement_20191211.html,policy_statement,entire toolkit,0,False,full range of tools,0.0
2019-12-11,fomc_minutes_20191211.html,fomc_minutes,extended period,0,False,considerable time,0.0
2019-12-11,fomc_minutes_20191211,fomc_minutes,extended period,0,False,considerable time,0.0
2019-12-11,policy_statement_20191211,policy_statement,extended period,0,False,considerable time,0.0
2019-12-11,policy_statement_20191211.html,policy_statement,extended period,0,False,considerable time,0.0
2019-12-11,fomc_minutes_20191211.html,fomc_minutes,full range of tools,0,False,full range of tools,0.0
2019-12-11,fomc_minutes_20191211,fomc_minutes,full range of tools,0,False,full range of tools,0.0
2019-12-11,policy_statement_20191211,policy_statement,full range of tools,0,False,full range of tools,0.0
2019-12-11,policy_statement_20191211.html,policy_statement,full range of tools,0,False,full range of tools,0.0
2019-12-11,fomc_minutes_20191211.html,fomc_minutes,full range of tools_GROUP,0,True,full range of tools,0.0
2019-12-11,fomc_minutes_20191211,fomc_minutes,full range of tools_GROUP,0,True,full range of tools,0.0
2019-12-11,policy_statement_20191211.html,policy_statement,full range of tools_GROUP,0,True,full range of tools,0.0
2019-12-11,policy_statement_20191211,policy_statement,full range of tools_GROUP,0,True,full range of tools,0.0
2019-12-11,fomc_minutes_20191211.html,fomc_minutes,gradual,1,False,patient,0.0
2019-12-11,fomc_minutes_20191211,fomc_minutes,gradual,1,False,patient,0.0
2019-12-11,policy_statement_20191211,policy_statement,gradual,0,False,patient,0.0
2019-12-11,policy_statement_20191211.html,policy_statement,gradual,0,False,patient,0.0
2019-12-11,fomc_minutes_20191211.html,fomc_minutes,measured,3,False,patient,0.5
2019-12-11,fomc_minutes_20191211,fomc_minutes,measured,3,False,patient,0.5
2019-12-11,policy_statement_20191211,policy_statement,measured,0,False,patient,0.5
2019-12-11,policy_statement_20191211.html,policy_statement,measured,0,False,patient,0.5
2019-12-11,fomc_minutes_20191211.html,fomc_minutes,patient,0,False,patient,0.25
2019-12-11,fomc_minutes_20191211,fomc_minutes,patient,0,False,patient,0.25
2019-12-11,policy_statement_20191211,policy_statement,patient,0,False,patient,0.25
2019-12-11,policy_statement_20191211.html,policy_statement,patient,0,False,patient,0.25
2019-12-11,fomc_minutes_20191211.html,fomc_minutes,patient_GROUP,4,True,patient,0.75
2019-12-11,fomc_minutes_20191211,fomc_minutes,patient_GROUP,4,True,patient,0.75
2019-12-11,policy_statement_20191211,policy_statement,patient_GROUP,0,True,patient,0.75
2019-12-11,policy_statement_20191211.html,policy_statement,patient_GROUP,0,True,patient,0.75
2019-12-11,fomc_minutes_20191211.html,fomc_minutes,short-lived,0,False,transitory,0.0
2019-12-11,fomc_minutes_20191211,fomc_minutes,short-lived,0,False,transitory,0.0
2019-12-11,policy_statement_20191211,policy_statement,short-lived,0,False,transitory,0.0
2019-12-11,policy_statement_20191211.html,policy_statement,short-lived,0,False,transitory,0.0
2019-12-11,fomc_minutes_20191211.html,fomc_minutes,significant time,0,False,considerable time,0.0
2019-12-11,fomc_minutes_20191211,fomc_minutes,significant time,0,False,considerable time,0.0
2019-12-11,policy_statement_20191211,policy_statement,significant time,0,False,considerable time,0.0
2019-12-11,policy_statement_20191211.html,policy_statement,significant time,0,False,considerable time,0.0
2019-12-11,fomc_minutes_20191211.html,fomc_minutes,substantial period,0,False,considerable time,0.0
2019-12-11,fomc_minutes_20191211,fomc_minutes,substantial period,0,False,considerable time,0.0
2019-12-11,policy_statement_20191211,policy_statement,substantial period,0,False,considerable time,0.0
2019-12-11,policy_statement_20191211.html,policy_statement,substantial period,0,False,considerable time,0.0
2019-12-11,fomc_minutes_20191211.html,fomc_minutes,supportive,3,False,accommodative,1.25
2019-12-11,fomc_minutes_20191211,fomc_minutes,supportive,3,False,accommodative,1.25
2019-12-11,policy_statement_20191211,policy_statement,supportive,0,False,accommodative,1.25
2019-12-11,policy_statement_20191211.html,policy_statement,supportive,0,False,accommodative,1.25
2019-12-11,fomc_minutes_20191211.html,fomc_minutes,temporary,1,False,transitory,0.25
2019-12-11,fomc_minutes_20191211,fomc_minutes,temporary,1,False,transitory,0.25
2019-12-11,policy_statement_20191211,policy_statement,temporary,0,False,transitory,0.25
2019-12-11,policy_statement_20191211.html,policy_statement,temporary,0,False,transitory,0.25
2019-12-11,fomc_minutes_20191211.html,fomc_minutes,transient,0,False,transitory,0.0
2019-12-11,fomc_minutes_20191211,fomc_minutes,transient,0,False,transitory,0.0
2019-12-11,policy_statement_20191211.html,policy_statement,transient,0,False,transitory,0.0
2019-12-11,policy_statement_20191211,policy_statement,transient,0,False,transitory,0.0
2019-12-11,fomc_minutes_20191211,fomc_minutes,transitory,1,False,transitory,0.5
2019-12-11,fomc_minutes_20191211.html,fomc_minutes,transitory,1,False,transitory,0.5
2019-12-11,policy_statement_20191211.html,policy_statement,transitory,0,False,transitory,0.5
2019-12-11,policy_statement_20191211,policy_statement,transitory,0,False,transitory,0.5
2019-12-11,fomc_minutes_20191211.html,fomc_minutes,transitory_GROUP,2,True,transitory,0.75
2019-12-11,fomc_minutes_20191211,fomc_minutes,transitory_GROUP,2,True,transitory,0.75
2019-12-11,policy_statement_20191211,policy_statement,transitory_GROUP,0,True,transitory,0.75
2019-12-11,policy_statement_20191211.html,policy_statement,transitory_GROUP,0,True,transitory,0.75
2020-01-29,fomc_minutes_20200129.html,fomc_minutes,accommodating,0,False,accommodative,0.0
2020-01-29,fomc_minutes_20200129,fomc_minutes,accommodating,0,False,accommodative,0.0
2020-01-29,policy_statement_20200129.html,policy_statement,accommodating,0,False,accommodative,0.0
2020-01-29,policy_statement_20200129,policy_statement,accommodating,0,False,accommodative,0.0
2020-01-29,fomc_minutes_20200129.html,fomc_minutes,accommodative,10,False,accommodative,1.4285714285714286
2020-01-29,fomc_minutes_20200129,fomc_minutes,accommodative,10,False,accommodative,1.4285714285714286
2020-01-29,policy_statement_20200129.html,policy_statement,accommodative,0,False,accommodative,1.4285714285714286
2020-01-29,policy_statement_20200129,policy_statement,accommodative,0,False,accommodative,1.4285714285714286
2020-01-29,fomc_minutes_20200129.html,fomc_minutes,accommodative_GROUP,14,True,accommodative,2.2857142857142856
2020-01-29,fomc_minutes_20200129,fomc_minutes,accommodative_GROUP,14,True,accommodative,2.2857142857142856
2020-01-29,policy_statement_20200129.html,policy_statement,accommodative_GROUP,0,True,accommodative,2.2857142857142856
2020-01-29,policy_statement_20200129,policy_statement,accommodative_GROUP,0,True,accommodative,2.2857142857142856
2020-01-29,fomc_minutes_20200129.html,fomc_minutes,all available tools,0,False,full range of tools,0.0
2020-01-29,fomc_minutes_20200129,fomc_minutes,all available tools,0,False,full range of tools,0.0
2020-01-29,policy_statement_20200129.html,policy_statement,all available tools,0,False,full range of tools,0.0
2020-01-29,policy_statement_20200129,policy_statement,all available tools,0,False,full range of tools,0.0
2020-01-29,fomc_minutes_20200129.html,fomc_minutes,complete toolkit,0,False,full range of tools,0.0
2020-01-29,fomc_minutes_20200129,fomc_minutes,complete toolkit,0,False,full range of tools,0.0
2020-01-29,policy_statement_20200129.html,policy_statement,complete toolkit,0,False,full range of tools,0.0
2020-01-29,policy_statement_20200129,policy_statement,complete toolkit,0,False,full range of tools,0.0
2020-01-29,fomc_minutes_20200129.html,fomc_minutes,considerable time,0,False,considerable time,0.0
2020-01-29,fomc_minutes_20200129,fomc_minutes,considerable time,0,False,considerable time,0.0
2020-01-29,policy_statement_20200129.html,policy_statement,considerable time,0,False,considerable time,0.0
2020-01-29,policy_statement_20200129,policy_statement,considerable time,0,False,considerable time,0.0
2020-01-29,fomc_minutes_20200129.html,fomc_minutes,considerable time_GROUP,1,True,considerable time,0.0
2020-01-29,fomc_minutes_20200129,fomc_minutes,considerable time_GROUP,1,True,considerable time,0.0
2020-01-29,policy_statement_20200129.html,policy_statement,considerable time_GROUP,0,True,considerable time,0.0
2020-01-29,policy_statement_20200129,policy_statement,considerable time_GROUP,0,True,considerable time,0.0
2020-01-29,fomc_minutes_20200129.html,fomc_minutes,deliberate,0,False,patient,0.0
2020-01-29,fomc_minutes_20200129,fomc_minutes,deliberate,0,False,patient,0.0
2020-01-29,policy_statement_20200129.html,policy_statement,deliberate,0,False,patient,0.0
2020-01-29,policy_statement_20200129,policy_statement,deliberate,0,False,patient,0.0
2020-01-29,fomc_minutes_20200129.html,fomc_minutes,easy,0,False,accommodative,0.0
2020-01-29,fomc_minutes_20200129,fomc_minutes,easy,0,False,accommodative,0.0
2020-01-29,policy_statement_20200129.html,policy_statement,easy,0,False,accommodative,0.0
2020-01-29,policy_statement_20200129,policy_statement,easy,0,False,accommodative,0.0
2020-01-29,fomc_minutes_20200129.html,fomc_minutes,entire toolkit,0,False,full range of tools,0.0
2020-01-29,fomc_minutes_20200129,fomc_minutes,entire toolkit,0,False,full range of tools,0.0
2020-01-29,policy_statement_20200129.html,policy_statement,entire toolkit,0,False,full range of tools,0.0
2020-01-29,policy_statement_20200129,policy_statement,entire toolkit,0,False,full range of tools,0.0
2020-01-29,fomc_minutes_20200129.html,fomc_minutes,extended period,1,False,considerable time,0.0
2020-01-29,fomc_minutes_20200129,fomc_minutes,extended period,1,False,considerable time,0.0
2020-01-29,policy_statement_20200129.html,policy_statement,extended period,0,False,considerable time,0.0
2020-01-29,policy_statement_20200129,policy_statement,extended period,0,False,considerable time,0.0
2020-01-29,fomc_minutes_20200129.html,fomc_minutes,full range of tools,0,False,full range of tools,0.0
2020-01-29,fomc_minutes_20200129,fomc_minutes,full range of tools,0,False,full range of tools,0.0
2020-01-29,policy_statement_20200129.html,policy_statement,full range of tools,0,False,full range of tools,0.0
2020-01-29,policy_statement_20200129,policy_statement,full range of tools,0,False,full range of tools,0.0
2020-01-29,fomc_minutes_20200129,fomc_minutes,full range of tools_GROUP,0,True,full range of tools,0.0
2020-01-29,fomc_minutes_20200129.html,fomc_minutes,full range of tools_GROUP,0,True,full range of tools,0.0
2020-01-29,policy_statement_20200129,policy_statement,full range of tools_GROUP,0,True,full range of tools,0.0
2020-01-29,policy_statement_20200129.html,policy_statement,full range of tools_GROUP,0,True,full range of tools,0.0
2020-01-29,fomc_minutes_20200129.html,fomc_minutes,gradual,1,False,patient,0.2857142857142857
2020-01-29,fomc_minutes_20200129,fomc_minutes,gradual,1,False,patient,0.2857142857142857
2020-01-29,policy_statement_20200129.html,policy_statement,gradual,0,False,patient,0.2857142857142857
2020-01-29,policy_statement_20200129,policy_statement,gradual,0,False,patient,0.2857142857142857
2020-01-29,fomc_minutes_20200129.html,fomc_minutes,measured,3,False,patient,0.8571428571428571
2020-01-29,fomc_minutes_20200129,fomc_minutes,measured,3,False,patient,0.8571428571428571
2020-01-29,policy_statement_20200129.html,policy_statement,measured,0,False,patient,0.8571428571428571
2020-01-29,policy_statement_20200129,policy_statement,measured,0,False,patient,0.8571428571428571
2020-01-29,fomc_minutes_20200129.html,fomc_minutes,patient,0,False,patient,0.0
2020-01-29,fomc_minutes_20200129,fomc_minutes,patient,0,False,patient,0.0
2020-01-29,policy_statement_20200129.html,policy_statement,patient,0,False,patient,0.0
2020-01-29,policy_statement_20200129,policy_statement,patient,0,False,patient,0.0
2020-01-29,fomc_minutes_20200129.html,fomc_minutes,patient_GROUP,4,True,patient,1.1428571428571428
2020-01-29,policy_statement_20200129,policy_statement,patient_GROUP,0,True,patient,1.1428571428571428
2020-01-29,policy_statement_20200129.html,policy_statement,patient_GROUP,0,True,patient,1.1428571428571428
2020-01-29,fomc_minutes_20200129,fomc_minutes,patient_GROUP,4,True,patient,1.1428571428571428
2020-01-29,fomc_minutes_20200129.html,fomc_minutes,short-lived,0,False,transitory,0.0
2020-01-29,fomc_minutes_20200129,fomc_minutes,short-lived,0,False,transitory,0.0
2020-01-29,policy_statement_20200129.html,policy_statement,short-lived,0,False,transitory,0.0
2020-01-29,policy_statement_20200129,policy_statement,short-lived,0,False,transitory,0.0
2020-01-29,fomc_minutes_20200129.html,fomc_minutes,significant time,0,False,considerable time,0.0
2020-01-29,fomc_minutes_20200129,fomc_minutes,significant time,0,False,considerable time,0.0
2020-01-29,policy_statement_20200129.html,policy_statement,significant time,0,False,considerable time,0.0
2020-01-29,policy_statement_20200129,policy_statement,significant time,0,False,considerable time,0.0
2020-01-29,fomc_minutes_20200129.html,fomc_minutes,substantial period,0,False,considerable time,0.0
2020-01-29,fomc_minutes_20200129,fomc_minutes,substantial period,0,False,considerable time,0.0
2020-01-29,policy_statement_20200129.html,policy_statement,substantial period,0,False,considerable time,0.0
2020-01-29,policy_statement_20200129,policy_statement,substantial period,0,False,considerable time,0.0
2020-01-29,fomc_minutes_20200129.html,fomc_minutes,supportive,4,False,accommodative,0.8571428571428571
2020-01-29,fomc_minutes_20200129,fomc_minutes,supportive,4,False,accommodative,0.8571428571428571
2020-01-29,policy_statement_20200129.html,policy_statement,supportive,0,False,accommodative,0.8571428571428571
2020-01-29,policy_statement_20200129,policy_statement,supportive,0,False,accommodative,0.8571428571428571
2020-01-29,fomc_minutes_20200129.html,fomc_minutes,temporary,3,False,transitory,0.2857142857142857
2020-01-29,fomc_minutes_20200129,fomc_minutes,temporary,3,False,transitory,0.2857142857142857
2020-01-29,policy_statement_20200129.html,policy_statement,temporary,0,False,transitory,0.2857142857142857
2020-01-29,policy_statement_20200129,policy_statement,temporary,0,False,transitory,0.2857142857142857
2020-01-29,fomc_minutes_20200129.html,fomc_minutes,transient,0,False,transitory,0.0
2020-01-29,fomc_minutes_20200129,fomc_minutes,transient,0,False,transitory,0.0
2020-01-29,policy_statement_20200129.html,policy_statement,transient,0,False,transitory,0.0
2020-01-29,policy_statement_20200129,policy_statement,transient,0,False,transitory,0.0
2020-01-29,fomc_minutes_20200129.html,fomc_minutes,transitory,0,False,transitory,0.2857142857142857
2020-01-29,fomc_minutes_20200129,fomc_minutes,transitory,0,False,transitory,0.2857142857142857
2020-01-29,policy_statement_20200129.html,policy_statement,transitory,0,False,transitory,0.2857142857142857
2020-01-29,policy_statement_20200129,policy_statement,transitory,0,False,transitory,0.2857142857142857
2020-01-29,fomc_minutes_20200129.html,fomc_minutes,transitory_GROUP,3,True,transitory,0.5714285714285714
2020-01-29,fomc_minutes_20200129,fomc_minutes,transitory_GROUP,3,True,transitory,0.5714285714285714
2020-01-29,policy_statement_20200129.html,policy_statement,transitory_GROUP,0,True,transitory,0.5714285714285714
2020-01-29,policy_statement_20200129,policy_statement,transitory_GROUP,0,True,transitory,0.5714285714285714
2020-03-03,policy_statement_20200303,policy_statement,accommodating,0,False,accommodative,0.0
2020-03-03,policy_statement_20200303,policy_statement,accommodative,0,False,accommodative,2.727272727272727
2020-03-03,policy_statement_20200303,policy_statement,accommodative_GROUP,0,True,accommodative,4.0
2020-03-03,policy_statement_20200303,policy_statement,all available tools,0,False,full range of tools,0.0
2020-03-03,policy_statement_20200303,policy_statement,complete toolkit,0,False,full range of tools,0.0
2020-03-03,policy_statement_20200303,policy_statement,considerable time,0,False,considerable time,0.0
2020-03-03,policy_statement_20200303,policy_statement,considerable time_GROUP,0,True,considerable time,0.18181818181818182
2020-03-03,policy_statement_20200303,policy_statement,deliberate,0,False,patient,0.0
2020-03-03,policy_statement_20200303,policy_statement,easy,0,False,accommodative,0.0
2020-03-03,policy_statement_20200303,policy_statement,entire toolkit,0,False,full range of tools,0.0
2020-03-03,policy_statement_20200303,policy_statement,extended period,0,False,considerable time,0.18181818181818182
2020-03-03,policy_statement_20200303,policy_statement,full range of tools,0,False,full range of tools,0.0
2020-03-03,policy_statement_20200303,policy_statement,full range of tools_GROUP,0,True,full range of tools,0.0
2020-03-03,policy_statement_20200303,policy_statement,gradual,0,False,patient,0.36363636363636365
2020-03-03,policy_statement_20200303,policy_statement,measured,0,False,patient,1.0909090909090908
2020-03-03,policy_statement_20200303,policy_statement,patient,0,False,patient,0.0
2020-03-03,policy_statement_20200303,policy_statement,patient_GROUP,0,True,patient,1.4545454545454546
2020-03-03,policy_statement_20200303,policy_statement,short-lived,0,False,transitory,0.0
2020-03-03,policy_statement_20200303,policy_statement,significant time,0,False,considerable time,0.0
2020-03-03,policy_statement_20200303,policy_statement,substantial period,0,False,considerable time,0.0
2020-03-03,policy_statement_20200303,policy_statement,supportive,0,False,accommodative,1.2727272727272727
2020-03-03,policy_statement_20200303,policy_statement,temporary,0,False,transitory,0.7272727272727273
2020-03-03,policy_statement_20200303,policy_statement,transient,0,False,transitory,0.0
2020-03-03,policy_statement_20200303,policy_statement,transitory,0,False,transitory,0.18181818181818182
2020-03-03,policy_statement_20200303,policy_statement,transitory_GROUP,0,True,transitory,0.9090909090909091
2020-03-15,policy_statement_20200315,policy_statement,accommodating,0,False,accommodative,0.0
2020-03-15,policy_statement_20200315,policy_statement,accommodative,0,False,accommodative,2.5
2020-03-15,policy_statement_20200315,policy_statement,accommodative_GROUP,1,True,accommodative,3.6666666666666665
2020-03-15,policy_statement_20200315,policy_statement,all available tools,0,False,full range of tools,0.0
2020-03-15,policy_statement_20200315,policy_statement,complete toolkit,0,False,full range of tools,0.0
2020-03-15,policy_statement_20200315,policy_statement,considerable time,0,False,considerable time,0.0
2020-03-15,policy_statement_20200315,policy_statement,considerable time_GROUP,0,True,considerable time,0.16666666666666666
2020-03-15,policy_statement_20200315,policy_statement,deliberate,0,False,patient,0.0
2020-03-15,policy_statement_20200315,policy_statement,easy,0,False,accommodative,0.0
2020-03-15,policy_statement_20200315,policy_statement,entire toolkit,0,False,full range of tools,0.0
2020-03-15,policy_statement_20200315,policy_statement,extended period,0,False,considerable time,0.16666666666666666
2020-03-15,policy_statement_20200315,policy_statement,full range of tools,1,False,full range of tools,0.0
2020-03-15,policy_statement_20200315,policy_statement,full range of tools_GROUP,1,True,full range of tools,0.0
2020-03-15,policy_statement_20200315,policy_statement,gradual,0,False,patient,0.3333333333333333
2020-03-15,policy_statement_20200315,policy_statement,measured,0,False,patient,1.0
2020-03-15,policy_statement_20200315,policy_statement,patient,0,False,patient,0.0
2020-03-15,policy_statement_20200315,policy_statement,patient_GROUP,0,True,patient,1.3333333333333333
2020-03-15,policy_statement_20200315,policy_statement,short-lived,0,False,transitory,0.0
2020-03-15,policy_statement_20200315,policy_statement,significant time,0,False,considerable time,0.0
2020-03-15,policy_statement_20200315,policy_statement,substantial period,0,False,considerable time,0.0
2020-03-15,policy_statement_20200315,policy_statement,supportive,1,False,accommodative,1.1666666666666667
2020-03-15,policy_statement_20200315,policy_statement,temporary,0,False,transitory,0.6666666666666666
2020-03-15,policy_statement_20200315,policy_statement,transient,0,False,transitory,0.0
2020-03-15,policy_statement_20200315,policy_statement,transitory,0,False,transitory,0.16666666666666666
2020-03-15,policy_statement_20200315,policy_statement,transitory_GROUP,0,True,transitory,0.8333333333333334
2020-03-18,policy_statement_20200318,policy_statement,accommodating,0,False,accommodative,0.0
2020-03-18,policy_statement_20200318.html,policy_statement,accommodating,0,False,accommodative,0.0
2020-03-18,policy_statement_20200318,policy_statement,accommodative,0,False,accommodative,2.727272727272727
2020-03-18,policy_statement_20200318.html,policy_statement,accommodative,0,False,accommodative,2.727272727272727
2020-03-18,policy_statement_20200318,policy_statement,accommodative_GROUP,0,True,accommodative,4.090909090909091
2020-03-18,policy_statement_20200318.html,policy_statement,accommodative_GROUP,0,True,accommodative,4.090909090909091
2020-03-18,policy_statement_20200318,policy_statement,all available tools,0,False,full range of tools,0.0
2020-03-18,policy_statement_20200318.html,policy_statement,all available tools,0,False,full range of tools,0.0
2020-03-18,policy_statement_20200318,policy_statement,complete toolkit,0,False,full range of tools,0.0
2020-03-18,policy_statement_20200318.html,policy_statement,complete toolkit,0,False,full range of tools,0.0
2020-03-18,policy_statement_20200318,policy_statement,considerable time,0,False,considerable time,0.0
2020-03-18,policy_statement_20200318.html,policy_statement,considerable time,0,False,considerable time,0.0
2020-03-18,policy_statement_20200318.html,policy_statement,considerable time_GROUP,0,True,considerable time,0.18181818181818182
2020-03-18,policy_statement_20200318,policy_statement,considerable time_GROUP,0,True,considerable time,0.18181818181818182
2020-03-18,policy_statement_20200318,policy_statement,deliberate,0,False,patient,0.0
2020-03-18,policy_statement_20200318.html,policy_statement,deliberate,0,False,patient,0.0
2020-03-18,policy_statement_20200318,policy_statement,easy,0,False,accommodative,0.0
2020-03-18,policy_statement_20200318.html,policy_statement,easy,0,False,accommodative,0.0
2020-03-18,policy_statement_20200318,policy_statement,entire toolkit,0,False,full range of tools,0.0
2020-03-18,policy_statement_20200318.html,policy_statement,entire toolkit,0,False,full range of tools,0.0
2020-03-18,policy_statement_20200318,policy_statement,extended period,0,False,considerable time,0.18181818181818182
2020-03-18,policy_statement_20200318.html,policy_statement,extended period,0,False,considerable time,0.18181818181818182
2020-03-18,policy_statement_20200318,policy_statement,full range of tools,0,False,full range of tools,0.09090909090909091
2020-03-18,policy_statement_20200318.html,policy_statement,full range of tools,0,False,full range of tools,0.09090909090909091
2020-03-18,policy_statement_20200318.html,policy_statement,full range of tools_GROUP,0,True,full range of tools,0.09090909090909091
2020-03-18,policy_statement_20200318,policy_statement,full range of tools_GROUP,0,True,full range of tools,0.09090909090909091
2020-03-18,policy_statement_20200318,policy_statement,gradual,0,False,patient,0.36363636363636365
2020-03-18,policy_statement_20200318.html,policy_statement,gradual,0,False,patient,0.36363636363636365
2020-03-18,policy_statement_20200318,policy_statement,measured,0,False,patient,1.0909090909090908
2020-03-18,policy_statement_20200318.html,policy_statement,measured,0,False,patient,1.0909090909090908
2020-03-18,policy_statement_20200318,policy_statement,patient,0,False,patient,0.0
2020-03-18,policy_statement_20200318.html,policy_statement,patient,0,False,patient,0.0
2020-03-18,policy_statement_20200318,policy_statement,patient_GROUP,0,True,patient,1.4545454545454546
2020-03-18,policy_statement_20200318.html,policy_statement,patient_GROUP,0,True,patient,1.4545454545454546
2020-03-18,policy_statement_20200318,policy_statement,short-lived,0,False,transitory,0.0
2020-03-18,policy_statement_20200318.html,policy_statement,short-lived,0,False,transitory,0.0
2020-03-18,policy_statement_20200318,policy_statement,significant time,0,False,considerable time,0.0
2020-03-18,policy_statement_20200318.html,policy_statement,significant time,0,False,considerable time,0.0
2020-03-18,policy_statement_20200318,policy_statement,substantial period,0,False,considerable time,0.0
2020-03-18,policy_statement_20200318.html,policy_statement,substantial period,0,False,considerable time,0.0
2020-03-18,policy_statement_20200318,policy_statement,supportive,0,False,accommodative,1.3636363636363635
2020-03-18,policy_statement_20200318.html,policy_statement,supportive,0,False,accommodative,1.3636363636363635
2020-03-18,policy_statement_20200318,policy_statement,temporary,0,False,transitory,0.7272727272727273
2020-03-18,policy_statement_20200318.html,policy_statement,temporary,0,False,transitory,0.7272727272727273
2020-03-18,policy_statement_20200318,policy_statement,transient,0,False,transitory,0.0
2020-03-18,policy_statement_20200318.html,policy_statement,transient,0,False,transitory,0.0
2020-03-18,policy_statement_20200318,policy_statement,transitory,0,False,transitory,0.18181818181818182
2020-03-18,policy_statement_20200318.html,policy_statement,transitory,0,False,transitory,0.18181818181818182
2020-03-18,policy_statement_20200318,policy_statement,transitory_GROUP,0,True,transitory,0.9090909090909091
2020-03-18,policy_statement_20200318.html,policy_statement,transitory_GROUP,0,True,transitory,0.9090909090909091
2020-03-23,policy_statement_20200323,policy_statement,accommodating,0,False,accommodative,0.0
2020-03-23,policy_statement_20200323,policy_statement,accommodative,0,False,accommodative,2.3076923076923075
2020-03-23,policy_statement_20200323,policy_statement,accommodative_GROUP,0,True,accommodative,3.4615384615384617
2020-03-23,policy_statement_20200323,policy_statement,all available tools,0,False,full range of tools,0.0
2020-03-23,policy_statement_20200323,policy_statement,complete toolkit,0,False,full range of tools,0.0
2020-03-23,policy_statement_20200323,policy_statement,considerable time,0,False,considerable time,0.0
2020-03-23,policy_statement_20200323,policy_statement,considerable time_GROUP,0,True,considerable time,0.15384615384615385
2020-03-23,policy_statement_20200323,policy_statement,deliberate,0,False,patient,0.0
2020-03-23,policy_statement_20200323,policy_statement,easy,0,False,accommodative,0.0
2020-03-23,policy_statement_20200323,policy_statement,entire toolkit,0,False,full range of tools,0.0
2020-03-23,policy_statement_20200323,policy_statement,extended period,0,False,considerable time,0.15384615384615385
2020-03-23,policy_statement_20200323,policy_statement,full range of tools,1,False,full range of tools,0.07692307692307693
2020-03-23,policy_statement_20200323,policy_statement,full range of tools_GROUP,1,True,full range of tools,0.07692307692307693
2020-03-23,policy_statement_20200323,policy_statement,gradual,0,False,patient,0.3076923076923077
2020-03-23,policy_statement_20200323,policy_statement,measured,0,False,patient,0.9230769230769231
2020-03-23,policy_statement_20200323,policy_statement,patient,0,False,patient,0.0
2020-03-23,policy_statement_20200323,policy_statement,patient_GROUP,0,True,patient,1.2307692307692308
2020-03-23,policy_statement_20200323,policy_statement,short-lived,0,False,transitory,0.0
2020-03-23,policy_statement_20200323,policy_statement,significant time,0,False,considerable time,0.0
2020-03-23,policy_statement_20200323,policy_statement,substantial period,0,False,considerable time,0.0
2020-03-23,policy_statement_20200323,policy_statement,supportive,0,False,accommodative,1.1538461538461537
2020-03-23,policy_statement_20200323,policy_statement,temporary,0,False,transitory,0.6153846153846154
2020-03-23,policy_statement_20200323,policy_statement,transient,0,False,transitory,0.0
2020-03-23,policy_statement_20200323,policy_statement,transitory,0,False,transitory,0.15384615384615385
2020-03-23,policy_statement_20200323,policy_statement,transitory_GROUP,0,True,transitory,0.7692307692307693
2020-04-29,press_transcript_20200429.pdf,policy_statement,accommodating,0,False,accommodative,0.0
2020-04-29,fomc_minutes_20200429,fomc_minutes,accommodating,0,False,accommodative,0.0
2020-04-29,fomc_minutes_20200429.html,fomc_minutes,accommodating,0,False,accommodative,0.0
2020-04-29,policy_statement_20200429,policy_statement,accommodating,0,False,accommodative,0.0
2020-04-29,press_transcript_20200429.pdf,policy_statement,accommodative,1,False,accommodative,2.3076923076923075
2020-04-29,fomc_minutes_20200429,fomc_minutes,accommodative,1,False,accommodative,2.3076923076923075
2020-04-29,fomc_minutes_20200429.html,fomc_minutes,accommodative,1,False,accommodative,2.3076923076923075
2020-04-29,policy_statement_20200429,policy_statement,accommodative,0,False,accommodative,2.3076923076923075
2020-04-29,fomc_minutes_20200429.html,fomc_minutes,accommodative_GROUP,1,True,accommodative,3.4615384615384617
2020-04-29,policy_statement_20200429,policy_statement,accommodative_GROUP,0,True,accommodative,3.4615384615384617
2020-04-29,press_transcript_20200429.pdf,policy_statement,accommodative_GROUP,1,True,accommodative,3.4615384615384617
2020-04-29,fomc_minutes_20200429,fomc_minutes,accommodative_GROUP,1,True,accommodative,3.4615384615384617
2020-04-29,policy_statement_20200429,policy_statement,all available tools,0,False,full range of tools,0.0
2020-04-29,press_transcript_20200429.pdf,policy_statement,all available tools,0,False,full range of tools,0.0
2020-04-29,fomc_minutes_20200429,fomc_minutes,all available tools,0,False,full range of tools,0.0
2020-04-29,fomc_minutes_20200429.html,fomc_minutes,all available tools,0,False,full range of tools,0.0
2020-04-29,policy_statement_20200429,policy_statement,complete toolkit,0,False,full range of tools,0.0
2020-04-29,press_transcript_20200429.pdf,policy_statement,complete toolkit,0,False,full range of tools,0.0
2020-04-29,fomc_minutes_20200429.html,fomc_minutes,complete toolkit,0,False,full range of tools,0.0
2020-04-29,fomc_minutes_20200429,fomc_minutes,complete toolkit,0,False,full range of tools,0.0
2020-04-29,press_transcript_20200429.pdf,policy_statement,considerable time,0,False,considerable time,0.0
2020-04-29,policy_statement_20200429,policy_statement,considerable time,0,False,considerable time,0.0
2020-04-29,fomc_minutes_20200429,fomc_minutes,considerable time,0,False,considerable time,0.0
2020-04-29,fomc_minutes_20200429.html,fomc_minutes,considerable time,0,False,considerable time,0.0
2020-04-29,policy_statement_20200429,policy_statement,considerable time_GROUP,0,True,considerable time,0.15384615384615385
2020-04-29,press_transcript_20200429.pdf,policy_statement,considerable time_GROUP,1,True,considerable time,0.15384615384615385
2020-04-29,fomc_minutes_20200429.html,fomc_minutes,considerable time_GROUP,0,True,considerable time,0.15384615384615385
2020-04-29,fomc_minutes_20200429,fomc_minutes,considerable time_GROUP,0,True,considerable time,0.15384615384615385
2020-04-29,press_transcript_20200429.pdf,policy_statement,deliberate,0,False,patient,0.0
2020-04-29,policy_statement_20200429,policy_statement,deliberate,0,False,patient,0.0
2020-04-29,fomc_minutes_20200429,fomc_minutes,deliberate,0,False,patient,0.0
2020-04-29,fomc_minutes_20200429.html,fomc_minutes,deliberate,0,False,patient,0.0
2020-04-29,press_transcript_20200429.pdf,policy_statement,easy,0,False,accommodative,0.0
2020-04-29,fomc_minutes_20200429,fomc_minutes,easy,0,False,accommodative,0.0
2020-04-29,fomc_minutes_20200429.html,fomc_minutes,easy,0,False,accommodative,0.0
2020-04-29,policy_statement_20200429,policy_statement,easy,0,False,accommodative,0.0
2020-04-29,policy_statement_20200429,policy_statement,entire toolkit,0,False,full range of tools,0.0
2020-04-29,press_transcript_20200429.pdf,policy_statement,entire toolkit,0,False,full range of tools,0.0
2020-04-29,fomc_minutes_20200429,fomc_minutes,entire toolkit,0,False,full range of tools,0.0
2020-04-29,fomc_minutes_20200429.html,fomc_minutes,entire toolkit,0,False,full range of tools,0.0
2020-04-29,policy_statement_20200429,policy_statement,extended period,0,False,considerable time,0.15384615384615385
2020-04-29,press_transcript_20200429.pdf,policy_statement,extended period,1,False,considerable time,0.15384615384615385
2020-04-29,fomc_minutes_20200429,fomc_minutes,extended period,0,False,considerable time,0.15384615384615385
2020-04-29,fomc_minutes_20200429.html,fomc_minutes,extended period,0,False,considerable time,0.15384615384615385
2020-04-29,policy_statement_20200429,policy_statement,full range of tools,1,False,full range of tools,0.15384615384615385
2020-04-29,press_transcript_20200429.pdf,policy_statement,full range of tools,0,False,full range of tools,0.15384615384615385
2020-04-29,fomc_minutes_20200429,fomc_minutes,full range of tools,3,False,full range of tools,0.15384615384615385
2020-04-29,fomc_minutes_20200429.html,fomc_minutes,full range of tools,3,False,full range of tools,0.15384615384615385
2020-04-29,press_transcript_20200429.pdf,policy_statement,full range of tools_GROUP,0,True,full range of tools,0.15384615384615385
2020-04-29,policy_statement_20200429,policy_statement,full range of tools_GROUP,1,True,full range of tools,0.15384615384615385
2020-04-29,fomc_minutes_20200429.html,fomc_minutes,full range of tools_GROUP,3,True,full range of tools,0.15384615384615385
2020-04-29,fomc_minutes_20200429,fomc_minutes,full range of tools_GROUP,3,True,full range of tools,0.15384615384615385
2020-04-29,press_transcript_20200429.pdf,policy_statement,gradual,0,False,patient,0.3076923076923077
2020-04-29,fomc_minutes_20200429,fomc_minutes,gradual,0,False,patient,0.3076923076923077
2020-04-29,fomc_minutes_20200429.html,fomc_minutes,gradual,0,False,patient,0.3076923076923077
2020-04-29,policy_statement_20200429,policy_statement,gradual,0,False,patient,0.3076923076923077
2020-04-29,press_transcript_20200429.pdf,policy_statement,measured,0,False,patient,0.9230769230769231
2020-04-29,policy_statement_20200429,policy_statement,measured,0,False,patient,0.9230769230769231
2020-04-29,fomc_minutes_20200429,fomc_minutes,measured,1,False,patient,0.9230769230769231
2020-04-29,fomc_minutes_20200429.html,fomc_minutes,measured,1,False,patient,0.9230769230769231
2020-04-29,press_transcript_20200429.pdf,policy_statement,patient,1,False,patient,0.0
2020-04-29,fomc_minutes_20200429,fomc_minutes,patient,0,False,patient,0.0
2020-04-29,fomc_minutes_20200429.html,fomc_minutes,patient,0,False,patient,0.0
2020-04-29,policy_statement_20200429,policy_statement,patient,0,False,patient,0.0
2020-04-29,policy_statement_20200429,policy_statement,patient_GROUP,0,True,patient,1.2307692307692308
2020-04-29,fomc_minutes_20200429.html,fomc_minutes,patient_GROUP,1,True,patient,1.2307692307692308
2020-04-29,press_transcript_20200429.pdf,policy_statement,patient_GROUP,1,True,patient,1.2307692307692308
2020-04-29,fomc_minutes_20200429,fomc_minutes,patient_GROUP,1,True,patient,1.2307692307692308
2020-04-29,press_transcript_20200429.pdf,policy_statement,short-lived,0,False,transitory,0.0
2020-04-29,fomc_minutes_20200429,fomc_minutes,short-lived,0,False,transitory,0.0
2020-04-29,fomc_minutes_20200429.html,fomc_minutes,short-lived,0,False,transitory,0.0
2020-04-29,policy_statement_20200429,policy_statement,short-lived,0,False,transitory,0.0
2020-04-29,policy_statement_20200429,policy_statement,significant time,0,False,considerable time,0.0
2020-04-29,press_transcript_20200429.pdf,policy_statement,significant time,0,False,considerable time,0.0
2020-04-29,fomc_minutes_20200429,fomc_minutes,significant time,0,False,considerable time,0.0
2020-04-29,fomc_minutes_20200429.html,fomc_minutes,significant time,0,False,considerable time,0.0
2020-04-29,policy_statement_20200429,policy_statement,substantial period,0,False,considerable time,0.0
2020-04-29,press_transcript_20200429.pdf,policy_statement,substantial period,0,False,considerable time,0.0
2020-04-29,fomc_minutes_20200429,fomc_minutes,substantial period,0,False,considerable time,0.0
2020-04-29,fomc_minutes_20200429.html,fomc_minutes,substantial period,0,False,considerable time,0.0
2020-04-29,press_transcript_20200429.pdf,policy_statement,supportive,0,False,accommodative,1.1538461538461537
2020-04-29,fomc_minutes_20200429,fomc_minutes,supportive,0,False,accommodative,1.1538461538461537
2020-04-29,fomc_minutes_20200429.html,fomc_minutes,supportive,0,False,accommodative,1.1538461538461537
2020-04-29,policy_statement_20200429,policy_statement,supportive,0,False,accommodative,1.1538461538461537
2020-04-29,press_transcript_20200429.pdf,policy_statement,temporary,0,False,transitory,0.6153846153846154
2020-04-29,fomc_minutes_20200429,fomc_minutes,temporary,7,False,transitory,0.6153846153846154
2020-04-29,fomc_minutes_20200429.html,fomc_minutes,temporary,7,False,transitory,0.6153846153846154
2020-04-29,policy_statement_20200429,policy_statement,temporary,0,False,transitory,0.6153846153846154
2020-04-29,press_transcript_20200429.pdf,policy_statement,transient,0,False,transitory,0.0
2020-04-29,fomc_minutes_20200429,fomc_minutes,transient,0,False,transitory,0.0
2020-04-29,fomc_minutes_20200429.html,fomc_minutes,transient,0,False,transitory,0.0
2020-04-29,policy_statement_20200429,policy_statement,transient,0,False,transitory,0.0
2020-04-29,press_transcript_20200429.pdf,policy_statement,transitory,0,False,transitory,0.15384615384615385
2020-04-29,fomc_minutes_20200429,fomc_minutes,transitory,0,False,transitory,0.15384615384615385
2020-04-29,fomc_minutes_20200429.html,fomc_minutes,transitory,0,False,transitory,0.15384615384615385
2020-04-29,policy_statement_20200429,policy_statement,transitory,0,False,transitory,0.15384615384615385
2020-04-29,policy_statement_20200429,policy_statement,transitory_GROUP,0,True,transitory,0.7692307692307693
2020-04-29,press_transcript_20200429.pdf,policy_statement,transitory_GROUP,0,True,transitory,0.7692307692307693
2020-04-29,fomc_minutes_20200429,fomc_minutes,transitory_GROUP,7,True,transitory,0.7692307692307693
2020-04-29,fomc_minutes_20200429.html,fomc_minutes,transitory_GROUP,7,True,transitory,0.7692307692307693
2020-06-10,policy_statement_20200610.html,policy_statement,accommodating,0,False,accommodative,0.0
2020-06-10,fomc_minutes_20200610.html,fomc_minutes,accommodating,0,False,accommodative,0.0
2020-06-10,policy_statement_20200610,policy_statement,accommodating,0,False,accommodative,0.0
2020-06-10,fomc_minutes_20200610,fomc_minutes,accommodating,0,False,accommodative,0.0
2020-06-10,policy_statement_20200610.html,policy_statement,accommodative,0,False,accommodative,1.7692307692307692
2020-06-10,fomc_minutes_20200610.html,fomc_minutes,accommodative,7,False,accommodative,1.7692307692307692
2020-06-10,policy_statement_20200610,policy_statement,accommodative,0,False,accommodative,1.7692307692307692
2020-06-10,fomc_minutes_20200610,fomc_minutes,accommodative,7,False,accommodative,1.7692307692307692
2020-06-10,fomc_minutes_20200610.html,fomc_minutes,accommodative_GROUP,9,True,accommodative,2.4615384615384617
2020-06-10,policy_statement_20200610,policy_statement,accommodative_GROUP,0,True,accommodative,2.4615384615384617
2020-06-10,policy_statement_20200610.html,policy_statement,accommodative_GROUP,0,True,accommodative,2.4615384615384617
2020-06-10,fomc_minutes_20200610,fomc_minutes,accommodative_GROUP,9,True,accommodative,2.4615384615384617
2020-06-10,fomc_minutes_20200610.html,fomc_minutes,all available tools,0,False,full range of tools,0.0
2020-06-10,policy_statement_20200610,policy_statement,all available tools,0,False,full range of tools,0.0
2020-06-10,policy_statement_20200610.html,policy_statement,all available tools,0,False,full range of tools,0.0
2020-06-10,fomc_minutes_20200610,fomc_minutes,all available tools,0,False,full range of tools,0.0
2020-06-10,fomc_minutes_20200610.html,fomc_minutes,complete toolkit,0,False,full range of tools,0.0
2020-06-10,policy_statement_20200610,policy_statement,complete toolkit,0,False,full range of tools,0.0
2020-06-10,policy_statement_20200610.html,policy_statement,complete toolkit,0,False,full range of tools,0.0
2020-06-10,fomc_minutes_20200610,fomc_minutes,complete toolkit,0,False,full range of tools,0.0
2020-06-10,fomc_minutes_20200610.html,fomc_minutes,considerable time,0,False,considerable time,0.0
2020-06-10,policy_statement_20200610.html,policy_statement,considerable time,0,False,considerable time,0.0
2020-06-10,policy_statement_20200610,policy_statement,considerable time,0,False,considerable time,0.0
2020-06-10,fomc_minutes_20200610,fomc_minutes,considerable time,0,False,considerable time,0.0
2020-06-10,policy_statement_20200610,policy_statement,considerable time_GROUP,0,True,considerable time,0.23076923076923078
2020-06-10,policy_statement_20200610.html,policy_statement,considerable time_GROUP,0,True,considerable time,0.23076923076923078
2020-06-10,fomc_minutes_20200610.html,fomc_minutes,considerable time_GROUP,1,True,considerable time,0.23076923076923078
2020-06-10,fomc_minutes_20200610,fomc_minutes,considerable time_GROUP,1,True,considerable time,0.23076923076923078
2020-06-10,policy_statement_20200610,policy_statement,deliberate,0,False,patient,0.0
2020-06-10,fomc_minutes_20200610.html,fomc_minutes,deliberate,0,False,patient,0.0
2020-06-10,policy_statement_20200610.html,policy_statement,deliberate,0,False,patient,0.0
2020-06-10,fomc_minutes_20200610,fomc_minutes,deliberate,0,False,patient,0.0
2020-06-10,fomc_minutes_20200610.html,fomc_minutes,easy,0,False,accommodative,0.0
2020-06-10,policy_statement_20200610.html,policy_statement,easy,0,False,accommodative,0.0
2020-06-10,policy_statement_20200610,policy_statement,easy,0,False,accommodative,0.0
2020-06-10,fomc_minutes_20200610,fomc_minutes,easy,0,False,accommodative,0.0
2020-06-10,fomc_minutes_20200610.html,fomc_minutes,entire toolkit,0,False,full range of tools,0.0
2020-06-10,policy_statement_20200610,policy_statement,entire toolkit,0,False,full range of tools,0.0
2020-06-10,policy_statement_20200610.html,policy_statement,entire toolkit,0,False,full range of tools,0.0
2020-06-10,fomc_minutes_20200610,fomc_minutes,entire toolkit,0,False,full range of tools,0.0
2020-06-10,fomc_minutes_20200610.html,fomc_minutes,extended period,1,False,considerable time,0.23076923076923078
2020-06-10,policy_statement_20200610,policy_statement,extended period,0,False,considerable time,0.23076923076923078
2020-06-10,policy_statement_20200610.html,policy_statement,extended period,0,False,considerable time,0.23076923076923078
2020-06-10,fomc_minutes_20200610,fomc_minutes,extended period,1,False,considerable time,0.23076923076923078
2020-06-10,fomc_minutes_20200610.html,fomc_minutes,full range of tools,4,False,full range of tools,0.6923076923076923
2020-06-10,policy_statement_20200610,policy_statement,full range of tools,1,False,full range of tools,0.6923076923076923
2020-06-10,policy_statement_20200610.html,policy_statement,full range of tools,1,False,full range of tools,0.6923076923076923
2020-06-10,fomc_minutes_20200610,fomc_minutes,full range of tools,4,False,full range of tools,0.6923076923076923
2020-06-10,policy_statement_20200610,policy_statement,full range of tools_GROUP,1,True,full range of tools,0.6923076923076923
2020-06-10,fomc_minutes_20200610.html,fomc_minutes,full range of tools_GROUP,4,True,full range of tools,0.6923076923076923
2020-06-10,policy_statement_20200610.html,policy_statement,full range of tools_GROUP,1,True,full range of tools,0.6923076923076923
2020-06-10,fomc_minutes_20200610,fomc_minutes,full range of tools_GROUP,4,True,full range of tools,0.6923076923076923
2020-06-10,fomc_minutes_20200610.html,fomc_minutes,gradual,0,False,patient,0.15384615384615385
2020-06-10,policy_statement_20200610.html,policy_statement,gradual,0,False,patient,0.15384615384615385
2020-06-10,policy_statement_20200610,policy_statement,gradual,0,False,patient,0.15384615384615385
2020-06-10,fomc_minutes_20200610,fomc_minutes,gradual,0,False,patient,0.15384615384615385
2020-06-10,fomc_minutes_20200610.html,fomc_minutes,measured,1,False,patient,0.6153846153846154
2020-06-10,policy_statement_20200610,policy_statement,measured,0,False,patient,0.6153846153846154
2020-06-10,policy_statement_20200610.html,policy_statement,measured,0,False,patient,0.6153846153846154
2020-06-10,fomc_minutes_20200610,fomc_minutes,measured,1,False,patient,0.6153846153846154
2020-06-10,fomc_minutes_20200610.html,fomc_minutes,patient,0,False,patient,0.07692307692307693
2020-06-10,policy_statement_20200610.html,policy_statement,patient,0,False,patient,0.07692307692307693
2020-06-10,policy_statement_20200610,policy_statement,patient,0,False,patient,0.07692307692307693
2020-06-10,fomc_minutes_20200610,fomc_minutes,patient,0,False,patient,0.07692307692307693
2020-06-10,fomc_minutes_20200610.html,fomc_minutes,patient_GROUP,1,True,patient,0.8461538461538461
2020-06-10,policy_statement_20200610,policy_statement,patient_GROUP,0,True,patient,0.8461538461538461
2020-06-10,policy_statement_20200610.html,policy_statement,patient_GROUP,0,True,patient,0.8461538461538461
2020-06-10,fomc_minutes_20200610,fomc_minutes,patient_GROUP,1,True,patient,0.8461538461538461
2020-06-10,policy_statement_20200610.html,policy_statement,short-lived,0,False,transitory,0.0
2020-06-10,policy_statement_20200610,policy_statement,short-lived,0,False,transitory,0.0
2020-06-10,fomc_minutes_20200610.html,fomc_minutes,short-lived,0,False,transitory,0.0
2020-06-10,fomc_minutes_20200610,fomc_minutes,short-lived,0,False,transitory,0.0
2020-06-10,fomc_minutes_20200610.html,fomc_minutes,significant time,0,False,considerable time,0.0
2020-06-10,policy_statement_20200610,policy_statement,significant time,0,False,considerable time,0.0
2020-06-10,policy_statement_20200610.html,policy_statement,significant time,0,False,considerable time,0.0
2020-06-10,fomc_minutes_20200610,fomc_minutes,significant time,0,False,considerable time,0.0
2020-06-10,fomc_minutes_20200610.html,fomc_minutes,substantial period,0,False,considerable time,0.0
2020-06-10,policy_statement_20200610,policy_statement,substantial period,0,False,considerable time,0.0
2020-06-10,policy_statement_20200610.html,policy_statement,substantial period,0,False,considerable time,0.0
2020-06-10,fomc_minutes_20200610,fomc_minutes,substantial period,0,False,considerable time,0.0
2020-06-10,policy_statement_20200610.html,policy_statement,supportive,0,False,accommodative,0.6923076923076923
2020-06-10,fomc_minutes_20200610.html,fomc_minutes,supportive,2,False,accommodative,0.6923076923076923
2020-06-10,policy_statement_20200610,policy_statement,supportive,0,False,accommodative,0.6923076923076923
2020-06-10,fomc_minutes_20200610,fomc_minutes,supportive,2,False,accommodative,0.6923076923076923
2020-06-10,policy_statement_20200610.html,policy_statement,temporary,0,False,transitory,1.5384615384615385
2020-06-10,fomc_minutes_20200610.html,fomc_minutes,temporary,2,False,transitory,1.5384615384615385
2020-06-10,policy_statement_20200610,policy_statement,temporary,0,False,transitory,1.5384615384615385
2020-06-10,fomc_minutes_20200610,fomc_minutes,temporary,2,False,transitory,1.5384615384615385
2020-06-10,policy_statement_20200610.html,policy_statement,transient,0,False,transitory,0.0
2020-06-10,policy_statement_20200610,policy_statement,transient,0,False,transitory,0.0
2020-06-10,fomc_minutes_20200610.html,fomc_minutes,transient,0,False,transitory,0.0
2020-06-10,fomc_minutes_20200610,fomc_minutes,transient,0,False,transitory,0.0
2020-06-10,policy_statement_20200610.html,policy_statement,transitory,0,False,transitory,0.0
2020-06-10,fomc_minutes_20200610.html,fomc_minutes,transitory,0,False,transitory,0.0
2020-06-10,policy_statement_20200610,policy_statement,transitory,0,False,transitory,0.0
2020-06-10,fomc_minutes_20200610,fomc_minutes,transitory,0,False,transitory,0.0
2020-06-10,fomc_minutes_20200610.html,fomc_minutes,transitory_GROUP,2,True,transitory,1.5384615384615385
2020-06-10,policy_statement_20200610,policy_statement,transitory_GROUP,0,True,transitory,1.5384615384615385
2020-06-10,policy_statement_20200610.html,policy_statement,transitory_GROUP,0,True,transitory,1.5384615384615385
2020-06-10,fomc_minutes_20200610,fomc_minutes,transitory_GROUP,2,True,transitory,1.5384615384615385
2020-07-29,policy_statement_20200729,policy_statement,accommodating,0,False,accommodative,0.0
2020-07-29,policy_statement_20200729,policy_statement,accommodative,0,False,accommodative,1.3076923076923077
2020-07-29,policy_statement_20200729,policy_statement,accommodative_GROUP,0,True,accommodative,1.6923076923076923
2020-07-29,policy_statement_20200729,policy_statement,all available tools,0,False,full range of tools,0.0
2020-07-29,policy_statement_20200729,policy_statement,complete toolkit,0,False,full range of tools,0.0
2020-07-29,policy_statement_20200729,policy_statement,considerable time,0,False,considerable time,0.0
2020-07-29,policy_statement_20200729,policy_statement,considerable time_GROUP,0,True,considerable time,0.23076923076923078
2020-07-29,policy_statement_20200729,policy_statement,deliberate,0,False,patient,0.0
2020-07-29,policy_statement_20200729,policy_statement,easy,0,False,accommodative,0.0
2020-07-29,policy_statement_20200729,policy_statement,entire toolkit,0,False,full range of tools,0.0
2020-07-29,policy_statement_20200729,policy_statement,extended period,0,False,considerable time,0.23076923076923078
2020-07-29,policy_statement_20200729,policy_statement,full range of tools,1,False,full range of tools,1.4615384615384615
2020-07-29,policy_statement_20200729,policy_statement,full range of tools_GROUP,1,True,full range of tools,1.4615384615384615
2020-07-29,policy_statement_20200729,policy_statement,gradual,0,False,patient,0.0
2020-07-29,policy_statement_20200729,policy_statement,measured,0,False,patient,0.3076923076923077
2020-07-29,policy_statement_20200729,policy_statement,patient,0,False,patient,0.07692307692307693
2020-07-29,policy_statement_20200729,policy_statement,patient_GROUP,0,True,patient,0.38461538461538464
2020-07-29,policy_statement_20200729,policy_statement,short-lived,0,False,transitory,0.0
2020-07-29,policy_statement_20200729,policy_statement,significant time,0,False,considerable time,0.0
2020-07-29,policy_statement_20200729,policy_statement,substantial period,0,False,considerable time,0.0
2020-07-29,policy_statement_20200729,policy_statement,supportive,0,False,accommodative,0.38461538461538464
2020-07-29,policy_statement_20200729,policy_statement,temporary,0,False,transitory,1.3846153846153846
2020-07-29,policy_statement_20200729,policy_statement,transient,0,False,transitory,0.0
2020-07-29,policy_statement_20200729,policy_statement,transitory,0,False,transitory,0.0
2020-07-29,policy_statement_20200729,policy_statement,transitory_GROUP,0,True,transitory,1.3846153846153846
2020-09-16,policy_statement_20200916,policy_statement,accommodating,0,False,accommodative,0.0
2020-09-16,policy_statement_20200916.html,policy_statement,accommodating,0,False,accommodative,0.0
2020-09-16,fomc_minutes_20200916.html,fomc_minutes,accommodating,0,False,accommodative,0.0
2020-09-16,fomc_minutes_20200916,fomc_minutes,accommodating,0,False,accommodative,0.0
2020-09-16,policy_statement_20200916,policy_statement,accommodative,2,False,accommodative,1.7
2020-09-16,policy_statement_20200916.html,policy_statement,accommodative,2,False,accommodative,1.7
2020-09-16,fomc_minutes_20200916.html,fomc_minutes,accommodative,19,False,accommodative,1.7
2020-09-16,fomc_minutes_20200916,fomc_minutes,accommodative,19,False,accommodative,1.7
2020-09-16,policy_statement_20200916,policy_statement,accommodative_GROUP,2,True,accommodative,2.1
2020-09-16,policy_statement_20200916.html,policy_statement,accommodative_GROUP,2,True,accommodative,2.1
2020-09-16,fomc_minutes_20200916.html,fomc_minutes,accommodative_GROUP,21,True,accommodative,2.1
2020-09-16,fomc_minutes_20200916,fomc_minutes,accommodative_GROUP,21,True,accommodative,2.1
2020-09-16,policy_statement_20200916,policy_statement,all available tools,0,False,full range of tools,0.0
2020-09-16,policy_statement_20200916.html,policy_statement,all available tools,0,False,full range of tools,0.0
2020-09-16,fomc_minutes_20200916.html,fomc_minutes,all available tools,0,False,full range of tools,0.0
2020-09-16,fomc_minutes_20200916,fomc_minutes,all available tools,0,False,full range of tools,0.0
2020-09-16,policy_statement_20200916,policy_statement,complete toolkit,0,False,full range of tools,0.0
2020-09-16,policy_statement_20200916.html,policy_statement,complete toolkit,0,False,full range of tools,0.0
2020-09-16,fomc_minutes_20200916.html,fomc_minutes,complete toolkit,0,False,full range of tools,0.0
2020-09-16,fomc_minutes_20200916,fomc_minutes,complete toolkit,0,False,full range of tools,0.0
2020-09-16,policy_statement_20200916,policy_statement,considerable time,0,False,considerable time,0.0
2020-09-16,policy_statement_20200916.html,policy_statement,considerable time,0,False,considerable time,0.0
2020-09-16,fomc_minutes_20200916.html,fomc_minutes,considerable time,0,False,considerable time,0.0
2020-09-16,fomc_minutes_20200916,fomc_minutes,considerable time,0,False,considerable time,0.0
2020-09-16,policy_statement_20200916.html,policy_statement,considerable time_GROUP,0,True,considerable time,0.3
2020-09-16,policy_statement_20200916,policy_statement,considerable time_GROUP,0,True,considerable time,0.3
2020-09-16,fomc_minutes_20200916,fomc_minutes,considerable time_GROUP,0,True,considerable time,0.3
2020-09-16,fomc_minutes_20200916.html,fomc_minutes,considerable time_GROUP,0,True,considerable time,0.3
2020-09-16,policy_statement_20200916,policy_statement,deliberate,0,False,patient,0.0
2020-09-16,policy_statement_20200916.html,policy_statement,deliberate,0,False,patient,0.0
2020-09-16,fomc_minutes_20200916.html,fomc_minutes,deliberate,0,False,patient,0.0
2020-09-16,fomc_minutes_20200916,fomc_minutes,deliberate,0,False,patient,0.0
2020-09-16,policy_statement_20200916,policy_statement,easy,0,False,accommodative,0.0
2020-09-16,policy_statement_20200916.html,policy_statement,easy,0,False,accommodative,0.0
2020-09-16,fomc_minutes_20200916.html,fomc_minutes,easy,0,False,accommodative,0.0
2020-09-16,fomc_minutes_20200916,fomc_minutes,easy,0,False,accommodative,0.0
2020-09-16,policy_statement_20200916,policy_statement,entire toolkit,0,False,full range of tools,0.0
2020-09-16,policy_statement_20200916.html,policy_statement,entire toolkit,0,False,full range of tools,0.0
2020-09-16,fomc_minutes_20200916.html,fomc_minutes,entire toolkit,0,False,full range of tools,0.0
2020-09-16,fomc_minutes_20200916,fomc_minutes,entire toolkit,0,False,full range of tools,0.0
2020-09-16,policy_statement_20200916,policy_statement,extended period,0,False,considerable time,0.3
2020-09-16,policy_statement_20200916.html,policy_statement,extended period,0,False,considerable time,0.3
2020-09-16,fomc_minutes_20200916.html,fomc_minutes,extended period,0,False,considerable time,0.3
2020-09-16,fomc_minutes_20200916,fomc_minutes,extended period,0,False,considerable time,0.3
2020-09-16,policy_statement_20200916,policy_statement,full range of tools,1,False,full range of tools,1.9
2020-09-16,policy_statement_20200916.html,policy_statement,full range of tools,1,False,full range of tools,1.9
2020-09-16,fomc_minutes_20200916.html,fomc_minutes,full range of tools,3,False,full range of tools,1.9
2020-09-16,fomc_minutes_20200916,fomc_minutes,full range of tools,3,False,full range of tools,1.9
2020-09-16,policy_statement_20200916.html,policy_statement,full range of tools_GROUP,1,True,full range of tools,1.9
2020-09-16,policy_statement_20200916,policy_statement,full range of tools_GROUP,1,True,full range of tools,1.9
2020-09-16,fomc_minutes_20200916,fomc_minutes,full range of tools_GROUP,3,True,full range of tools,1.9
2020-09-16,fomc_minutes_20200916.html,fomc_minutes,full range of tools_GROUP,3,True,full range of tools,1.9
2020-09-16,policy_statement_20200916,policy_statement,gradual,0,False,patient,0.0
2020-09-16,policy_statement_20200916.html,policy_statement,gradual,0,False,patient,0.0
2020-09-16,fomc_minutes_20200916.html,fomc_minutes,gradual,0,False,patient,0.0
2020-09-16,fomc_minutes_20200916,fomc_minutes,gradual,0,False,patient,0.0
2020-09-16,policy_statement_20200916,policy_statement,measured,0,False,patient,0.4
2020-09-16,policy_statement_20200916.html,policy_statement,measured,0,False,patient,0.4
2020-09-16,fomc_minutes_20200916.html,fomc_minutes,measured,1,False,patient,0.4
2020-09-16,fomc_minutes_20200916,fomc_minutes,measured,1,False,patient,0.4
2020-09-16,policy_statement_20200916,policy_statement,patient,0,False,patient,0.1
2020-09-16,policy_statement_20200916.html,policy_statement,patient,0,False,patient,0.1
2020-09-16,fomc_minutes_20200916.html,fomc_minutes,patient,0,False,patient,0.1
2020-09-16,fomc_minutes_20200916,fomc_minutes,patient,0,False,patient,0.1
2020-09-16,policy_statement_20200916.html,policy_statement,patient_GROUP,0,True,patient,0.5
2020-09-16,fomc_minutes_20200916.html,fomc_minutes,patient_GROUP,1,True,patient,0.5
2020-09-16,policy_statement_20200916,policy_statement,patient_GROUP,0,True,patient,0.5
2020-09-16,fomc_minutes_20200916,fomc_minutes,patient_GROUP,1,True,patient,0.5
2020-09-16,policy_statement_20200916,policy_statement,short-lived,0,False,transitory,0.0
2020-09-16,policy_statement_20200916.html,policy_statement,short-lived,0,False,transitory,0.0
2020-09-16,fomc_minutes_20200916.html,fomc_minutes,short-lived,0,False,transitory,0.0
2020-09-16,fomc_minutes_20200916,fomc_minutes,short-lived,0,False,transitory,0.0
2020-09-16,policy_statement_20200916,policy_statement,significant time,0,False,considerable time,0.0
2020-09-16,policy_statement_20200916.html,policy_statement,significant time,0,False,considerable time,0.0
2020-09-16,fomc_minutes_20200916.html,fomc_minutes,significant time,0,False,considerable time,0.0
2020-09-16,fomc_minutes_20200916,fomc_minutes,significant time,0,False,considerable time,0.0
2020-09-16,policy_statement_20200916,policy_statement,substantial period,0,False,considerable time,0.0
2020-09-16,policy_statement_20200916.html,policy_statement,substantial period,0,False,considerable time,0.0
2020-09-16,fomc_minutes_20200916.html,fomc_minutes,substantial period,0,False,considerable time,0.0
2020-09-16,fomc_minutes_20200916,fomc_minutes,substantial period,0,False,considerable time,0.0
2020-09-16,policy_statement_20200916,policy_statement,supportive,0,False,accommodative,0.4
2020-09-16,policy_statement_20200916.html,policy_statement,supportive,0,False,accommodative,0.4
2020-09-16,fomc_minutes_20200916.html,fomc_minutes,supportive,2,False,accommodative,0.4
2020-09-16,fomc_minutes_20200916,fomc_minutes,supportive,2,False,accommodative,0.4
2020-09-16,policy_statement_20200916,policy_statement,temporary,0,False,transitory,1.8
2020-09-16,policy_statement_20200916.html,policy_statement,temporary,0,False,transitory,1.8
2020-09-16,fomc_minutes_20200916.html,fomc_minutes,temporary,3,False,transitory,1.8
2020-09-16,fomc_minutes_20200916,fomc_minutes,temporary,3,False,transitory,1.8
2020-09-16,policy_statement_20200916,policy_statement,transient,0,False,transitory,0.0
2020-09-16,policy_statement_20200916.html,policy_statement,transient,0,False,transitory,0.0
2020-09-16,fomc_minutes_20200916.html,fomc_minutes,transient,0,False,transitory,0.0
2020-09-16,fomc_minutes_20200916,fomc_minutes,transient,0,False,transitory,0.0
2020-09-16,policy_statement_20200916.html,policy_statement,transitory,0,False,transitory,0.0
2020-09-16,policy_statement_20200916,policy_statement,transitory,0,False,transitory,0.0
2020-09-16,fomc_minutes_20200916.html,fomc_minutes,transitory,0,False,transitory,0.0
2020-09-16,fomc_minutes_20200916,fomc_minutes,transitory,0,False,transitory,0.0
2020-09-16,policy_statement_20200916,policy_statement,transitory_GROUP,0,True,transitory,1.8
2020-09-16,policy_statement_20200916.html,policy_statement,transitory_GROUP,0,True,transitory,1.8
2020-09-16,fomc_minutes_20200916.html,fomc_minutes,transitory_GROUP,3,True,transitory,1.8
2020-09-16,fomc_minutes_20200916,fomc_minutes,transitory_GROUP,3,True,transitory,1.8
2020-11-05,policy_statement_20201105.html,policy_statement,accommodating,0,False,accommodative,0.0
2020-11-05,policy_statement_20201105,policy_statement,accommodating,0,False,accommodative,0.0
2020-11-05,policy_statement_20201105.html,policy_statement,accommodative,3,False,accommodative,6.222222222222222
2020-11-05,policy_statement_20201105,policy_statement,accommodative,3,False,accommodative,6.222222222222222
2020-11-05,policy_statement_20201105.html,policy_statement,accommodative_GROUP,3,True,accommodative,7.111111111111111
2020-11-05,policy_statement_20201105,policy_statement,accommodative_GROUP,3,True,accommodative,7.111111111111111
2020-11-05,policy_statement_20201105.html,policy_statement,all available tools,0,False,full range of tools,0.0
2020-11-05,policy_statement_20201105,policy_statement,all available tools,0,False,full range of tools,0.0
2020-11-05,policy_statement_20201105.html,policy_statement,complete toolkit,0,False,full range of tools,0.0
2020-11-05,policy_statement_20201105,policy_statement,complete toolkit,0,False,full range of tools,0.0
2020-11-05,policy_statement_20201105.html,policy_statement,considerable time,0,False,considerable time,0.0
2020-11-05,policy_statement_20201105,policy_statement,considerable time,0,False,considerable time,0.0
2020-11-05,policy_statement_20201105,policy_statement,considerable time_GROUP,0,True,considerable time,0.2222222222222222
2020-11-05,policy_statement_20201105.html,policy_statement,considerable time_GROUP,0,True,considerable time,0.2222222222222222
2020-11-05,policy_statement_20201105.html,policy_statement,deliberate,0,False,patient,0.0
2020-11-05,policy_statement_20201105,policy_statement,deliberate,0,False,patient,0.0
2020-11-05,policy_statement_20201105.html,policy_statement,easy,0,False,accommodative,0.0
2020-11-05,policy_statement_20201105,policy_statement,easy,0,False,accommodative,0.0
2020-11-05,policy_statement_20201105.html,policy_statement,entire toolkit,0,False,full range of tools,0.0
2020-11-05,policy_statement_20201105,policy_statement,entire toolkit,0,False,full range of tools,0.0
2020-11-05,policy_statement_20201105.html,policy_statement,extended period,0,False,considerable time,0.2222222222222222
2020-11-05,policy_statement_20201105,policy_statement,extended period,0,False,considerable time,0.2222222222222222
2020-11-05,policy_statement_20201105.html,policy_statement,full range of tools,1,False,full range of tools,2.111111111111111
2020-11-05,policy_statement_20201105,policy_statement,full range of tools,1,False,full range of tools,2.111111111111111
2020-11-05,policy_statement_20201105.html,policy_statement,full range of tools_GROUP,1,True,full range of tools,2.111111111111111
2020-11-05,policy_statement_20201105,policy_statement,full range of tools_GROUP,1,True,full range of tools,2.111111111111111
2020-11-05,policy_statement_20201105.html,policy_statement,gradual,0,False,patient,0.0
2020-11-05,policy_statement_20201105,policy_statement,gradual,0,False,patient,0.0
2020-11-05,policy_statement_20201105.html,policy_statement,measured,0,False,patient,0.4444444444444444
2020-11-05,policy_statement_20201105,policy_statement,measured,0,False,patient,0.4444444444444444
2020-11-05,policy_statement_20201105.html,policy_statement,patient,0,False,patient,0.0
2020-11-05,policy_statement_20201105,policy_statement,patient,0,False,patient,0.0
2020-11-05,policy_statement_20201105.html,policy_statement,patient_GROUP,0,True,patient,0.4444444444444444
2020-11-05,policy_statement_20201105,policy_statement,patient_GROUP,0,True,patient,0.4444444444444444
2020-11-05,policy_statement_20201105.html,policy_statement,short-lived,0,False,transitory,0.0
2020-11-05,policy_statement_20201105,policy_statement,short-lived,0,False,transitory,0.0
2020-11-05,policy_statement_20201105.html,policy_statement,significant time,0,False,considerable time,0.0
2020-11-05,policy_statement_20201105,policy_statement,significant time,0,False,considerable time,0.0
2020-11-05,policy_statement_20201105.html,policy_statement,substantial period,0,False,considerable time,0.0
2020-11-05,policy_statement_20201105,policy_statement,substantial period,0,False,considerable time,0.0
2020-11-05,policy_statement_20201105.html,policy_statement,supportive,0,False,accommodative,0.8888888888888888
2020-11-05,policy_statement_20201105,policy_statement,supportive,0,False,accommodative,0.8888888888888888
2020-11-05,policy_statement_20201105.html,policy_statement,temporary,0,False,transitory,1.1111111111111112
2020-11-05,policy_statement_20201105,policy_statement,temporary,0,False,transitory,1.1111111111111112
2020-11-05,policy_statement_20201105.html,policy_statement,transient,0,False,transitory,0.0
2020-11-05,policy_statement_20201105,policy_statement,transient,0,False,transitory,0.0
2020-11-05,policy_statement_20201105.html,policy_statement,transitory,0,False,transitory,0.0
2020-11-05,policy_statement_20201105,policy_statement,transitory,0,False,transitory,0.0
2020-11-05,policy_statement_20201105.html,policy_statement,transitory_GROUP,0,True,transitory,1.1111111111111112
2020-11-05,policy_statement_20201105,policy_statement,transitory_GROUP,0,True,transitory,1.1111111111111112
2020-12-16,fomc_minutes_20201216,fomc_minutes,accommodating,0,False,accommodative,0.0
2020-12-16,policy_statement_20201216.html,policy_statement,accommodating,0,False,accommodative,0.0
2020-12-16,policy_statement_20201216,policy_statement,accommodating,0,False,accommodative,0.0
2020-12-16,fomc_minutes_20201216.html,fomc_minutes,accommodating,0,False,accommodative,0.0
2020-12-16,fomc_minutes_20201216,fomc_minutes,accommodative,19,False,accommodative,6.857142857142857
2020-12-16,policy_statement_20201216.html,policy_statement,accommodative,3,False,accommodative,6.857142857142857
2020-12-16,policy_statement_20201216,policy_statement,accommodative,3,False,accommodative,6.857142857142857
2020-12-16,fomc_minutes_20201216.html,fomc_minutes,accommodative,19,False,accommodative,6.857142857142857
2020-12-16,fomc_minutes_20201216,fomc_minutes,accommodative_GROUP,19,True,accommodative,7.428571428571429
2020-12-16,policy_statement_20201216,policy_statement,accommodative_GROUP,3,True,accommodative,7.428571428571429
2020-12-16,policy_statement_20201216.html,policy_statement,accommodative_GROUP,3,True,accommodative,7.428571428571429
2020-12-16,fomc_minutes_20201216.html,fomc_minutes,accommodative_GROUP,19,True,accommodative,7.428571428571429
2020-12-16,policy_statement_20201216,policy_statement,all available tools,0,False,full range of tools,0.0
2020-12-16,fomc_minutes_20201216,fomc_minutes,all available tools,0,False,full range of tools,0.0
2020-12-16,policy_statement_20201216.html,policy_statement,all available tools,0,False,full range of tools,0.0
2020-12-16,fomc_minutes_20201216.html,fomc_minutes,all available tools,0,False,full range of tools,0.0
2020-12-16,policy_statement_20201216,policy_statement,complete toolkit,0,False,full range of tools,0.0
2020-12-16,fomc_minutes_20201216,fomc_minutes,complete toolkit,0,False,full range of tools,0.0
2020-12-16,policy_statement_20201216.html,policy_statement,complete toolkit,0,False,full range of tools,0.0
2020-12-16,fomc_minutes_20201216.html,fomc_minutes,complete toolkit,0,False,full range of tools,0.0
2020-12-16,fomc_minutes_20201216,fomc_minutes,considerable time,0,False,considerable time,0.0
2020-12-16,policy_statement_20201216,policy_statement,considerable time,0,False,considerable time,0.0
2020-12-16,policy_statement_20201216.html,policy_statement,considerable time,0,False,considerable time,0.0
2020-12-16,fomc_minutes_20201216.html,fomc_minutes,considerable time,0,False,considerable time,0.0
2020-12-16,fomc_minutes_20201216,fomc_minutes,considerable time_GROUP,0,True,considerable time,0.0
2020-12-16,policy_statement_20201216,policy_statement,considerable time_GROUP,0,True,considerable time,0.0
2020-12-16,policy_statement_20201216.html,policy_statement,considerable time_GROUP,0,True,considerable time,0.0
2020-12-16,fomc_minutes_20201216.html,fomc_minutes,considerable time_GROUP,0,True,considerable time,0.0
2020-12-16,fomc_minutes_20201216,fomc_minutes,deliberate,0,False,patient,0.0
2020-12-16,policy_statement_20201216.html,policy_statement,deliberate,0,False,patient,0.0
2020-12-16,policy_statement_20201216,policy_statement,deliberate,0,False,patient,0.0
2020-12-16,fomc_minutes_20201216.html,fomc_minutes,deliberate,0,False,patient,0.0
2020-12-16,fomc_minutes_20201216,fomc_minutes,easy,0,False,accommodative,0.0
2020-12-16,policy_statement_20201216.html,policy_statement,easy,0,False,accommodative,0.0
2020-12-16,policy_statement_20201216,policy_statement,easy,0,False,accommodative,0.0
2020-12-16,fomc_minutes_20201216.html,fomc_minutes,easy,0,False,accommodative,0.0
2020-12-16,fomc_minutes_20201216,fomc_minutes,entire toolkit,0,False,full range of tools,0.0
2020-12-16,policy_statement_20201216,policy_statement,entire toolkit,0,False,full range of tools,0.0
2020-12-16,policy_statement_20201216.html,policy_statement,entire toolkit,0,False,full range of tools,0.0
2020-12-16,fomc_minutes_20201216.html,fomc_minutes,entire toolkit,0,False,full range of tools,0.0
2020-12-16,fomc_minutes_20201216,fomc_minutes,extended period,0,False,considerable time,0.0
2020-12-16,policy_statement_20201216,policy_statement,extended period,0,False,considerable time,0.0
2020-12-16,policy_statement_20201216.html,policy_statement,extended period,0,False,considerable time,0.0
2020-12-16,fomc_minutes_20201216.html,fomc_minutes,extended period,0,False,considerable time,0.0
2020-12-16,policy_statement_20201216,policy_statement,full range of tools,1,False,full range of tools,1.5714285714285714
2020-12-16,fomc_minutes_20201216,fomc_minutes,full range of tools,3,False,full range of tools,1.5714285714285714
2020-12-16,policy_statement_20201216.html,policy_statement,full range of tools,1,False,full range of tools,1.5714285714285714
2020-12-16,fomc_minutes_20201216.html,fomc_minutes,full range of tools,3,False,full range of tools,1.5714285714285714
2020-12-16,fomc_minutes_20201216,fomc_minutes,full range of tools_GROUP,3,True,full range of tools,1.5714285714285714
2020-12-16,policy_statement_20201216,policy_statement,full range of tools_GROUP,1,True,full range of tools,1.5714285714285714
2020-12-16,policy_statement_20201216.html,policy_statement,full range of tools_GROUP,1,True,full range of tools,1.5714285714285714
2020-12-16,fomc_minutes_20201216.html,fomc_minutes,full range of tools_GROUP,3,True,full range of tools,1.5714285714285714
2020-12-16,fomc_minutes_20201216,fomc_minutes,gradual,1,False,patient,0.0
2020-12-16,policy_statement_20201216.html,policy_statement,gradual,0,False,patient,0.0
2020-12-16,policy_statement_20201216,policy_statement,gradual,0,False,patient,0.0
2020-12-16,fomc_minutes_20201216.html,fomc_minutes,gradual,1,False,patient,0.0
2020-12-16,policy_statement_20201216.html,policy_statement,measured,0,False,patient,0.2857142857142857
2020-12-16,fomc_minutes_20201216,fomc_minutes,measured,2,False,patient,0.2857142857142857
2020-12-16,policy_statement_20201216,policy_statement,measured,0,False,patient,0.2857142857142857
2020-12-16,fomc_minutes_20201216.html,fomc_minutes,measured,2,False,patient,0.2857142857142857
2020-12-16,fomc_minutes_20201216,fomc_minutes,patient,0,False,patient,0.0
2020-12-16,policy_statement_20201216.html,policy_statement,patient,0,False,patient,0.0
2020-12-16,policy_statement_20201216,policy_statement,patient,0,False,patient,0.0
2020-12-16,fomc_minutes_20201216.html,fomc_minutes,patient,0,False,patient,0.0
2020-12-16,fomc_minutes_20201216,fomc_minutes,patient_GROUP,3,True,patient,0.2857142857142857
2020-12-16,policy_statement_20201216,policy_statement,patient_GROUP,0,True,patient,0.2857142857142857
2020-12-16,policy_statement_20201216.html,policy_statement,patient_GROUP,0,True,patient,0.2857142857142857
2020-12-16,fomc_minutes_20201216.html,fomc_minutes,patient_GROUP,3,True,patient,0.2857142857142857
2020-12-16,fomc_minutes_20201216,fomc_minutes,short-lived,0,False,transitory,0.0
2020-12-16,policy_statement_20201216.html,policy_statement,short-lived,0,False,transitory,0.0
2020-12-16,policy_statement_20201216,policy_statement,short-lived,0,False,transitory,0.0
2020-12-16,fomc_minutes_20201216.html,fomc_minutes,short-lived,0,False,transitory,0.0
2020-12-16,policy_statement_20201216,policy_statement,significant time,0,False,considerable time,0.0
2020-12-16,fomc_minutes_20201216,fomc_minutes,significant time,0,False,considerable time,0.0
2020-12-16,policy_statement_20201216.html,policy_statement,significant time,0,False,considerable time,0.0
2020-12-16,fomc_minutes_20201216.html,fomc_minutes,significant time,0,False,considerable time,0.0
2020-12-16,fomc_minutes_20201216,fomc_minutes,substantial period,0,False,considerable time,0.0
2020-12-16,policy_statement_20201216,policy_statement,substantial period,0,False,considerable time,0.0
2020-12-16,policy_statement_20201216.html,policy_statement,substantial period,0,False,considerable time,0.0
2020-12-16,fomc_minutes_20201216.html,fomc_minutes,substantial period,0,False,considerable time,0.0
2020-12-16,fomc_minutes_20201216,fomc_minutes,supportive,0,False,accommodative,0.5714285714285714
2020-12-16,policy_statement_20201216.html,policy_statement,supportive,0,False,accommodative,0.5714285714285714
2020-12-16,policy_statement_20201216,policy_statement,supportive,0,False,accommodative,0.5714285714285714
2020-12-16,fomc_minutes_20201216.html,fomc_minutes,supportive,0,False,accommodative,0.5714285714285714
2020-12-16,fomc_minutes_20201216,fomc_minutes,temporary,7,False,transitory,0.8571428571428571
2020-12-16,policy_statement_20201216.html,policy_statement,temporary,0,False,transitory,0.8571428571428571
2020-12-16,policy_statement_20201216,policy_statement,temporary,0,False,transitory,0.8571428571428571
2020-12-16,fomc_minutes_20201216.html,fomc_minutes,temporary,7,False,transitory,0.8571428571428571
2020-12-16,policy_statement_20201216.html,policy_statement,transient,0,False,transitory,0.0
2020-12-16,policy_statement_20201216,policy_statement,transient,0,False,transitory,0.0
2020-12-16,fomc_minutes_20201216,fomc_minutes,transient,0,False,transitory,0.0
2020-12-16,fomc_minutes_20201216.html,fomc_minutes,transient,0,False,transitory,0.0
2020-12-16,policy_statement_20201216,policy_statement,transitory,0,False,transitory,0.0
2020-12-16,policy_statement_20201216.html,policy_statement,transitory,0,False,transitory,0.0
2020-12-16,fomc_minutes_20201216,fomc_minutes,transitory,0,False,transitory,0.0
2020-12-16,fomc_minutes_20201216.html,fomc_minutes,transitory,0,False,transitory,0.0
2020-12-16,fomc_minutes_20201216,fomc_minutes,transitory_GROUP,7,True,transitory,0.8571428571428571
2020-12-16,policy_statement_20201216,policy_statement,transitory_GROUP,0,True,transitory,0.8571428571428571
2020-12-16,policy_statement_20201216.html,policy_statement,transitory_GROUP,0,True,transitory,0.8571428571428571
2020-12-16,fomc_minutes_20201216.html,fomc_minutes,transitory_GROUP,7,True,transitory,0.8571428571428571
2021-01-27,fomc_minutes_20210127.html,fomc_minutes,accommodating,0,False,accommodative,0.0
2021-01-27,policy_statement_20210127.html,policy_statement,accommodating,0,False,accommodative,0.0
2021-01-27,fomc_minutes_20210127,fomc_minutes,accommodating,0,False,accommodative,0.0
2021-01-27,policy_statement_20210127,policy_statement,accommodating,0,False,accommodative,0.0
2021-01-27,fomc_minutes_20210127.html,fomc_minutes,accommodative,21,False,accommodative,9.2
2021-01-27,policy_statement_20210127.html,policy_statement,accommodative,3,False,accommodative,9.2
2021-01-27,fomc_minutes_20210127,fomc_minutes,accommodative,21,False,accommodative,9.2
2021-01-27,policy_statement_20210127,policy_statement,accommodative,3,False,accommodative,9.2
2021-01-27,policy_statement_20210127.html,policy_statement,accommodative_GROUP,3,True,accommodative,9.6
2021-01-27,fomc_minutes_20210127,fomc_minutes,accommodative_GROUP,22,True,accommodative,9.6
2021-01-27,fomc_minutes_20210127.html,fomc_minutes,accommodative_GROUP,22,True,accommodative,9.6
2021-01-27,policy_statement_20210127,policy_statement,accommodative_GROUP,3,True,accommodative,9.6
2021-01-27,policy_statement_20210127.html,policy_statement,all available tools,0,False,full range of tools,0.0
2021-01-27,fomc_minutes_20210127,fomc_minutes,all available tools,0,False,full range of tools,0.0
2021-01-27,fomc_minutes_20210127.html,fomc_minutes,all available tools,0,False,full range of tools,0.0
2021-01-27,policy_statement_20210127,policy_statement,all available tools,0,False,full range of tools,0.0
2021-01-27,policy_statement_20210127.html,policy_statement,complete toolkit,0,False,full range of tools,0.0
2021-01-27,fomc_minutes_20210127,fomc_minutes,complete toolkit,0,False,full range of tools,0.0
2021-01-27,fomc_minutes_20210127.html,fomc_minutes,complete toolkit,0,False,full range of tools,0.0
2021-01-27,policy_statement_20210127,policy_statement,complete toolkit,0,False,full range of tools,0.0
2021-01-27,policy_statement_20210127.html,policy_statement,considerable time,0,False,considerable time,0.0
2021-01-27,fomc_minutes_20210127.html,fomc_minutes,considerable time,0,False,considerable time,0.0
2021-01-27,fomc_minutes_20210127,fomc_minutes,considerable time,0,False,considerable time,0.0
2021-01-27,policy_statement_20210127,policy_statement,considerable time,0,False,considerable time,0.0
2021-01-27,fomc_minutes_20210127,fomc_minutes,considerable time_GROUP,0,True,considerable time,0.0
2021-01-27,fomc_minutes_20210127.html,fomc_minutes,considerable time_GROUP,0,True,considerable time,0.0
2021-01-27,policy_statement_20210127.html,policy_statement,considerable time_GROUP,0,True,considerable time,0.0
2021-01-27,policy_statement_20210127,policy_statement,considerable time_GROUP,0,True,considerable time,0.0
2021-01-27,fomc_minutes_20210127.html,fomc_minutes,deliberate,0,False,patient,0.0
2021-01-27,policy_statement_20210127.html,policy_statement,deliberate,0,False,patient,0.0
2021-01-27,fomc_minutes_20210127,fomc_minutes,deliberate,0,False,patient,0.0
2021-01-27,policy_statement_20210127,policy_statement,deliberate,0,False,patient,0.0
2021-01-27,fomc_minutes_20210127.html,fomc_minutes,easy,0,False,accommodative,0.0
2021-01-27,policy_statement_20210127.html,policy_statement,easy,0,False,accommodative,0.0
2021-01-27,fomc_minutes_20210127,fomc_minutes,easy,0,False,accommodative,0.0
2021-01-27,policy_statement_20210127,policy_statement,easy,0,False,accommodative,0.0
2021-01-27,policy_statement_20210127.html,policy_statement,entire toolkit,0,False,full range of tools,0.0
2021-01-27,fomc_minutes_20210127,fomc_minutes,entire toolkit,0,False,full range of tools,0.0
2021-01-27,fomc_minutes_20210127.html,fomc_minutes,entire toolkit,0,False,full range of tools,0.0
2021-01-27,policy_statement_20210127,policy_statement,entire toolkit,0,False,full range of tools,0.0
2021-01-27,policy_statement_20210127.html,policy_statement,extended period,0,False,considerable time,0.0
2021-01-27,fomc_minutes_20210127,fomc_minutes,extended period,0,False,considerable time,0.0
2021-01-27,fomc_minutes_20210127.html,fomc_minutes,extended period,0,False,considerable time,0.0
2021-01-27,policy_statement_20210127,policy_statement,extended period,0,False,considerable time,0.0
2021-01-27,policy_statement_20210127.html,policy_statement,full range of tools,1,False,full range of tools,1.8
2021-01-27,fomc_minutes_20210127,fomc_minutes,full range of tools,4,False,full range of tools,1.8
2021-01-27,fomc_minutes_20210127.html,fomc_minutes,full range of tools,4,False,full range of tools,1.8
2021-01-27,policy_statement_20210127,policy_statement,full range of tools,1,False,full range of tools,1.8
2021-01-27,fomc_minutes_20210127.html,fomc_minutes,full range of tools_GROUP,4,True,full range of tools,1.8
2021-01-27,fomc_minutes_20210127,fomc_minutes,full range of tools_GROUP,4,True,full range of tools,1.8
2021-01-27,policy_statement_20210127.html,policy_statement,full range of tools_GROUP,1,True,full range of tools,1.8
2021-01-27,policy_statement_20210127,policy_statement,full range of tools_GROUP,1,True,full range of tools,1.8
2021-01-27,fomc_minutes_20210127.html,fomc_minutes,gradual,1,False,patient,0.2
2021-01-27,policy_statement_20210127.html,policy_statement,gradual,0,False,patient,0.2
2021-01-27,fomc_minutes_20210127,fomc_minutes,gradual,1,False,patient,0.2
2021-01-27,policy_statement_20210127,policy_statement,gradual,0,False,patient,0.2
2021-01-27,fomc_minutes_20210127.html,fomc_minutes,measured,4,False,patient,0.6
2021-01-27,fomc_minutes_20210127,fomc_minutes,measured,4,False,patient,0.6
2021-01-27,policy_statement_20210127.html,policy_statement,measured,0,False,patient,0.6
2021-01-27,policy_statement_20210127,policy_statement,measured,0,False,patient,0.6
2021-01-27,fomc_minutes_20210127.html,fomc_minutes,patient,0,False,patient,0.0
2021-01-27,policy_statement_20210127.html,policy_statement,patient,0,False,patient,0.0
2021-01-27,fomc_minutes_20210127,fomc_minutes,patient,0,False,patient,0.0
2021-01-27,policy_statement_20210127,policy_statement,patient,0,False,patient,0.0
2021-01-27,fomc_minutes_20210127,fomc_minutes,patient_GROUP,5,True,patient,0.8
2021-01-27,fomc_minutes_20210127.html,fomc_minutes,patient_GROUP,5,True,patient,0.8
2021-01-27,policy_statement_20210127.html,policy_statement,patient_GROUP,0,True,patient,0.8
2021-01-27,policy_statement_20210127,policy_statement,patient_GROUP,0,True,patient,0.8
2021-01-27,fomc_minutes_20210127.html,fomc_minutes,short-lived,0,False,transitory,0.0
2021-01-27,policy_statement_20210127.html,policy_statement,short-lived,0,False,transitory,0.0
2021-01-27,fomc_minutes_20210127,fomc_minutes,short-lived,0,False,transitory,0.0
2021-01-27,policy_statement_20210127,policy_statement,short-lived,0,False,transitory,0.0
2021-01-27,policy_statement_20210127.html,policy_statement,significant time,0,False,considerable time,0.0
2021-01-27,fomc_minutes_20210127,fomc_minutes,significant time,0,False,considerable time,0.0
2021-01-27,fomc_minutes_20210127.html,fomc_minutes,significant time,0,False,considerable time,0.0
2021-01-27,policy_statement_20210127,policy_statement,significant time,0,False,considerable time,0.0
2021-01-27,policy_statement_20210127.html,policy_statement,substantial period,0,False,considerable time,0.0
2021-01-27,fomc_minutes_20210127.html,fomc_minutes,substantial period,0,False,considerable time,0.0
2021-01-27,fomc_minutes_20210127,fomc_minutes,substantial period,0,False,considerable time,0.0
2021-01-27,policy_statement_20210127,policy_statement,substantial period,0,False,considerable time,0.0
2021-01-27,fomc_minutes_20210127.html,fomc_minutes,supportive,1,False,accommodative,0.4
2021-01-27,policy_statement_20210127.html,policy_statement,supportive,0,False,accommodative,0.4
2021-01-27,fomc_minutes_20210127,fomc_minutes,supportive,1,False,accommodative,0.4
2021-01-27,policy_statement_20210127,policy_statement,supportive,0,False,accommodative,0.4
2021-01-27,fomc_minutes_20210127.html,fomc_minutes,temporary,8,False,transitory,2.0
2021-01-27,policy_statement_20210127.html,policy_statement,temporary,0,False,transitory,2.0
2021-01-27,fomc_minutes_20210127,fomc_minutes,temporary,8,False,transitory,2.0
2021-01-27,policy_statement_20210127,policy_statement,temporary,0,False,transitory,2.0
2021-01-27,fomc_minutes_20210127.html,fomc_minutes,transient,0,False,transitory,0.0
2021-01-27,policy_statement_20210127.html,policy_statement,transient,0,False,transitory,0.0
2021-01-27,fomc_minutes_20210127,fomc_minutes,transient,0,False,transitory,0.0
2021-01-27,policy_statement_20210127,policy_statement,transient,0,False,transitory,0.0
2021-01-27,policy_statement_20210127.html,policy_statement,transitory,0,False,transitory,0.0
2021-01-27,fomc_minutes_20210127.html,fomc_minutes,transitory,0,False,transitory,0.0
2021-01-27,fomc_minutes_20210127,fomc_minutes,transitory,0,False,transitory,0.0
2021-01-27,policy_statement_20210127,policy_statement,transitory,0,False,transitory,0.0
2021-01-27,policy_statement_20210127.html,policy_statement,transitory_GROUP,0,True,transitory,2.0
2021-01-27,fomc_minutes_20210127,fomc_minutes,transitory_GROUP,8,True,transitory,2.0
2021-01-27,fomc_minutes_20210127.html,fomc_minutes,transitory_GROUP,8,True,transitory,2.0
2021-01-27,policy_statement_20210127,policy_statement,transitory_GROUP,0,True,transitory,2.0
2021-03-17,fomc_minutes_20210317.html,fomc_minutes,accommodating,0,False,accommodative,0.0
2021-03-17,fomc_minutes_20210317,fomc_minutes,accommodating,0,False,accommodative,0.0
2021-03-17,policy_statement_20210317.html,policy_statement,accommodating,0,False,accommodative,0.0
2021-03-17,policy_statement_20210317,policy_statement,accommodating,0,False,accommodative,0.0
2021-03-17,fomc_minutes_20210317.html,fomc_minutes,accommodative,21,False,accommodative,9.8
2021-03-17,fomc_minutes_20210317,fomc_minutes,accommodative,21,False,accommodative,9.8
2021-03-17,policy_statement_20210317.html,policy_statement,accommodative,3,False,accommodative,9.8
2021-03-17,policy_statement_20210317,policy_statement,accommodative,3,False,accommodative,9.8
2021-03-17,fomc_minutes_20210317.html,fomc_minutes,accommodative_GROUP,21,True,accommodative,10.0
2021-03-17,fomc_minutes_20210317,fomc_minutes,accommodative_GROUP,21,True,accommodative,10.0
2021-03-17,policy_statement_20210317.html,policy_statement,accommodative_GROUP,3,True,accommodative,10.0
2021-03-17,policy_statement_20210317,policy_statement,accommodative_GROUP,3,True,accommodative,10.0
2021-03-17,fomc_minutes_20210317.html,fomc_minutes,all available tools,0,False,full range of tools,0.0
2021-03-17,fomc_minutes_20210317,fomc_minutes,all available tools,0,False,full range of tools,0.0
2021-03-17,policy_statement_20210317.html,policy_statement,all available tools,0,False,full range of tools,0.0
2021-03-17,policy_statement_20210317,policy_statement,all available tools,0,False,full range of tools,0.0
2021-03-17,fomc_minutes_20210317.html,fomc_minutes,complete toolkit,0,False,full range of tools,0.0
2021-03-17,fomc_minutes_20210317,fomc_minutes,complete toolkit,0,False,full range of tools,0.0
2021-03-17,policy_statement_20210317.html,policy_statement,complete toolkit,0,False,full range of tools,0.0
2021-03-17,policy_statement_20210317,policy_statement,complete toolkit,0,False,full range of tools,0.0
2021-03-17,fomc_minutes_20210317.html,fomc_minutes,considerable time,0,False,considerable time,0.0
2021-03-17,fomc_minutes_20210317,fomc_minutes,considerable time,0,False,considerable time,0.0
2021-03-17,policy_statement_20210317.html,policy_statement,considerable time,0,False,considerable time,0.0
2021-03-17,policy_statement_20210317,policy_statement,considerable time,0,False,considerable time,0.0
2021-03-17,fomc_minutes_20210317.html,fomc_minutes,considerable time_GROUP,0,True,considerable time,0.0
2021-03-17,fomc_minutes_20210317,fomc_minutes,considerable time_GROUP,0,True,considerable time,0.0
2021-03-17,policy_statement_20210317.html,policy_statement,considerable time_GROUP,0,True,considerable time,0.0
2021-03-17,policy_statement_20210317,policy_statement,considerable time_GROUP,0,True,considerable time,0.0
2021-03-17,fomc_minutes_20210317.html,fomc_minutes,deliberate,0,False,patient,0.0
2021-03-17,fomc_minutes_20210317,fomc_minutes,deliberate,0,False,patient,0.0
2021-03-17,policy_statement_20210317,policy_statement,deliberate,0,False,patient,0.0
2021-03-17,policy_statement_20210317.html,policy_statement,deliberate,0,False,patient,0.0
2021-03-17,fomc_minutes_20210317.html,fomc_minutes,easy,0,False,accommodative,0.0
2021-03-17,fomc_minutes_20210317,fomc_minutes,easy,0,False,accommodative,0.0
2021-03-17,policy_statement_20210317.html,policy_statement,easy,0,False,accommodative,0.0
2021-03-17,policy_statement_20210317,policy_statement,easy,0,False,accommodative,0.0
2021-03-17,fomc_minutes_20210317.html,fomc_minutes,entire toolkit,0,False,full range of tools,0.0
2021-03-17,fomc_minutes_20210317,fomc_minutes,entire toolkit,0,False,full range of tools,0.0
2021-03-17,policy_statement_20210317.html,policy_statement,entire toolkit,0,False,full range of tools,0.0
2021-03-17,policy_statement_20210317,policy_statement,entire toolkit,0,False,full range of tools,0.0
2021-03-17,fomc_minutes_20210317.html,fomc_minutes,extended period,0,False,considerable time,0.0
2021-03-17,fomc_minutes_20210317,fomc_minutes,extended period,0,False,considerable time,0.0
2021-03-17,policy_statement_20210317.html,policy_statement,extended period,0,False,considerable time,0.0
2021-03-17,policy_statement_20210317,policy_statement,extended period,0,False,considerable time,0.0
2021-03-17,fomc_minutes_20210317.html,fomc_minutes,full range of tools,3,False,full range of tools,2.0
2021-03-17,fomc_minutes_20210317,fomc_minutes,full range of tools,3,False,full range of tools,2.0
2021-03-17,policy_statement_20210317.html,policy_statement,full range of tools,1,False,full range of tools,2.0
2021-03-17,policy_statement_20210317,policy_statement,full range of tools,1,False,full range of tools,2.0
2021-03-17,fomc_minutes_20210317.html,fomc_minutes,full range of tools_GROUP,3,True,full range of tools,2.0
2021-03-17,policy_statement_20210317.html,policy_statement,full range of tools_GROUP,1,True,full range of tools,2.0
2021-03-17,fomc_minutes_20210317,fomc_minutes,full range of tools_GROUP,3,True,full range of tools,2.0
2021-03-17,policy_statement_20210317,policy_statement,full range of tools_GROUP,1,True,full range of tools,2.0
2021-03-17,fomc_minutes_20210317.html,fomc_minutes,gradual,0,False,patient,0.4
2021-03-17,fomc_minutes_20210317,fomc_minutes,gradual,0,False,patient,0.4
2021-03-17,policy_statement_20210317.html,policy_statement,gradual,0,False,patient,0.4
2021-03-17,policy_statement_20210317,policy_statement,gradual,0,False,patient,0.4
2021-03-17,fomc_minutes_20210317.html,fomc_minutes,measured,2,False,patient,1.2
2021-03-17,fomc_minutes_20210317,fomc_minutes,measured,2,False,patient,1.2
2021-03-17,policy_statement_20210317.html,policy_statement,measured,0,False,patient,1.2
2021-03-17,policy_statement_20210317,policy_statement,measured,0,False,patient,1.2
2021-03-17,fomc_minutes_20210317.html,fomc_minutes,patient,0,False,patient,0.0
2021-03-17,fomc_minutes_20210317,fomc_minutes,patient,0,False,patient,0.0
2021-03-17,policy_statement_20210317.html,policy_statement,patient,0,False,patient,0.0
2021-03-17,policy_statement_20210317,policy_statement,patient,0,False,patient,0.0
2021-03-17,fomc_minutes_20210317.html,fomc_minutes,patient_GROUP,2,True,patient,1.6
2021-03-17,fomc_minutes_20210317,fomc_minutes,patient_GROUP,2,True,patient,1.6
2021-03-17,policy_statement_20210317,policy_statement,patient_GROUP,0,True,patient,1.6
2021-03-17,policy_statement_20210317.html,policy_statement,patient_GROUP,0,True,patient,1.6
2021-03-17,fomc_minutes_20210317.html,fomc_minutes,short-lived,0,False,transitory,0.0
2021-03-17,fomc_minutes_20210317,fomc_minutes,short-lived,0,False,transitory,0.0
2021-03-17,policy_statement_20210317.html,policy_statement,short-lived,0,False,transitory,0.0
2021-03-17,policy_statement_20210317,policy_statement,short-lived,0,False,transitory,0.0
2021-03-17,fomc_minutes_20210317.html,fomc_minutes,significant time,0,False,considerable time,0.0
2021-03-17,fomc_minutes_20210317,fomc_minutes,significant time,0,False,considerable time,0.0
2021-03-17,policy_statement_20210317.html,policy_statement,significant time,0,False,considerable time,0.0
2021-03-17,policy_statement_20210317,policy_statement,significant time,0,False,considerable time,0.0
2021-03-17,fomc_minutes_20210317.html,fomc_minutes,substantial period,0,False,considerable time,0.0
2021-03-17,fomc_minutes_20210317,fomc_minutes,substantial period,0,False,considerable time,0.0
2021-03-17,policy_statement_20210317.html,policy_statement,substantial period,0,False,considerable time,0.0
2021-03-17,policy_statement_20210317,policy_statement,substantial period,0,False,considerable time,0.0
2021-03-17,fomc_minutes_20210317.html,fomc_minutes,supportive,0,False,accommodative,0.2
2021-03-17,fomc_minutes_20210317,fomc_minutes,supportive,0,False,accommodative,0.2
2021-03-17,policy_statement_20210317.html,policy_statement,supportive,0,False,accommodative,0.2
2021-03-17,policy_statement_20210317,policy_statement,supportive,0,False,accommodative,0.2
2021-03-17,fomc_minutes_20210317.html,fomc_minutes,temporary,1,False,transitory,3.0
2021-03-17,fomc_minutes_20210317,fomc_minutes,temporary,1,False,transitory,3.0
2021-03-17,policy_statement_20210317.html,policy_statement,temporary,0,False,transitory,3.0
2021-03-17,policy_statement_20210317,policy_statement,temporary,0,False,transitory,3.0
2021-03-17,fomc_minutes_20210317,fomc_minutes,transient,0,False,transitory,0.0
2021-03-17,fomc_minutes_20210317.html,fomc_minutes,transient,0,False,transitory,0.0
2021-03-17,policy_statement_20210317.html,policy_statement,transient,0,False,transitory,0.0
2021-03-17,policy_statement_20210317,policy_statement,transient,0,False,transitory,0.0
2021-03-17,fomc_minutes_20210317,fomc_minutes,transitory,2,False,transitory,0.0
2021-03-17,fomc_minutes_20210317.html,fomc_minutes,transitory,2,False,transitory,0.0
2021-03-17,policy_statement_20210317.html,policy_statement,transitory,0,False,transitory,0.0
2021-03-17,policy_statement_20210317,policy_statement,transitory,0,False,transitory,0.0
2021-03-17,fomc_minutes_20210317.html,fomc_minutes,transitory_GROUP,3,True,transitory,3.0
2021-03-17,fomc_minutes_20210317,fomc_minutes,transitory_GROUP,3,True,transitory,3.0
2021-03-17,policy_statement_20210317.html,policy_statement,transitory_GROUP,0,True,transitory,3.0
2021-03-17,policy_statement_20210317,policy_statement,transitory_GROUP,0,True,transitory,3.0
2021-04-28,policy_statement_20210428.html,policy_statement,accommodating,0,False,accommodative,0.0
2021-04-28,policy_statement_20210428,policy_statement,accommodating,0,False,accommodative,0.0
2021-04-28,fomc_minutes_20210428.html,fomc_minutes,accommodating,0,False,accommodative,0.0
2021-04-28,fomc_minutes_20210428,fomc_minutes,accommodating,0,False,accommodative,0.0
2021-04-28,policy_statement_20210428.html,policy_statement,accommodative,3,False,accommodative,10.428571428571429
2021-04-28,policy_statement_20210428,policy_statement,accommodative,3,False,accommodative,10.428571428571429
2021-04-28,fomc_minutes_20210428.html,fomc_minutes,accommodative,18,False,accommodative,10.428571428571429
2021-04-28,fomc_minutes_20210428,fomc_minutes,accommodative,18,False,accommodative,10.428571428571429
2021-04-28,policy_statement_20210428.html,policy_statement,accommodative_GROUP,3,True,accommodative,10.571428571428571
2021-04-28,policy_statement_20210428,policy_statement,accommodative_GROUP,3,True,accommodative,10.571428571428571
2021-04-28,fomc_minutes_20210428.html,fomc_minutes,accommodative_GROUP,19,True,accommodative,10.571428571428571
2021-04-28,fomc_minutes_20210428,fomc_minutes,accommodative_GROUP,19,True,accommodative,10.571428571428571
2021-04-28,policy_statement_20210428.html,policy_statement,all available tools,0,False,full range of tools,0.0
2021-04-28,policy_statement_20210428,policy_statement,all available tools,0,False,full range of tools,0.0
2021-04-28,fomc_minutes_20210428.html,fomc_minutes,all available tools,0,False,full range of tools,0.0
2021-04-28,fomc_minutes_20210428,fomc_minutes,all available tools,0,False,full range of tools,0.0
2021-04-28,policy_statement_20210428.html,policy_statement,complete toolkit,0,False,full range of tools,0.0
2021-04-28,policy_statement_20210428,policy_statement,complete toolkit,0,False,full range of tools,0.0
2021-04-28,fomc_minutes_20210428.html,fomc_minutes,complete toolkit,0,False,full range of tools,0.0
2021-04-28,fomc_minutes_20210428,fomc_minutes,complete toolkit,0,False,full range of tools,0.0
2021-04-28,policy_statement_20210428.html,policy_statement,considerable time,0,False,considerable time,0.0
2021-04-28,policy_statement_20210428,policy_statement,considerable time,0,False,considerable time,0.0
2021-04-28,fomc_minutes_20210428.html,fomc_minutes,considerable time,0,False,considerable time,0.0
2021-04-28,fomc_minutes_20210428,fomc_minutes,considerable time,0,False,considerable time,0.0
2021-04-28,policy_statement_20210428.html,policy_statement,considerable time_GROUP,0,True,considerable time,0.0
2021-04-28,policy_statement_20210428,policy_statement,considerable time_GROUP,0,True,considerable time,0.0
2021-04-28,fomc_minutes_20210428.html,fomc_minutes,considerable time_GROUP,0,True,considerable time,0.0
2021-04-28,fomc_minutes_20210428,fomc_minutes,considerable time_GROUP,0,True,considerable time,0.0
2021-04-28,policy_statement_20210428.html,policy_statement,deliberate,0,False,patient,0.0
2021-04-28,policy_statement_20210428,policy_statement,deliberate,0,False,patient,0.0
2021-04-28,fomc_minutes_20210428.html,fomc_minutes,deliberate,0,False,patient,0.0
2021-04-28,fomc_minutes_20210428,fomc_minutes,deliberate,0,False,patient,0.0
2021-04-28,policy_statement_20210428.html,policy_statement,easy,0,False,accommodative,0.0
2021-04-28,policy_statement_20210428,policy_statement,easy,0,False,accommodative,0.0
2021-04-28,fomc_minutes_20210428.html,fomc_minutes,easy,0,False,accommodative,0.0
2021-04-28,fomc_minutes_20210428,fomc_minutes,easy,0,False,accommodative,0.0
2021-04-28,policy_statement_20210428,policy_statement,entire toolkit,0,False,full range of tools,0.0
2021-04-28,policy_statement_20210428.html,policy_statement,entire toolkit,0,False,full range of tools,0.0
2021-04-28,fomc_minutes_20210428.html,fomc_minutes,entire toolkit,0,False,full range of tools,0.0
2021-04-28,fomc_minutes_20210428,fomc_minutes,entire toolkit,0,False,full range of tools,0.0
2021-04-28,policy_statement_20210428.html,policy_statement,extended period,0,False,considerable time,0.0
2021-04-28,policy_statement_20210428,policy_statement,extended period,0,False,considerable time,0.0
2021-04-28,fomc_minutes_20210428.html,fomc_minutes,extended period,0,False,considerable time,0.0
2021-04-28,fomc_minutes_20210428,fomc_minutes,extended period,0,False,considerable time,0.0
2021-04-28,policy_statement_20210428.html,policy_statement,full range of tools,1,False,full range of tools,2.0
2021-04-28,policy_statement_20210428,policy_statement,full range of tools,1,False,full range of tools,2.0
2021-04-28,fomc_minutes_20210428.html,fomc_minutes,full range of tools,3,False,full range of tools,2.0
2021-04-28,fomc_minutes_20210428,fomc_minutes,full range of tools,3,False,full range of tools,2.0
2021-04-28,policy_statement_20210428.html,policy_statement,full range of tools_GROUP,1,True,full range of tools,2.0
2021-04-28,policy_statement_20210428,policy_statement,full range of tools_GROUP,1,True,full range of tools,2.0
2021-04-28,fomc_minutes_20210428,fomc_minutes,full range of tools_GROUP,3,True,full range of tools,2.0
2021-04-28,fomc_minutes_20210428.html,fomc_minutes,full range of tools_GROUP,3,True,full range of tools,2.0
2021-04-28,policy_statement_20210428.html,policy_statement,gradual,0,False,patient,0.2857142857142857
2021-04-28,policy_statement_20210428,policy_statement,gradual,0,False,patient,0.2857142857142857
2021-04-28,fomc_minutes_20210428.html,fomc_minutes,gradual,0,False,patient,0.2857142857142857
2021-04-28,fomc_minutes_20210428,fomc_minutes,gradual,0,False,patient,0.2857142857142857
2021-04-28,policy_statement_20210428.html,policy_statement,measured,0,False,patient,1.1428571428571428
2021-04-28,policy_statement_20210428,policy_statement,measured,0,False,patient,1.1428571428571428
2021-04-28,fomc_minutes_20210428.html,fomc_minutes,measured,6,False,patient,1.1428571428571428
2021-04-28,fomc_minutes_20210428,fomc_minutes,measured,6,False,patient,1.1428571428571428
2021-04-28,policy_statement_20210428.html,policy_statement,patient,0,False,patient,0.0
2021-04-28,policy_statement_20210428,policy_statement,patient,0,False,patient,0.0
2021-04-28,fomc_minutes_20210428.html,fomc_minutes,patient,0,False,patient,0.0
2021-04-28,fomc_minutes_20210428,fomc_minutes,patient,0,False,patient,0.0
2021-04-28,policy_statement_20210428.html,policy_statement,patient_GROUP,0,True,patient,1.4285714285714286
2021-04-28,policy_statement_20210428,policy_statement,patient_GROUP,0,True,patient,1.4285714285714286
2021-04-28,fomc_minutes_20210428.html,fomc_minutes,patient_GROUP,6,True,patient,1.4285714285714286
2021-04-28,fomc_minutes_20210428,fomc_minutes,patient_GROUP,6,True,patient,1.4285714285714286
2021-04-28,policy_statement_20210428.html,policy_statement,short-lived,0,False,transitory,0.0
2021-04-28,policy_statement_20210428,policy_statement,short-lived,0,False,transitory,0.0
2021-04-28,fomc_minutes_20210428.html,fomc_minutes,short-lived,0,False,transitory,0.0
2021-04-28,fomc_minutes_20210428,fomc_minutes,short-lived,0,False,transitory,0.0
2021-04-28,policy_statement_20210428.html,policy_statement,significant time,0,False,considerable time,0.0
2021-04-28,policy_statement_20210428,policy_statement,significant time,0,False,considerable time,0.0
2021-04-28,fomc_minutes_20210428.html,fomc_minutes,significant time,0,False,considerable time,0.0
2021-04-28,fomc_minutes_20210428,fomc_minutes,significant time,0,False,considerable time,0.0
2021-04-28,policy_statement_20210428.html,policy_statement,substantial period,0,False,considerable time,0.0
2021-04-28,policy_statement_20210428,policy_statement,substantial period,0,False,considerable time,0.0
2021-04-28,fomc_minutes_20210428.html,fomc_minutes,substantial period,0,False,considerable time,0.0
2021-04-28,fomc_minutes_20210428,fomc_minutes,substantial period,0,False,considerable time,0.0
2021-04-28,policy_statement_20210428.html,policy_statement,supportive,0,False,accommodative,0.14285714285714285
2021-04-28,policy_statement_20210428,policy_statement,supportive,0,False,accommodative,0.14285714285714285
2021-04-28,fomc_minutes_20210428.html,fomc_minutes,supportive,1,False,accommodative,0.14285714285714285
2021-04-28,fomc_minutes_20210428,fomc_minutes,supportive,1,False,accommodative,0.14285714285714285
2021-04-28,policy_statement_20210428,policy_statement,temporary,0,False,transitory,2.2857142857142856
2021-04-28,policy_statement_20210428.html,policy_statement,temporary,0,False,transitory,2.2857142857142856
2021-04-28,fomc_minutes_20210428.html,fomc_minutes,temporary,5,False,transitory,2.2857142857142856
2021-04-28,fomc_minutes_20210428,fomc_minutes,temporary,5,False,transitory,2.2857142857142856
2021-04-28,fomc_minutes_20210428.html,fomc_minutes,transient,0,False,transitory,0.0
2021-04-28,policy_statement_20210428,policy_statement,transient,0,False,transitory,0.0
2021-04-28,policy_statement_20210428.html,policy_statement,transient,0,False,transitory,0.0
2021-04-28,fomc_minutes_20210428,fomc_minutes,transient,0,False,transitory,0.0
2021-04-28,policy_statement_20210428,policy_statement,transitory,1,False,transitory,0.2857142857142857
2021-04-28,fomc_minutes_20210428.html,fomc_minutes,transitory,8,False,transitory,0.2857142857142857
2021-04-28,policy_statement_20210428.html,policy_statement,transitory,1,False,transitory,0.2857142857142857
2021-04-28,fomc_minutes_20210428,fomc_minutes,transitory,8,False,transitory,0.2857142857142857
2021-04-28,policy_statement_20210428.html,policy_statement,transitory_GROUP,1,True,transitory,2.5714285714285716
2021-04-28,policy_statement_20210428,policy_statement,transitory_GROUP,1,True,transitory,2.5714285714285716
2021-04-28,fomc_minutes_20210428.html,fomc_minutes,transitory_GROUP,13,True,transitory,2.5714285714285716
2021-04-28,fomc_minutes_20210428,fomc_minutes,transitory_GROUP,13,True,transitory,2.5714285714285716
2021-06-16,policy_statement_20210616,policy_statement,accommodating,0,False,accommodative,0.0
2021-06-16,policy_statement_20210616.html,policy_statement,accommodating,0,False,accommodative,0.0
2021-06-16,fomc_minutes_20210616,fomc_minutes,accommodating,0,False,accommodative,0.0
2021-06-16,fomc_minutes_20210616.html,fomc_minutes,accommodating,0,False,accommodative,0.0
2021-06-16,policy_statement_20210616,policy_statement,accommodative,3,False,accommodative,11.5
2021-06-16,policy_statement_20210616.html,policy_statement,accommodative,3,False,accommodative,11.5
2021-06-16,fomc_minutes_20210616,fomc_minutes,accommodative,18,False,accommodative,11.5
2021-06-16,fomc_minutes_20210616.html,fomc_minutes,accommodative,18,False,accommodative,11.5
2021-06-16,policy_statement_20210616.html,policy_statement,accommodative_GROUP,3,True,accommodative,11.833333333333334
2021-06-16,fomc_minutes_20210616.html,fomc_minutes,accommodative_GROUP,19,True,accommodative,11.833333333333334
2021-06-16,policy_statement_20210616,policy_statement,accommodative_GROUP,3,True,accommodative,11.833333333333334
2021-06-16,fomc_minutes_20210616,fomc_minutes,accommodative_GROUP,19,True,accommodative,11.833333333333334
2021-06-16,policy_statement_20210616.html,policy_statement,all available tools,0,False,full range of tools,0.0
2021-06-16,fomc_minutes_20210616.html,fomc_minutes,all available tools,0,False,full range of tools,0.0
2021-06-16,fomc_minutes_20210616,fomc_minutes,all available tools,0,False,full range of tools,0.0
2021-06-16,policy_statement_20210616,policy_statement,all available tools,0,False,full range of tools,0.0
2021-06-16,policy_statement_20210616.html,policy_statement,complete toolkit,0,False,full range of tools,0.0
2021-06-16,fomc_minutes_20210616.html,fomc_minutes,complete toolkit,0,False,full range of tools,0.0
2021-06-16,policy_statement_20210616,policy_statement,complete toolkit,0,False,full range of tools,0.0
2021-06-16,fomc_minutes_20210616,fomc_minutes,complete toolkit,0,False,full range of tools,0.0
2021-06-16,policy_statement_20210616.html,policy_statement,considerable time,0,False,considerable time,0.0
2021-06-16,policy_statement_20210616,policy_statement,considerable time,0,False,considerable time,0.0
2021-06-16,fomc_minutes_20210616,fomc_minutes,considerable time,0,False,considerable time,0.0
2021-06-16,fomc_minutes_20210616.html,fomc_minutes,considerable time,0,False,considerable time,0.0
2021-06-16,policy_statement_20210616.html,policy_statement,considerable time_GROUP,0,True,considerable time,0.0
2021-06-16,fomc_minutes_20210616.html,fomc_minutes,considerable time_GROUP,0,True,considerable time,0.0
2021-06-16,policy_statement_20210616,policy_statement,considerable time_GROUP,0,True,considerable time,0.0
2021-06-16,fomc_minutes_20210616,fomc_minutes,considerable time_GROUP,0,True,considerable time,0.0
2021-06-16,policy_statement_20210616.html,policy_statement,deliberate,0,False,patient,0.0
2021-06-16,policy_statement_20210616,policy_statement,deliberate,0,False,patient,0.0
2021-06-16,fomc_minutes_20210616,fomc_minutes,deliberate,0,False,patient,0.0
2021-06-16,fomc_minutes_20210616.html,fomc_minutes,deliberate,0,False,patient,0.0
2021-06-16,policy_statement_20210616,policy_statement,easy,0,False,accommodative,0.0
2021-06-16,policy_statement_20210616.html,policy_statement,easy,0,False,accommodative,0.0
2021-06-16,fomc_minutes_20210616,fomc_minutes,easy,0,False,accommodative,0.0
2021-06-16,fomc_minutes_20210616.html,fomc_minutes,easy,0,False,accommodative,0.0
2021-06-16,policy_statement_20210616.html,policy_statement,entire toolkit,0,False,full range of tools,0.0
2021-06-16,fomc_minutes_20210616.html,fomc_minutes,entire toolkit,0,False,full range of tools,0.0
2021-06-16,fomc_minutes_20210616,fomc_minutes,entire toolkit,0,False,full range of tools,0.0
2021-06-16,policy_statement_20210616,policy_statement,entire toolkit,0,False,full range of tools,0.0
2021-06-16,policy_statement_20210616.html,policy_statement,extended period,0,False,considerable time,0.0
2021-06-16,policy_statement_20210616,policy_statement,extended period,0,False,considerable time,0.0
2021-06-16,fomc_minutes_20210616,fomc_minutes,extended period,0,False,considerable time,0.0
2021-06-16,fomc_minutes_20210616.html,fomc_minutes,extended period,0,False,considerable time,0.0
2021-06-16,policy_statement_20210616.html,policy_statement,full range of tools,1,False,full range of tools,2.1666666666666665
2021-06-16,fomc_minutes_20210616,fomc_minutes,full range of tools,3,False,full range of tools,2.1666666666666665
2021-06-16,fomc_minutes_20210616.html,fomc_minutes,full range of tools,3,False,full range of tools,2.1666666666666665
2021-06-16,policy_statement_20210616,policy_statement,full range of tools,1,False,full range of tools,2.1666666666666665
2021-06-16,policy_statement_20210616.html,policy_statement,full range of tools_GROUP,1,True,full range of tools,2.1666666666666665
2021-06-16,fomc_minutes_20210616.html,fomc_minutes,full range of tools_GROUP,3,True,full range of tools,2.1666666666666665
2021-06-16,policy_statement_20210616,policy_statement,full range of tools_GROUP,1,True,full range of tools,2.1666666666666665
2021-06-16,fomc_minutes_20210616,fomc_minutes,full range of tools_GROUP,3,True,full range of tools,2.1666666666666665
2021-06-16,policy_statement_20210616,policy_statement,gradual,0,False,patient,0.16666666666666666
2021-06-16,policy_statement_20210616.html,policy_statement,gradual,0,False,patient,0.16666666666666666
2021-06-16,fomc_minutes_20210616,fomc_minutes,gradual,0,False,patient,0.16666666666666666
2021-06-16,fomc_minutes_20210616.html,fomc_minutes,gradual,0,False,patient,0.16666666666666666
2021-06-16,policy_statement_20210616,policy_statement,measured,0,False,patient,2.0
2021-06-16,policy_statement_20210616.html,policy_statement,measured,0,False,patient,2.0
2021-06-16,fomc_minutes_20210616,fomc_minutes,measured,3,False,patient,2.0
2021-06-16,fomc_minutes_20210616.html,fomc_minutes,measured,3,False,patient,2.0
2021-06-16,policy_statement_20210616,policy_statement,patient,0,False,patient,0.0
2021-06-16,policy_statement_20210616.html,policy_statement,patient,0,False,patient,0.0
2021-06-16,fomc_minutes_20210616,fomc_minutes,patient,1,False,patient,0.0
2021-06-16,fomc_minutes_20210616.html,fomc_minutes,patient,1,False,patient,0.0
2021-06-16,policy_statement_20210616.html,policy_statement,patient_GROUP,0,True,patient,2.1666666666666665
2021-06-16,fomc_minutes_20210616.html,fomc_minutes,patient_GROUP,4,True,patient,2.1666666666666665
2021-06-16,policy_statement_20210616,policy_statement,patient_GROUP,0,True,patient,2.1666666666666665
2021-06-16,fomc_minutes_20210616,fomc_minutes,patient_GROUP,4,True,patient,2.1666666666666665
2021-06-16,policy_statement_20210616,policy_statement,short-lived,0,False,transitory,0.0
2021-06-16,policy_statement_20210616.html,policy_statement,short-lived,0,False,transitory,0.0
2021-06-16,fomc_minutes_20210616,fomc_minutes,short-lived,0,False,transitory,0.0
2021-06-16,fomc_minutes_20210616.html,fomc_minutes,short-lived,0,False,transitory,0.0
2021-06-16,policy_statement_20210616.html,policy_statement,significant time,0,False,considerable time,0.0
2021-06-16,fomc_minutes_20210616,fomc_minutes,significant time,0,False,considerable time,0.0
2021-06-16,fomc_minutes_20210616.html,fomc_minutes,significant time,0,False,considerable time,0.0
2021-06-16,policy_statement_20210616,policy_statement,significant time,0,False,considerable time,0.0
2021-06-16,policy_statement_20210616.html,policy_statement,substantial period,0,False,considerable time,0.0
2021-06-16,fomc_minutes_20210616,fomc_minutes,substantial period,0,False,considerable time,0.0
2021-06-16,fomc_minutes_20210616.html,fomc_minutes,substantial period,0,False,considerable time,0.0
2021-06-16,policy_statement_20210616,policy_statement,substantial period,0,False,considerable time,0.0
2021-06-16,policy_statement_20210616,policy_statement,supportive,0,False,accommodative,0.3333333333333333
2021-06-16,policy_statement_20210616.html,policy_statement,supportive,0,False,accommodative,0.3333333333333333
2021-06-16,fomc_minutes_20210616,fomc_minutes,supportive,1,False,accommodative,0.3333333333333333
2021-06-16,fomc_minutes_20210616.html,fomc_minutes,supportive,1,False,accommodative,0.3333333333333333
2021-06-16,policy_statement_20210616,policy_statement,temporary,0,False,transitory,2.3333333333333335
2021-06-16,policy_statement_20210616.html,policy_statement,temporary,0,False,transitory,2.3333333333333335
2021-06-16,fomc_minutes_20210616,fomc_minutes,temporary,7,False,transitory,2.3333333333333335
2021-06-16,fomc_minutes_20210616.html,fomc_minutes,temporary,7,False,transitory,2.3333333333333335
2021-06-16,policy_statement_20210616,policy_statement,transient,0,False,transitory,0.0
2021-06-16,policy_statement_20210616.html,policy_statement,transient,0,False,transitory,0.0
2021-06-16,fomc_minutes_20210616,fomc_minutes,transient,0,False,transitory,0.0
2021-06-16,fomc_minutes_20210616.html,fomc_minutes,transient,0,False,transitory,0.0
2021-06-16,policy_statement_20210616,policy_statement,transitory,1,False,transitory,1.8333333333333333
2021-06-16,policy_statement_20210616.html,policy_statement,transitory,1,False,transitory,1.8333333333333333
2021-06-16,fomc_minutes_20210616,fomc_minutes,transitory,8,False,transitory,1.8333333333333333
2021-06-16,fomc_minutes_20210616.html,fomc_minutes,transitory,8,False,transitory,1.8333333333333333
2021-06-16,policy_statement_20210616.html,policy_statement,transitory_GROUP,1,True,transitory,4.166666666666667
2021-06-16,fomc_minutes_20210616.html,fomc_minutes,transitory_GROUP,15,True,transitory,4.166666666666667
2021-06-16,policy_statement_20210616,policy_statement,transitory_GROUP,1,True,transitory,4.166666666666667
2021-06-16,fomc_minutes_20210616,fomc_minutes,transitory_GROUP,15,True,transitory,4.166666666666667
2021-07-28,fomc_minutes_20210728,fomc_minutes,accommodating,0,False,accommodative,0.0
2021-07-28,fomc_minutes_20210728.html,fomc_minutes,accommodating,0,False,accommodative,0.0
2021-07-28,policy_statement_20210728,policy_statement,accommodating,0,False,accommodative,0.0
2021-07-28,fomc_minutes_20210728,fomc_minutes,accommodative,22,False,accommodative,11.0
2021-07-28,fomc_minutes_20210728.html,fomc_minutes,accommodative,22,False,accommodative,11.0
2021-07-28,policy_statement_20210728,policy_statement,accommodative,3,False,accommodative,11.0
2021-07-28,fomc_minutes_20210728.html,fomc_minutes,accommodative_GROUP,22,True,accommodative,11.333333333333334
2021-07-28,fomc_minutes_20210728,fomc_minutes,accommodative_GROUP,22,True,accommodative,11.333333333333334
2021-07-28,policy_statement_20210728,policy_statement,accommodative_GROUP,3,True,accommodative,11.333333333333334
2021-07-28,fomc_minutes_20210728.html,fomc_minutes,all available tools,0,False,full range of tools,0.0
2021-07-28,policy_statement_20210728,policy_statement,all available tools,0,False,full range of tools,0.0
2021-07-28,fomc_minutes_20210728,fomc_minutes,all available tools,0,False,full range of tools,0.0
2021-07-28,fomc_minutes_20210728.html,fomc_minutes,complete toolkit,0,False,full range of tools,0.0
2021-07-28,policy_statement_20210728,policy_statement,complete toolkit,0,False,full range of tools,0.0
2021-07-28,fomc_minutes_20210728,fomc_minutes,complete toolkit,0,False,full range of tools,0.0
2021-07-28,fomc_minutes_20210728.html,fomc_minutes,considerable time,0,False,considerable time,0.0
2021-07-28,fomc_minutes_20210728,fomc_minutes,considerable time,0,False,considerable time,0.0
2021-07-28,policy_statement_20210728,policy_statement,considerable time,0,False,considerable time,0.0
2021-07-28,fomc_minutes_20210728.html,fomc_minutes,considerable time_GROUP,0,True,considerable time,0.0
2021-07-28,policy_statement_20210728,policy_statement,considerable time_GROUP,0,True,considerable time,0.0
2021-07-28,fomc_minutes_20210728,fomc_minutes,considerable time_GROUP,0,True,considerable time,0.0
2021-07-28,fomc_minutes_20210728.html,fomc_minutes,deliberate,0,False,patient,0.0
2021-07-28,fomc_minutes_20210728,fomc_minutes,deliberate,0,False,patient,0.0
2021-07-28,policy_statement_20210728,policy_statement,deliberate,0,False,patient,0.0
2021-07-28,fomc_minutes_20210728,fomc_minutes,easy,0,False,accommodative,0.0
2021-07-28,fomc_minutes_20210728.html,fomc_minutes,easy,0,False,accommodative,0.0
2021-07-28,policy_statement_20210728,policy_statement,easy,0,False,accommodative,0.0
2021-07-28,fomc_minutes_20210728.html,fomc_minutes,entire toolkit,0,False,full range of tools,0.0
2021-07-28,policy_statement_20210728,policy_statement,entire toolkit,0,False,full range of tools,0.0
2021-07-28,fomc_minutes_20210728,fomc_minutes,entire toolkit,0,False,full range of tools,0.0
2021-07-28,fomc_minutes_20210728.html,fomc_minutes,extended period,0,False,considerable time,0.0
2021-07-28,policy_statement_20210728,policy_statement,extended period,0,False,considerable time,0.0
2021-07-28,fomc_minutes_20210728,fomc_minutes,extended period,0,False,considerable time,0.0
2021-07-28,fomc_minutes_20210728.html,fomc_minutes,full range of tools,3,False,full range of tools,2.0
2021-07-28,policy_statement_20210728,policy_statement,full range of tools,1,False,full range of tools,2.0
2021-07-28,fomc_minutes_20210728,fomc_minutes,full range of tools,3,False,full range of tools,2.0
2021-07-28,fomc_minutes_20210728.html,fomc_minutes,full range of tools_GROUP,3,True,full range of tools,2.0
2021-07-28,policy_statement_20210728,policy_statement,full range of tools_GROUP,1,True,full range of tools,2.0
2021-07-28,fomc_minutes_20210728,fomc_minutes,full range of tools_GROUP,3,True,full range of tools,2.0
2021-07-28,fomc_minutes_20210728,fomc_minutes,gradual,2,False,patient,0.0
2021-07-28,fomc_minutes_20210728.html,fomc_minutes,gradual,2,False,patient,0.0
2021-07-28,policy_statement_20210728,policy_statement,gradual,0,False,patient,0.0
2021-07-28,fomc_minutes_20210728,fomc_minutes,measured,2,False,patient,1.8333333333333333
2021-07-28,fomc_minutes_20210728.html,fomc_minutes,measured,2,False,patient,1.8333333333333333
2021-07-28,policy_statement_20210728,policy_statement,measured,0,False,patient,1.8333333333333333
2021-07-28,fomc_minutes_20210728,fomc_minutes,patient,1,False,patient,0.16666666666666666
2021-07-28,fomc_minutes_20210728.html,fomc_minutes,patient,1,False,patient,0.16666666666666666
2021-07-28,policy_statement_20210728,policy_statement,patient,0,False,patient,0.16666666666666666
2021-07-28,fomc_minutes_20210728.html,fomc_minutes,patient_GROUP,5,True,patient,2.0
2021-07-28,policy_statement_20210728,policy_statement,patient_GROUP,0,True,patient,2.0
2021-07-28,fomc_minutes_20210728,fomc_minutes,patient_GROUP,5,True,patient,2.0
2021-07-28,fomc_minutes_20210728,fomc_minutes,short-lived,0,False,transitory,0.0
2021-07-28,fomc_minutes_20210728.html,fomc_minutes,short-lived,0,False,transitory,0.0
2021-07-28,policy_statement_20210728,policy_statement,short-lived,0,False,transitory,0.0
2021-07-28,fomc_minutes_20210728.html,fomc_minutes,significant time,0,False,considerable time,0.0
2021-07-28,policy_statement_20210728,policy_statement,significant time,0,False,considerable time,0.0
2021-07-28,fomc_minutes_20210728,fomc_minutes,significant time,0,False,considerable time,0.0
2021-07-28,fomc_minutes_20210728.html,fomc_minutes,substantial period,0,False,considerable time,0.0
2021-07-28,fomc_minutes_20210728,fomc_minutes,substantial period,0,False,considerable time,0.0
2021-07-28,policy_statement_20210728,policy_statement,substantial period,0,False,considerable time,0.0
2021-07-28,fomc_minutes_20210728,fomc_minutes,supportive,0,False,accommodative,0.3333333333333333
2021-07-28,fomc_minutes_20210728.html,fomc_minutes,supportive,0,False,accommodative,0.3333333333333333
2021-07-28,policy_statement_20210728,policy_statement,supportive,0,False,accommodative,0.3333333333333333
2021-07-28,fomc_minutes_20210728,fomc_minutes,temporary,1,False,transitory,2.1666666666666665
2021-07-28,policy_statement_20210728,policy_statement,temporary,0,False,transitory,2.1666666666666665
2021-07-28,fomc_minutes_20210728.html,fomc_minutes,temporary,1,False,transitory,2.1666666666666665
2021-07-28,fomc_minutes_20210728,fomc_minutes,transient,0,False,transitory,0.0
2021-07-28,policy_statement_20210728,policy_statement,transient,0,False,transitory,0.0
2021-07-28,fomc_minutes_20210728.html,fomc_minutes,transient,0,False,transitory,0.0
2021-07-28,fomc_minutes_20210728,fomc_minutes,transitory,8,False,transitory,3.3333333333333335
2021-07-28,policy_statement_20210728,policy_statement,transitory,1,False,transitory,3.3333333333333335
2021-07-28,fomc_minutes_20210728.html,fomc_minutes,transitory,8,False,transitory,3.3333333333333335
2021-07-28,fomc_minutes_20210728.html,fomc_minutes,transitory_GROUP,9,True,transitory,5.5
2021-07-28,policy_statement_20210728,policy_statement,transitory_GROUP,1,True,transitory,5.5
2021-07-28,fomc_minutes_20210728,fomc_minutes,transitory_GROUP,9,True,transitory,5.5
2021-09-22,fomc_minutes_20210922,fomc_minutes,accommodating,0,False,accommodative,0.0
2021-09-22,policy_statement_20210922,policy_statement,accommodating,0,False,accommodative,0.0
2021-09-22,policy_statement_20210922.html,policy_statement,accommodating,0,False,accommodative,0.0
2021-09-22,fomc_minutes_20210922.html,fomc_minutes,accommodating,0,False,accommodative,0.0
2021-09-22,fomc_minutes_20210922,fomc_minutes,accommodative,15,False,accommodative,11.909090909090908
2021-09-22,policy_statement_20210922,policy_statement,accommodative,3,False,accommodative,11.909090909090908
2021-09-22,policy_statement_20210922.html,policy_statement,accommodative,3,False,accommodative,11.909090909090908
2021-09-22,fomc_minutes_20210922.html,fomc_minutes,accommodative,15,False,accommodative,11.909090909090908
2021-09-22,fomc_minutes_20210922.html,fomc_minutes,accommodative_GROUP,15,True,accommodative,12.272727272727273
2021-09-22,fomc_minutes_20210922,fomc_minutes,accommodative_GROUP,15,True,accommodative,12.272727272727273
2021-09-22,policy_statement_20210922,policy_statement,accommodative_GROUP,3,True,accommodative,12.272727272727273
2021-09-22,policy_statement_20210922.html,policy_statement,accommodative_GROUP,3,True,accommodative,12.272727272727273
2021-09-22,fomc_minutes_20210922,fomc_minutes,all available tools,0,False,full range of tools,0.0
2021-09-22,fomc_minutes_20210922.html,fomc_minutes,all available tools,0,False,full range of tools,0.0
2021-09-22,policy_statement_20210922,policy_statement,all available tools,0,False,full range of tools,0.0
2021-09-22,policy_statement_20210922.html,policy_statement,all available tools,0,False,full range of tools,0.0
2021-09-22,fomc_minutes_20210922,fomc_minutes,complete toolkit,0,False,full range of tools,0.0
2021-09-22,fomc_minutes_20210922.html,fomc_minutes,complete toolkit,0,False,full range of tools,0.0
2021-09-22,policy_statement_20210922,policy_statement,complete toolkit,0,False,full range of tools,0.0
2021-09-22,policy_statement_20210922.html,policy_statement,complete toolkit,0,False,full range of tools,0.0
2021-09-22,fomc_minutes_20210922,fomc_minutes,considerable time,0,False,considerable time,0.0
2021-09-22,policy_statement_20210922,policy_statement,considerable time,0,False,considerable time,0.0
2021-09-22,policy_statement_20210922.html,policy_statement,considerable time,0,False,considerable time,0.0
2021-09-22,fomc_minutes_20210922.html,fomc_minutes,considerable time,0,False,considerable time,0.0
2021-09-22,policy_statement_20210922.html,policy_statement,considerable time_GROUP,0,True,considerable time,0.0
2021-09-22,fomc_minutes_20210922.html,fomc_minutes,considerable time_GROUP,0,True,considerable time,0.0
2021-09-22,policy_statement_20210922,policy_statement,considerable time_GROUP,0,True,considerable time,0.0
2021-09-22,fomc_minutes_20210922,fomc_minutes,considerable time_GROUP,0,True,considerable time,0.0
2021-09-22,fomc_minutes_20210922,fomc_minutes,deliberate,1,False,patient,0.0
2021-09-22,policy_statement_20210922,policy_statement,deliberate,0,False,patient,0.0
2021-09-22,policy_statement_20210922.html,policy_statement,deliberate,0,False,patient,0.0
2021-09-22,fomc_minutes_20210922.html,fomc_minutes,deliberate,1,False,patient,0.0
2021-09-22,fomc_minutes_20210922,fomc_minutes,easy,0,False,accommodative,0.0
2021-09-22,policy_statement_20210922,policy_statement,easy,0,False,accommodative,0.0
2021-09-22,policy_statement_20210922.html,policy_statement,easy,0,False,accommodative,0.0
2021-09-22,fomc_minutes_20210922.html,fomc_minutes,easy,0,False,accommodative,0.0
2021-09-22,fomc_minutes_20210922,fomc_minutes,entire toolkit,0,False,full range of tools,0.0
2021-09-22,fomc_minutes_20210922.html,fomc_minutes,entire toolkit,0,False,full range of tools,0.0
2021-09-22,policy_statement_20210922,policy_statement,entire toolkit,0,False,full range of tools,0.0
2021-09-22,policy_statement_20210922.html,policy_statement,entire toolkit,0,False,full range of tools,0.0
2021-09-22,fomc_minutes_20210922,fomc_minutes,extended period,0,False,considerable time,0.0
2021-09-22,policy_statement_20210922,policy_statement,extended period,0,False,considerable time,0.0
2021-09-22,fomc_minutes_20210922.html,fomc_minutes,extended period,0,False,considerable time,0.0
2021-09-22,policy_statement_20210922.html,policy_statement,extended period,0,False,considerable time,0.0
2021-09-22,fomc_minutes_20210922,fomc_minutes,full range of tools,3,False,full range of tools,2.090909090909091
2021-09-22,policy_statement_20210922,policy_statement,full range of tools,1,False,full range of tools,2.090909090909091
2021-09-22,fomc_minutes_20210922.html,fomc_minutes,full range of tools,3,False,full range of tools,2.090909090909091
2021-09-22,policy_statement_20210922.html,policy_statement,full range of tools,1,False,full range of tools,2.090909090909091
2021-09-22,fomc_minutes_20210922.html,fomc_minutes,full range of tools_GROUP,3,True,full range of tools,2.090909090909091
2021-09-22,policy_statement_20210922,policy_statement,full range of tools_GROUP,1,True,full range of tools,2.090909090909091
2021-09-22,fomc_minutes_20210922,fomc_minutes,full range of tools_GROUP,3,True,full range of tools,2.090909090909091
2021-09-22,policy_statement_20210922.html,policy_statement,full range of tools_GROUP,1,True,full range of tools,2.090909090909091
2021-09-22,fomc_minutes_20210922,fomc_minutes,gradual,3,False,patient,0.36363636363636365
2021-09-22,policy_statement_20210922,policy_statement,gradual,0,False,patient,0.36363636363636365
2021-09-22,policy_statement_20210922.html,policy_statement,gradual,0,False,patient,0.36363636363636365
2021-09-22,fomc_minutes_20210922.html,fomc_minutes,gradual,3,False,patient,0.36363636363636365
2021-09-22,fomc_minutes_20210922,fomc_minutes,measured,3,False,patient,2.0
2021-09-22,policy_statement_20210922,policy_statement,measured,0,False,patient,2.0
2021-09-22,policy_statement_20210922.html,policy_statement,measured,0,False,patient,2.0
2021-09-22,fomc_minutes_20210922.html,fomc_minutes,measured,3,False,patient,2.0
2021-09-22,fomc_minutes_20210922,fomc_minutes,patient,0,False,patient,0.36363636363636365
2021-09-22,policy_statement_20210922,policy_statement,patient,0,False,patient,0.36363636363636365
2021-09-22,policy_statement_20210922.html,policy_statement,patient,0,False,patient,0.36363636363636365
2021-09-22,fomc_minutes_20210922.html,fomc_minutes,patient,0,False,patient,0.36363636363636365
2021-09-22,fomc_minutes_20210922.html,fomc_minutes,patient_GROUP,7,True,patient,2.727272727272727
2021-09-22,fomc_minutes_20210922,fomc_minutes,patient_GROUP,7,True,patient,2.727272727272727
2021-09-22,policy_statement_20210922.html,policy_statement,patient_GROUP,0,True,patient,2.727272727272727
2021-09-22,policy_statement_20210922,policy_statement,patient_GROUP,0,True,patient,2.727272727272727
2021-09-22,fomc_minutes_20210922,fomc_minutes,short-lived,0,False,transitory,0.0
2021-09-22,policy_statement_20210922,policy_statement,short-lived,0,False,transitory,0.0
2021-09-22,policy_statement_20210922.html,policy_statement,short-lived,0,False,transitory,0.0
2021-09-22,fomc_minutes_20210922.html,fomc_minutes,short-lived,0,False,transitory,0.0
2021-09-22,fomc_minutes_20210922,fomc_minutes,significant time,0,False,considerable time,0.0
2021-09-22,policy_statement_20210922,policy_statement,significant time,0,False,considerable time,0.0
2021-09-22,fomc_minutes_20210922.html,fomc_minutes,significant time,0,False,considerable time,0.0
2021-09-22,policy_statement_20210922.html,policy_statement,significant time,0,False,considerable time,0.0
2021-09-22,fomc_minutes_20210922,fomc_minutes,substantial period,0,False,considerable time,0.0
2021-09-22,policy_statement_20210922,policy_statement,substantial period,0,False,considerable time,0.0
2021-09-22,fomc_minutes_20210922.html,fomc_minutes,substantial period,0,False,considerable time,0.0
2021-09-22,policy_statement_20210922.html,policy_statement,substantial period,0,False,considerable time,0.0
2021-09-22,fomc_minutes_20210922,fomc_minutes,supportive,0,False,accommodative,0.36363636363636365
2021-09-22,policy_statement_20210922,policy_statement,supportive,0,False,accommodative,0.36363636363636365
2021-09-22,policy_statement_20210922.html,policy_statement,supportive,0,False,accommodative,0.36363636363636365
2021-09-22,fomc_minutes_20210922.html,fomc_minutes,supportive,0,False,accommodative,0.36363636363636365
2021-09-22,fomc_minutes_20210922,fomc_minutes,temporary,0,False,transitory,2.3636363636363638
2021-09-22,policy_statement_20210922,policy_statement,temporary,0,False,transitory,2.3636363636363638
2021-09-22,policy_statement_20210922.html,policy_statement,temporary,0,False,transitory,2.3636363636363638
2021-09-22,fomc_minutes_20210922.html,fomc_minutes,temporary,0,False,transitory,2.3636363636363638
2021-09-22,fomc_minutes_20210922,fomc_minutes,transient,0,False,transitory,0.0
2021-09-22,policy_statement_20210922,policy_statement,transient,0,False,transitory,0.0
2021-09-22,policy_statement_20210922.html,policy_statement,transient,0,False,transitory,0.0
2021-09-22,fomc_minutes_20210922.html,fomc_minutes,transient,0,False,transitory,0.0
2021-09-22,policy_statement_20210922,policy_statement,transitory,1,False,transitory,4.818181818181818
2021-09-22,fomc_minutes_20210922,fomc_minutes,transitory,4,False,transitory,4.818181818181818
2021-09-22,policy_statement_20210922.html,policy_statement,transitory,1,False,transitory,4.818181818181818
2021-09-22,fomc_minutes_20210922.html,fomc_minutes,transitory,4,False,transitory,4.818181818181818
2021-09-22,fomc_minutes_20210922.html,fomc_minutes,transitory_GROUP,4,True,transitory,7.181818181818182
2021-09-22,fomc_minutes_20210922,fomc_minutes,transitory_GROUP,4,True,transitory,7.181818181818182
2021-09-22,policy_statement_20210922,policy_statement,transitory_GROUP,1,True,transitory,7.181818181818182
2021-09-22,policy_statement_20210922.html,policy_statement,transitory_GROUP,1,True,transitory,7.181818181818182
2021-11-03,policy_statement_20211103.html,policy_statement,accommodating,0,False,accommodative,0.0
2021-11-03,fomc_minutes_20211103,fomc_minutes,accommodating,0,False,accommodative,0.0
2021-11-03,fomc_minutes_20211103.html,fomc_minutes,accommodating,0,False,accommodative,0.0
2021-11-03,policy_statement_20211103,policy_statement,accommodating,0,False,accommodative,0.0
2021-11-03,policy_statement_20211103.html,policy_statement,accommodative,3,False,accommodative,11.363636363636363
2021-11-03,fomc_minutes_20211103,fomc_minutes,accommodative,15,False,accommodative,11.363636363636363
2021-11-03,fomc_minutes_20211103.html,fomc_minutes,accommodative,15,False,accommodative,11.363636363636363
2021-11-03,policy_statement_20211103,policy_statement,accommodative,3,False,accommodative,11.363636363636363
2021-11-03,policy_statement_20211103.html,policy_statement,accommodative_GROUP,3,True,accommodative,11.545454545454545
2021-11-03,fomc_minutes_20211103,fomc_minutes,accommodative_GROUP,15,True,accommodative,11.545454545454545
2021-11-03,fomc_minutes_20211103.html,fomc_minutes,accommodative_GROUP,15,True,accommodative,11.545454545454545
2021-11-03,policy_statement_20211103,policy_statement,accommodative_GROUP,3,True,accommodative,11.545454545454545
2021-11-03,policy_statement_20211103.html,policy_statement,all available tools,0,False,full range of tools,0.0
2021-11-03,fomc_minutes_20211103,fomc_minutes,all available tools,0,False,full range of tools,0.0
2021-11-03,fomc_minutes_20211103.html,fomc_minutes,all available tools,0,False,full range of tools,0.0
2021-11-03,policy_statement_20211103,policy_statement,all available tools,0,False,full range of tools,0.0
2021-11-03,policy_statement_20211103.html,policy_statement,complete toolkit,0,False,full range of tools,0.0
2021-11-03,fomc_minutes_20211103,fomc_minutes,complete toolkit,0,False,full range of tools,0.0
2021-11-03,fomc_minutes_20211103.html,fomc_minutes,complete toolkit,0,False,full range of tools,0.0
2021-11-03,policy_statement_20211103,policy_statement,complete toolkit,0,False,full range of tools,0.0
2021-11-03,policy_statement_20211103.html,policy_statement,considerable time,0,False,considerable time,0.0
2021-11-03,fomc_minutes_20211103,fomc_minutes,considerable time,0,False,considerable time,0.0
2021-11-03,fomc_minutes_20211103.html,fomc_minutes,considerable time,0,False,considerable time,0.0
2021-11-03,policy_statement_20211103,policy_statement,considerable time,0,False,considerable time,0.0
2021-11-03,policy_statement_20211103.html,policy_statement,considerable time_GROUP,0,True,considerable time,0.0
2021-11-03,fomc_minutes_20211103,fomc_minutes,considerable time_GROUP,0,True,considerable time,0.0
2021-11-03,fomc_minutes_20211103.html,fomc_minutes,considerable time_GROUP,0,True,considerable time,0.0
2021-11-03,policy_statement_20211103,policy_statement,considerable time_GROUP,0,True,considerable time,0.0
2021-11-03,policy_statement_20211103.html,policy_statement,deliberate,0,False,patient,0.18181818181818182
2021-11-03,fomc_minutes_20211103,fomc_minutes,deliberate,0,False,patient,0.18181818181818182
2021-11-03,fomc_minutes_20211103.html,fomc_minutes,deliberate,0,False,patient,0.18181818181818182
2021-11-03,policy_statement_20211103,policy_statement,deliberate,0,False,patient,0.18181818181818182
2021-11-03,policy_statement_20211103.html,policy_statement,easy,0,False,accommodative,0.0
2021-11-03,fomc_minutes_20211103,fomc_minutes,easy,0,False,accommodative,0.0
2021-11-03,fomc_minutes_20211103.html,fomc_minutes,easy,0,False,accommodative,0.0
2021-11-03,policy_statement_20211103,policy_statement,easy,0,False,accommodative,0.0
2021-11-03,policy_statement_20211103.html,policy_statement,entire toolkit,0,False,full range of tools,0.0
2021-11-03,fomc_minutes_20211103,fomc_minutes,entire toolkit,0,False,full range of tools,0.0
2021-11-03,fomc_minutes_20211103.html,fomc_minutes,entire toolkit,0,False,full range of tools,0.0
2021-11-03,policy_statement_20211103,policy_statement,entire toolkit,0,False,full range of tools,0.0
2021-11-03,policy_statement_20211103.html,policy_statement,extended period,0,False,considerable time,0.0
2021-11-03,fomc_minutes_20211103,fomc_minutes,extended period,0,False,considerable time,0.0
2021-11-03,fomc_minutes_20211103.html,fomc_minutes,extended period,0,False,considerable time,0.0
2021-11-03,policy_statement_20211103,policy_statement,extended period,0,False,considerable time,0.0
2021-11-03,policy_statement_20211103.html,policy_statement,full range of tools,1,False,full range of tools,2.090909090909091
2021-11-03,fomc_minutes_20211103,fomc_minutes,full range of tools,2,False,full range of tools,2.090909090909091
2021-11-03,fomc_minutes_20211103.html,fomc_minutes,full range of tools,2,False,full range of tools,2.090909090909091
2021-11-03,policy_statement_20211103,policy_statement,full range of tools,1,False,full range of tools,2.090909090909091
2021-11-03,fomc_minutes_20211103,fomc_minutes,full range of tools_GROUP,2,True,full range of tools,2.090909090909091
2021-11-03,policy_statement_20211103.html,policy_statement,full range of tools_GROUP,1,True,full range of tools,2.090909090909091
2021-11-03,fomc_minutes_20211103.html,fomc_minutes,full range of tools_GROUP,2,True,full range of tools,2.090909090909091
2021-11-03,policy_statement_20211103,policy_statement,full range of tools_GROUP,1,True,full range of tools,2.090909090909091
2021-11-03,policy_statement_20211103.html,policy_statement,gradual,0,False,patient,0.9090909090909091
2021-11-03,fomc_minutes_20211103,fomc_minutes,gradual,1,False,patient,0.9090909090909091
2021-11-03,fomc_minutes_20211103.html,fomc_minutes,gradual,1,False,patient,0.9090909090909091
2021-11-03,policy_statement_20211103,policy_statement,gradual,0,False,patient,0.9090909090909091
2021-11-03,policy_statement_20211103.html,policy_statement,measured,0,False,patient,1.4545454545454546
2021-11-03,fomc_minutes_20211103,fomc_minutes,measured,3,False,patient,1.4545454545454546
2021-11-03,fomc_minutes_20211103.html,fomc_minutes,measured,3,False,patient,1.4545454545454546
2021-11-03,policy_statement_20211103,policy_statement,measured,0,False,patient,1.4545454545454546
2021-11-03,policy_statement_20211103.html,policy_statement,patient,0,False,patient,0.36363636363636365
2021-11-03,fomc_minutes_20211103,fomc_minutes,patient,1,False,patient,0.36363636363636365
2021-11-03,fomc_minutes_20211103.html,fomc_minutes,patient,1,False,patient,0.36363636363636365
2021-11-03,policy_statement_20211103,policy_statement,patient,0,False,patient,0.36363636363636365
2021-11-03,policy_statement_20211103.html,policy_statement,patient_GROUP,0,True,patient,2.909090909090909
2021-11-03,fomc_minutes_20211103,fomc_minutes,patient_GROUP,5,True,patient,2.909090909090909
2021-11-03,fomc_minutes_20211103.html,fomc_minutes,patient_GROUP,5,True,patient,2.909090909090909
2021-11-03,policy_statement_20211103,policy_statement,patient_GROUP,0,True,patient,2.909090909090909
2021-11-03,policy_statement_20211103.html,policy_statement,short-lived,0,False,transitory,0.0
2021-11-03,fomc_minutes_20211103,fomc_minutes,short-lived,0,False,transitory,0.0
2021-11-03,fomc_minutes_20211103.html,fomc_minutes,short-lived,0,False,transitory,0.0
2021-11-03,policy_statement_20211103,policy_statement,short-lived,0,False,transitory,0.0
2021-11-03,policy_statement_20211103.html,policy_statement,significant time,0,False,considerable time,0.0
2021-11-03,fomc_minutes_20211103,fomc_minutes,significant time,0,False,considerable time,0.0
2021-11-03,fomc_minutes_20211103.html,fomc_minutes,significant time,0,False,considerable time,0.0
2021-11-03,policy_statement_20211103,policy_statement,significant time,0,False,considerable time,0.0
2021-11-03,policy_statement_20211103.html,policy_statement,substantial period,0,False,considerable time,0.0
2021-11-03,fomc_minutes_20211103,fomc_minutes,substantial period,0,False,considerable time,0.0
2021-11-03,fomc_minutes_20211103.html,fomc_minutes,substantial period,0,False,considerable time,0.0
2021-11-03,policy_statement_20211103,policy_statement,substantial period,0,False,considerable time,0.0
2021-11-03,policy_statement_20211103.html,policy_statement,supportive,0,False,accommodative,0.18181818181818182
2021-11-03,fomc_minutes_20211103,fomc_minutes,supportive,0,False,accommodative,0.18181818181818182
2021-11-03,fomc_minutes_20211103.html,fomc_minutes,supportive,0,False,accommodative,0.18181818181818182
2021-11-03,policy_statement_20211103,policy_statement,supportive,0,False,accommodative,0.18181818181818182
2021-11-03,policy_statement_20211103.html,policy_statement,temporary,0,False,transitory,1.4545454545454546
2021-11-03,fomc_minutes_20211103,fomc_minutes,temporary,1,False,transitory,1.4545454545454546
2021-11-03,policy_statement_20211103,policy_statement,temporary,0,False,transitory,1.4545454545454546
2021-11-03,fomc_minutes_20211103.html,fomc_minutes,temporary,1,False,transitory,1.4545454545454546
2021-11-03,policy_statement_20211103.html,policy_statement,transient,0,False,transitory,0.0
2021-11-03,policy_statement_20211103,policy_statement,transient,0,False,transitory,0.0
2021-11-03,fomc_minutes_20211103.html,fomc_minutes,transient,0,False,transitory,0.0
2021-11-03,fomc_minutes_20211103,fomc_minutes,transient,0,False,transitory,0.0
2021-11-03,policy_statement_20211103.html,policy_statement,transitory,1,False,transitory,4.090909090909091
2021-11-03,policy_statement_20211103,policy_statement,transitory,1,False,transitory,4.090909090909091
2021-11-03,fomc_minutes_20211103.html,fomc_minutes,transitory,5,False,transitory,4.090909090909091
2021-11-03,fomc_minutes_20211103,fomc_minutes,transitory,5,False,transitory,4.090909090909091
2021-11-03,policy_statement_20211103.html,policy_statement,transitory_GROUP,1,True,transitory,5.545454545454546
2021-11-03,fomc_minutes_20211103,fomc_minutes,transitory_GROUP,6,True,transitory,5.545454545454546
2021-11-03,fomc_minutes_20211103.html,fomc_minutes,transitory_GROUP,6,True,transitory,5.545454545454546
2021-11-03,policy_statement_20211103,policy_statement,transitory_GROUP,1,True,transitory,5.545454545454546
2021-12-15,policy_statement_20211215.html,policy_statement,accommodating,0,False,accommodative,0.0
2021-12-15,policy_statement_20211215,policy_statement,accommodating,0,False,accommodative,0.0
2021-12-15,fomc_minutes_20211215,fomc_minutes,accommodating,0,False,accommodative,0.0
2021-12-15,fomc_minutes_20211215.html,fomc_minutes,accommodating,0,False,accommodative,0.0
2021-12-15,policy_statement_20211215.html,policy_statement,accommodative,2,False,accommodative,10.818181818181818
2021-12-15,policy_statement_20211215,policy_statement,accommodative,2,False,accommodative,10.818181818181818
2021-12-15,fomc_minutes_20211215,fomc_minutes,accommodative,17,False,accommodative,10.818181818181818
2021-12-15,fomc_minutes_20211215.html,fomc_minutes,accommodative,17,False,accommodative,10.818181818181818
2021-12-15,policy_statement_20211215,policy_statement,accommodative_GROUP,2,True,accommodative,10.818181818181818
2021-12-15,policy_statement_20211215.html,policy_statement,accommodative_GROUP,2,True,accommodative,10.818181818181818
2021-12-15,fomc_minutes_20211215,fomc_minutes,accommodative_GROUP,17,True,accommodative,10.818181818181818
2021-12-15,fomc_minutes_20211215.html,fomc_minutes,accommodative_GROUP,17,True,accommodative,10.818181818181818
2021-12-15,policy_statement_20211215,policy_statement,all available tools,0,False,full range of tools,0.0
2021-12-15,policy_statement_20211215.html,policy_statement,all available tools,0,False,full range of tools,0.0
2021-12-15,fomc_minutes_20211215,fomc_minutes,all available tools,0,False,full range of tools,0.0
2021-12-15,fomc_minutes_20211215.html,fomc_minutes,all available tools,0,False,full range of tools,0.0
2021-12-15,policy_statement_20211215,policy_statement,complete toolkit,0,False,full range of tools,0.0
2021-12-15,policy_statement_20211215.html,policy_statement,complete toolkit,0,False,full range of tools,0.0
2021-12-15,fomc_minutes_20211215,fomc_minutes,complete toolkit,0,False,full range of tools,0.0
2021-12-15,fomc_minutes_20211215.html,fomc_minutes,complete toolkit,0,False,full range of tools,0.0
2021-12-15,policy_statement_20211215,policy_statement,considerable time,0,False,considerable time,0.0
2021-12-15,policy_statement_20211215.html,policy_statement,considerable time,0,False,considerable time,0.0
2021-12-15,fomc_minutes_20211215,fomc_minutes,considerable time,0,False,considerable time,0.0
2021-12-15,fomc_minutes_20211215.html,fomc_minutes,considerable time,0,False,considerable time,0.0
2021-12-15,policy_statement_20211215,policy_statement,considerable time_GROUP,0,True,considerable time,0.0
2021-12-15,policy_statement_20211215.html,policy_statement,considerable time_GROUP,0,True,considerable time,0.0
2021-12-15,fomc_minutes_20211215,fomc_minutes,considerable time_GROUP,0,True,considerable time,0.0
2021-12-15,fomc_minutes_20211215.html,fomc_minutes,considerable time_GROUP,0,True,considerable time,0.0
2021-12-15,policy_statement_20211215.html,policy_statement,deliberate,0,False,patient,0.18181818181818182
2021-12-15,policy_statement_20211215,policy_statement,deliberate,0,False,patient,0.18181818181818182
2021-12-15,fomc_minutes_20211215,fomc_minutes,deliberate,0,False,patient,0.18181818181818182
2021-12-15,fomc_minutes_20211215.html,fomc_minutes,deliberate,0,False,patient,0.18181818181818182
2021-12-15,policy_statement_20211215.html,policy_statement,easy,0,False,accommodative,0.0
2021-12-15,policy_statement_20211215,policy_statement,easy,0,False,accommodative,0.0
2021-12-15,fomc_minutes_20211215,fomc_minutes,easy,0,False,accommodative,0.0
2021-12-15,fomc_minutes_20211215.html,fomc_minutes,easy,0,False,accommodative,0.0
2021-12-15,policy_statement_20211215,policy_statement,entire toolkit,0,False,full range of tools,0.0
2021-12-15,policy_statement_20211215.html,policy_statement,entire toolkit,0,False,full range of tools,0.0
2021-12-15,fomc_minutes_20211215,fomc_minutes,entire toolkit,0,False,full range of tools,0.0
2021-12-15,fomc_minutes_20211215.html,fomc_minutes,entire toolkit,0,False,full range of tools,0.0
2021-12-15,policy_statement_20211215.html,policy_statement,extended period,0,False,considerable time,0.0
2021-12-15,policy_statement_20211215,policy_statement,extended period,0,False,considerable time,0.0
2021-12-15,fomc_minutes_20211215,fomc_minutes,extended period,0,False,considerable time,0.0
2021-12-15,fomc_minutes_20211215.html,fomc_minutes,extended period,0,False,considerable time,0.0
2021-12-15,policy_statement_20211215,policy_statement,full range of tools,1,False,full range of tools,1.9090909090909092
2021-12-15,policy_statement_20211215.html,policy_statement,full range of tools,1,False,full range of tools,1.9090909090909092
2021-12-15,fomc_minutes_20211215,fomc_minutes,full range of tools,3,False,full range of tools,1.9090909090909092
2021-12-15,fomc_minutes_20211215.html,fomc_minutes,full range of tools,3,False,full range of tools,1.9090909090909092
2021-12-15,policy_statement_20211215,policy_statement,full range of tools_GROUP,1,True,full range of tools,1.9090909090909092
2021-12-15,policy_statement_20211215.html,policy_statement,full range of tools_GROUP,1,True,full range of tools,1.9090909090909092
2021-12-15,fomc_minutes_20211215,fomc_minutes,full range of tools_GROUP,3,True,full range of tools,1.9090909090909092
2021-12-15,fomc_minutes_20211215.html,fomc_minutes,full range of tools_GROUP,3,True,full range of tools,1.9090909090909092
2021-12-15,policy_statement_20211215.html,policy_statement,gradual,0,False,patient,1.0909090909090908
2021-12-15,policy_statement_20211215,policy_statement,gradual,0,False,patient,1.0909090909090908
2021-12-15,fomc_minutes_20211215,fomc_minutes,gradual,1,False,patient,1.0909090909090908
2021-12-15,fomc_minutes_20211215.html,fomc_minutes,gradual,1,False,patient,1.0909090909090908
2021-12-15,policy_statement_20211215.html,policy_statement,measured,0,False,patient,1.4545454545454546
2021-12-15,policy_statement_20211215,policy_statement,measured,0,False,patient,1.4545454545454546
2021-12-15,fomc_minutes_20211215,fomc_minutes,measured,5,False,patient,1.4545454545454546
2021-12-15,fomc_minutes_20211215.html,fomc_minutes,measured,5,False,patient,1.4545454545454546
2021-12-15,policy_statement_20211215.html,policy_statement,patient,0,False,patient,0.36363636363636365
2021-12-15,policy_statement_20211215,policy_statement,patient,0,False,patient,0.36363636363636365
2021-12-15,fomc_minutes_20211215,fomc_minutes,patient,0,False,patient,0.36363636363636365
2021-12-15,fomc_minutes_20211215.html,fomc_minutes,patient,0,False,patient,0.36363636363636365
2021-12-15,policy_statement_20211215,policy_statement,patient_GROUP,0,True,patient,3.090909090909091
2021-12-15,policy_statement_20211215.html,policy_statement,patient_GROUP,0,True,patient,3.090909090909091
2021-12-15,fomc_minutes_20211215,fomc_minutes,patient_GROUP,6,True,patient,3.090909090909091
2021-12-15,fomc_minutes_20211215.html,fomc_minutes,patient_GROUP,6,True,patient,3.090909090909091
2021-12-15,policy_statement_20211215,policy_statement,short-lived,0,False,transitory,0.0
2021-12-15,policy_statement_20211215.html,policy_statement,short-lived,0,False,transitory,0.0
2021-12-15,fomc_minutes_20211215,fomc_minutes,short-lived,0,False,transitory,0.0
2021-12-15,fomc_minutes_20211215.html,fomc_minutes,short-lived,0,False,transitory,0.0
2021-12-15,policy_statement_20211215,policy_statement,significant time,0,False,considerable time,0.0
2021-12-15,policy_statement_20211215.html,policy_statement,significant time,0,False,considerable time,0.0
2021-12-15,fomc_minutes_20211215,fomc_minutes,significant time,0,False,considerable time,0.0
2021-12-15,fomc_minutes_20211215.html,fomc_minutes,significant time,0,False,considerable time,0.0
2021-12-15,policy_statement_20211215,policy_statement,substantial period,0,False,considerable time,0.0
2021-12-15,policy_statement_20211215.html,policy_statement,substantial period,0,False,considerable time,0.0
2021-12-15,fomc_minutes_20211215,fomc_minutes,substantial period,0,False,considerable time,0.0
2021-12-15,fomc_minutes_20211215.html,fomc_minutes,substantial period,0,False,considerable time,0.0
2021-12-15,policy_statement_20211215.html,policy_statement,supportive,0,False,accommodative,0.0
2021-12-15,policy_statement_20211215,policy_statement,supportive,0,False,accommodative,0.0
2021-12-15,fomc_minutes_20211215,fomc_minutes,supportive,0,False,accommodative,0.0
2021-12-15,fomc_minutes_20211215.html,fomc_minutes,supportive,0,False,accommodative,0.0
2021-12-15,policy_statement_20211215,policy_statement,temporary,0,False,transitory,0.36363636363636365
2021-12-15,policy_statement_20211215.html,policy_statement,temporary,0,False,transitory,0.36363636363636365
2021-12-15,fomc_minutes_20211215,fomc_minutes,temporary,1,False,transitory,0.36363636363636365
2021-12-15,fomc_minutes_20211215.html,fomc_minutes,temporary,1,False,transitory,0.36363636363636365
2021-12-15,policy_statement_20211215,policy_statement,transient,0,False,transitory,0.0
2021-12-15,policy_statement_20211215.html,policy_statement,transient,0,False,transitory,0.0
2021-12-15,fomc_minutes_20211215.html,fomc_minutes,transient,0,False,transitory,0.0
2021-12-15,fomc_minutes_20211215,fomc_minutes,transient,0,False,transitory,0.0
2021-12-15,policy_statement_20211215.html,policy_statement,transitory,0,False,transitory,3.5454545454545454
2021-12-15,policy_statement_20211215,policy_statement,transitory,0,False,transitory,3.5454545454545454
2021-12-15,fomc_minutes_20211215.html,fomc_minutes,transitory,1,False,transitory,3.5454545454545454
2021-12-15,fomc_minutes_20211215,fomc_minutes,transitory,1,False,transitory,3.5454545454545454
2021-12-15,policy_statement_20211215,policy_statement,transitory_GROUP,0,True,transitory,3.909090909090909
2021-12-15,policy_statement_20211215.html,policy_statement,transitory_GROUP,0,True,transitory,3.909090909090909
2021-12-15,fomc_minutes_20211215,fomc_minutes,transitory_GROUP,2,True,transitory,3.909090909090909
2021-12-15,fomc_minutes_20211215.html,fomc_minutes,transitory_GROUP,2,True,transitory,3.909090909090909
2022-01-26,policy_statement_20220126.html,policy_statement,accommodating,0,False,accommodative,0.0
2022-01-26,policy_statement_20220126,policy_statement,accommodating,0,False,accommodative,0.0
2022-01-26,fomc_minutes_20220126,fomc_minutes,accommodating,0,False,accommodative,0.0
2022-01-26,fomc_minutes_20220126.html,fomc_minutes,accommodating,0,False,accommodative,0.0
2022-01-26,policy_statement_20220126.html,policy_statement,accommodative,2,False,accommodative,9.166666666666666
2022-01-26,policy_statement_20220126,policy_statement,accommodative,2,False,accommodative,9.166666666666666
2022-01-26,fomc_minutes_20220126,fomc_minutes,accommodative,13,False,accommodative,9.166666666666666
2022-01-26,fomc_minutes_20220126.html,fomc_minutes,accommodative,13,False,accommodative,9.166666666666666
2022-01-26,policy_statement_20220126.html,policy_statement,accommodative_GROUP,2,True,accommodative,9.166666666666666
2022-01-26,policy_statement_20220126,policy_statement,accommodative_GROUP,2,True,accommodative,9.166666666666666
2022-01-26,fomc_minutes_20220126.html,fomc_minutes,accommodative_GROUP,13,True,accommodative,9.166666666666666
2022-01-26,fomc_minutes_20220126,fomc_minutes,accommodative_GROUP,13,True,accommodative,9.166666666666666
2022-01-26,policy_statement_20220126.html,policy_statement,all available tools,0,False,full range of tools,0.0
2022-01-26,policy_statement_20220126,policy_statement,all available tools,0,False,full range of tools,0.0
2022-01-26,fomc_minutes_20220126.html,fomc_minutes,all available tools,0,False,full range of tools,0.0
2022-01-26,fomc_minutes_20220126,fomc_minutes,all available tools,0,False,full range of tools,0.0
2022-01-26,policy_statement_20220126.html,policy_statement,complete toolkit,0,False,full range of tools,0.0
2022-01-26,policy_statement_20220126,policy_statement,complete toolkit,0,False,full range of tools,0.0
2022-01-26,fomc_minutes_20220126.html,fomc_minutes,complete toolkit,0,False,full range of tools,0.0
2022-01-26,fomc_minutes_20220126,fomc_minutes,complete toolkit,0,False,full range of tools,0.0
2022-01-26,policy_statement_20220126.html,policy_statement,considerable time,0,False,considerable time,0.0
2022-01-26,policy_statement_20220126,policy_statement,considerable time,0,False,considerable time,0.0
2022-01-26,fomc_minutes_20220126,fomc_minutes,considerable time,0,False,considerable time,0.0
2022-01-26,fomc_minutes_20220126.html,fomc_minutes,considerable time,0,False,considerable time,0.0
2022-01-26,policy_statement_20220126.html,policy_statement,considerable time_GROUP,0,True,considerable time,0.0
2022-01-26,policy_statement_20220126,policy_statement,considerable time_GROUP,0,True,considerable time,0.0
2022-01-26,fomc_minutes_20220126.html,fomc_minutes,considerable time_GROUP,0,True,considerable time,0.0
2022-01-26,fomc_minutes_20220126,fomc_minutes,considerable time_GROUP,0,True,considerable time,0.0
2022-01-26,policy_statement_20220126.html,policy_statement,deliberate,0,False,patient,0.16666666666666666
2022-01-26,policy_statement_20220126,policy_statement,deliberate,0,False,patient,0.16666666666666666
2022-01-26,fomc_minutes_20220126,fomc_minutes,deliberate,0,False,patient,0.16666666666666666
2022-01-26,fomc_minutes_20220126.html,fomc_minutes,deliberate,0,False,patient,0.16666666666666666
2022-01-26,policy_statement_20220126.html,policy_statement,easy,0,False,accommodative,0.0
2022-01-26,policy_statement_20220126,policy_statement,easy,0,False,accommodative,0.0
2022-01-26,fomc_minutes_20220126,fomc_minutes,easy,0,False,accommodative,0.0
2022-01-26,fomc_minutes_20220126.html,fomc_minutes,easy,0,False,accommodative,0.0
2022-01-26,policy_statement_20220126.html,policy_statement,entire toolkit,0,False,full range of tools,0.0
2022-01-26,policy_statement_20220126,policy_statement,entire toolkit,0,False,full range of tools,0.0
2022-01-26,fomc_minutes_20220126.html,fomc_minutes,entire toolkit,0,False,full range of tools,0.0
2022-01-26,fomc_minutes_20220126,fomc_minutes,entire toolkit,0,False,full range of tools,0.0
2022-01-26,policy_statement_20220126.html,policy_statement,extended period,0,False,considerable time,0.0
2022-01-26,policy_statement_20220126,policy_statement,extended period,0,False,considerable time,0.0
2022-01-26,fomc_minutes_20220126.html,fomc_minutes,extended period,0,False,considerable time,0.0
2022-01-26,fomc_minutes_20220126,fomc_minutes,extended period,0,False,considerable time,0.0
2022-01-26,policy_statement_20220126.html,policy_statement,full range of tools,0,False,full range of tools,1.8333333333333333
2022-01-26,policy_statement_20220126,policy_statement,full range of tools,0,False,full range of tools,1.8333333333333333
2022-01-26,fomc_minutes_20220126.html,fomc_minutes,full range of tools,2,False,full range of tools,1.8333333333333333
2022-01-26,fomc_minutes_20220126,fomc_minutes,full range of tools,2,False,full range of tools,1.8333333333333333
2022-01-26,policy_statement_20220126.html,policy_statement,full range of tools_GROUP,0,True,full range of tools,1.8333333333333333
2022-01-26,policy_statement_20220126,policy_statement,full range of tools_GROUP,0,True,full range of tools,1.8333333333333333
2022-01-26,fomc_minutes_20220126,fomc_minutes,full range of tools_GROUP,2,True,full range of tools,1.8333333333333333
2022-01-26,fomc_minutes_20220126.html,fomc_minutes,full range of tools_GROUP,2,True,full range of tools,1.8333333333333333
2022-01-26,policy_statement_20220126.html,policy_statement,gradual,0,False,patient,0.8333333333333334
2022-01-26,policy_statement_20220126,policy_statement,gradual,0,False,patient,0.8333333333333334
2022-01-26,fomc_minutes_20220126,fomc_minutes,gradual,0,False,patient,0.8333333333333334
2022-01-26,fomc_minutes_20220126.html,fomc_minutes,gradual,0,False,patient,0.8333333333333334
2022-01-26,policy_statement_20220126.html,policy_statement,measured,0,False,patient,1.8333333333333333
2022-01-26,policy_statement_20220126,policy_statement,measured,0,False,patient,1.8333333333333333
2022-01-26,fomc_minutes_20220126,fomc_minutes,measured,3,False,patient,1.8333333333333333
2022-01-26,fomc_minutes_20220126.html,fomc_minutes,measured,3,False,patient,1.8333333333333333
2022-01-26,policy_statement_20220126.html,policy_statement,patient,0,False,patient,0.16666666666666666
2022-01-26,policy_statement_20220126,policy_statement,patient,0,False,patient,0.16666666666666666
2022-01-26,fomc_minutes_20220126,fomc_minutes,patient,0,False,patient,0.16666666666666666
2022-01-26,fomc_minutes_20220126.html,fomc_minutes,patient,0,False,patient,0.16666666666666666
2022-01-26,policy_statement_20220126.html,policy_statement,patient_GROUP,0,True,patient,3.0
2022-01-26,policy_statement_20220126,policy_statement,patient_GROUP,0,True,patient,3.0
2022-01-26,fomc_minutes_20220126.html,fomc_minutes,patient_GROUP,3,True,patient,3.0
2022-01-26,fomc_minutes_20220126,fomc_minutes,patient_GROUP,3,True,patient,3.0
2022-01-26,policy_statement_20220126.html,policy_statement,short-lived,0,False,transitory,0.0
2022-01-26,policy_statement_20220126,policy_statement,short-lived,0,False,transitory,0.0
2022-01-26,fomc_minutes_20220126,fomc_minutes,short-lived,0,False,transitory,0.0
2022-01-26,fomc_minutes_20220126.html,fomc_minutes,short-lived,0,False,transitory,0.0
2022-01-26,policy_statement_20220126.html,policy_statement,significant time,0,False,considerable time,0.0
2022-01-26,policy_statement_20220126,policy_statement,significant time,0,False,considerable time,0.0
2022-01-26,fomc_minutes_20220126.html,fomc_minutes,significant time,0,False,considerable time,0.0
2022-01-26,fomc_minutes_20220126,fomc_minutes,significant time,0,False,considerable time,0.0
2022-01-26,policy_statement_20220126.html,policy_statement,substantial period,0,False,considerable time,0.0
2022-01-26,policy_statement_20220126,policy_statement,substantial period,0,False,considerable time,0.0
2022-01-26,fomc_minutes_20220126.html,fomc_minutes,substantial period,0,False,considerable time,0.0
2022-01-26,fomc_minutes_20220126,fomc_minutes,substantial period,0,False,considerable time,0.0
2022-01-26,policy_statement_20220126.html,policy_statement,supportive,0,False,accommodative,0.0
2022-01-26,policy_statement_20220126,policy_statement,supportive,0,False,accommodative,0.0
2022-01-26,fomc_minutes_20220126,fomc_minutes,supportive,0,False,accommodative,0.0
2022-01-26,fomc_minutes_20220126.html,fomc_minutes,supportive,0,False,accommodative,0.0
2022-01-26,policy_statement_20220126.html,policy_statement,temporary,0,False,transitory,0.3333333333333333
2022-01-26,policy_statement_20220126,policy_statement,temporary,0,False,transitory,0.3333333333333333
2022-01-26,fomc_minutes_20220126,fomc_minutes,temporary,7,False,transitory,0.3333333333333333
2022-01-26,fomc_minutes_20220126.html,fomc_minutes,temporary,7,False,transitory,0.3333333333333333
2022-01-26,policy_statement_20220126.html,policy_statement,transient,0,False,transitory,0.0
2022-01-26,policy_statement_20220126,policy_statement,transient,0,False,transitory,0.0
2022-01-26,fomc_minutes_20220126,fomc_minutes,transient,0,False,transitory,0.0
2022-01-26,fomc_minutes_20220126.html,fomc_minutes,transient,0,False,transitory,0.0
2022-01-26,policy_statement_20220126.html,policy_statement,transitory,0,False,transitory,2.0
2022-01-26,policy_statement_20220126,policy_statement,transitory,0,False,transitory,2.0
2022-01-26,fomc_minutes_20220126,fomc_minutes,transitory,0,False,transitory,2.0
2022-01-26,fomc_minutes_20220126.html,fomc_minutes,transitory,0,False,transitory,2.0
2022-01-26,policy_statement_20220126.html,policy_statement,transitory_GROUP,0,True,transitory,2.3333333333333335
2022-01-26,policy_statement_20220126,policy_statement,transitory_GROUP,0,True,transitory,2.3333333333333335
2022-01-26,fomc_minutes_20220126.html,fomc_minutes,transitory_GROUP,7,True,transitory,2.3333333333333335
2022-01-26,fomc_minutes_20220126,fomc_minutes,transitory_GROUP,7,True,transitory,2.3333333333333335
2022-03-16,policy_statement_20220316,policy_statement,accommodating,0,False,accommodative,0.0
2022-03-16,fomc_minutes_20220316,fomc_minutes,accommodating,0,False,accommodative,0.0
2022-03-16,fomc_minutes_20220316.html,fomc_minutes,accommodating,0,False,accommodative,0.0
2022-03-16,policy_statement_20220316.html,policy_statement,accommodating,0,False,accommodative,0.0
2022-03-16,policy_statement_20220316,policy_statement,accommodative,0,False,accommodative,8.75
2022-03-16,fomc_minutes_20220316,fomc_minutes,accommodative,3,False,accommodative,8.75
2022-03-16,fomc_minutes_20220316.html,fomc_minutes,accommodative,3,False,accommodative,8.75
2022-03-16,policy_statement_20220316.html,policy_statement,accommodative,0,False,accommodative,8.75
2022-03-16,policy_statement_20220316,policy_statement,accommodative_GROUP,0,True,accommodative,8.75
2022-03-16,fomc_minutes_20220316,fomc_minutes,accommodative_GROUP,4,True,accommodative,8.75
2022-03-16,fomc_minutes_20220316.html,fomc_minutes,accommodative_GROUP,4,True,accommodative,8.75
2022-03-16,policy_statement_20220316.html,policy_statement,accommodative_GROUP,0,True,accommodative,8.75
2022-03-16,policy_statement_20220316,policy_statement,all available tools,0,False,full range of tools,0.0
2022-03-16,fomc_minutes_20220316,fomc_minutes,all available tools,0,False,full range of tools,0.0
2022-03-16,fomc_minutes_20220316.html,fomc_minutes,all available tools,0,False,full range of tools,0.0
2022-03-16,policy_statement_20220316.html,policy_statement,all available tools,0,False,full range of tools,0.0
2022-03-16,policy_statement_20220316,policy_statement,complete toolkit,0,False,full range of tools,0.0
2022-03-16,fomc_minutes_20220316,fomc_minutes,complete toolkit,0,False,full range of tools,0.0
2022-03-16,fomc_minutes_20220316.html,fomc_minutes,complete toolkit,0,False,full range of tools,0.0
2022-03-16,policy_statement_20220316.html,policy_statement,complete toolkit,0,False,full range of tools,0.0
2022-03-16,policy_statement_20220316,policy_statement,considerable time,0,False,considerable time,0.0
2022-03-16,fomc_minutes_20220316,fomc_minutes,considerable time,0,False,considerable time,0.0
2022-03-16,fomc_minutes_20220316.html,fomc_minutes,considerable time,0,False,considerable time,0.0
2022-03-16,policy_statement_20220316.html,policy_statement,considerable time,0,False,considerable time,0.0
2022-03-16,policy_statement_20220316,policy_statement,considerable time_GROUP,0,True,considerable time,0.0
2022-03-16,policy_statement_20220316.html,policy_statement,considerable time_GROUP,0,True,considerable time,0.0
2022-03-16,fomc_minutes_20220316,fomc_minutes,considerable time_GROUP,0,True,considerable time,0.0
2022-03-16,fomc_minutes_20220316.html,fomc_minutes,considerable time_GROUP,0,True,considerable time,0.0
2022-03-16,policy_statement_20220316,policy_statement,deliberate,0,False,patient,0.125
2022-03-16,fomc_minutes_20220316,fomc_minutes,deliberate,0,False,patient,0.125
2022-03-16,fomc_minutes_20220316.html,fomc_minutes,deliberate,0,False,patient,0.125
2022-03-16,policy_statement_20220316.html,policy_statement,deliberate,0,False,patient,0.125
2022-03-16,policy_statement_20220316,policy_statement,easy,0,False,accommodative,0.0
2022-03-16,fomc_minutes_20220316,fomc_minutes,easy,0,False,accommodative,0.0
2022-03-16,fomc_minutes_20220316.html,fomc_minutes,easy,0,False,accommodative,0.0
2022-03-16,policy_statement_20220316.html,policy_statement,easy,0,False,accommodative,0.0
2022-03-16,policy_statement_20220316,policy_statement,entire toolkit,0,False,full range of tools,0.0
2022-03-16,fomc_minutes_20220316,fomc_minutes,entire toolkit,0,False,full range of tools,0.0
2022-03-16,fomc_minutes_20220316.html,fomc_minutes,entire toolkit,0,False,full range of tools,0.0
2022-03-16,policy_statement_20220316.html,policy_statement,entire toolkit,0,False,full range of tools,0.0
2022-03-16,policy_statement_20220316,policy_statement,extended period,0,False,considerable time,0.0
2022-03-16,fomc_minutes_20220316,fomc_minutes,extended period,0,False,considerable time,0.0
2022-03-16,fomc_minutes_20220316.html,fomc_minutes,extended period,0,False,considerable time,0.0
2022-03-16,policy_statement_20220316.html,policy_statement,extended period,0,False,considerable time,0.0
2022-03-16,policy_statement_20220316,policy_statement,full range of tools,0,False,full range of tools,1.625
2022-03-16,fomc_minutes_20220316,fomc_minutes,full range of tools,0,False,full range of tools,1.625
2022-03-16,fomc_minutes_20220316.html,fomc_minutes,full range of tools,0,False,full range of tools,1.625
2022-03-16,policy_statement_20220316.html,policy_statement,full range of tools,0,False,full range of tools,1.625
2022-03-16,policy_statement_20220316.html,policy_statement,full range of tools_GROUP,0,True,full range of tools,1.625
2022-03-16,policy_statement_20220316,policy_statement,full range of tools_GROUP,0,True,full range of tools,1.625
2022-03-16,fomc_minutes_20220316,fomc_minutes,full range of tools_GROUP,0,True,full range of tools,1.625
2022-03-16,fomc_minutes_20220316.html,fomc_minutes,full range of tools_GROUP,0,True,full range of tools,1.625
2022-03-16,policy_statement_20220316,policy_statement,gradual,0,False,patient,0.625
2022-03-16,fomc_minutes_20220316,fomc_minutes,gradual,0,False,patient,0.625
2022-03-16,fomc_minutes_20220316.html,fomc_minutes,gradual,0,False,patient,0.625
2022-03-16,policy_statement_20220316.html,policy_statement,gradual,0,False,patient,0.625
2022-03-16,policy_statement_20220316,policy_statement,measured,0,False,patient,1.75
2022-03-16,fomc_minutes_20220316,fomc_minutes,measured,2,False,patient,1.75
2022-03-16,fomc_minutes_20220316.html,fomc_minutes,measured,2,False,patient,1.75
2022-03-16,policy_statement_20220316.html,policy_statement,measured,0,False,patient,1.75
2022-03-16,policy_statement_20220316,policy_statement,patient,0,False,patient,0.125
2022-03-16,fomc_minutes_20220316,fomc_minutes,patient,0,False,patient,0.125
2022-03-16,fomc_minutes_20220316.html,fomc_minutes,patient,0,False,patient,0.125
2022-03-16,policy_statement_20220316.html,policy_statement,patient,0,False,patient,0.125
2022-03-16,fomc_minutes_20220316,fomc_minutes,patient_GROUP,2,True,patient,2.625
2022-03-16,policy_statement_20220316,policy_statement,patient_GROUP,0,True,patient,2.625
2022-03-16,policy_statement_20220316.html,policy_statement,patient_GROUP,0,True,patient,2.625
2022-03-16,fomc_minutes_20220316.html,fomc_minutes,patient_GROUP,2,True,patient,2.625
2022-03-16,policy_statement_20220316,policy_statement,short-lived,0,False,transitory,0.0
2022-03-16,fomc_minutes_20220316,fomc_minutes,short-lived,0,False,transitory,0.0
2022-03-16,fomc_minutes_20220316.html,fomc_minutes,short-lived,0,False,transitory,0.0
2022-03-16,policy_statement_20220316.html,policy_statement,short-lived,0,False,transitory,0.0
2022-03-16,policy_statement_20220316,policy_statement,significant time,0,False,considerable time,0.0
2022-03-16,fomc_minutes_20220316,fomc_minutes,significant time,0,False,considerable time,0.0
2022-03-16,fomc_minutes_20220316.html,fomc_minutes,significant time,0,False,considerable time,0.0
2022-03-16,policy_statement_20220316.html,policy_statement,significant time,0,False,considerable time,0.0
2022-03-16,policy_statement_20220316,policy_statement,substantial period,0,False,considerable time,0.0
2022-03-16,fomc_minutes_20220316,fomc_minutes,substantial period,0,False,considerable time,0.0
2022-03-16,fomc_minutes_20220316.html,fomc_minutes,substantial period,0,False,considerable time,0.0
2022-03-16,policy_statement_20220316.html,policy_statement,substantial period,0,False,considerable time,0.0
2022-03-16,policy_statement_20220316,policy_statement,supportive,0,False,accommodative,0.0
2022-03-16,fomc_minutes_20220316,fomc_minutes,supportive,1,False,accommodative,0.0
2022-03-16,fomc_minutes_20220316.html,fomc_minutes,supportive,1,False,accommodative,0.0
2022-03-16,policy_statement_20220316.html,policy_statement,supportive,0,False,accommodative,0.0
2022-03-16,policy_statement_20220316,policy_statement,temporary,0,False,transitory,1.125
2022-03-16,fomc_minutes_20220316,fomc_minutes,temporary,0,False,transitory,1.125
2022-03-16,fomc_minutes_20220316.html,fomc_minutes,temporary,0,False,transitory,1.125
2022-03-16,policy_statement_20220316.html,policy_statement,temporary,0,False,transitory,1.125
2022-03-16,policy_statement_20220316,policy_statement,transient,0,False,transitory,0.0
2022-03-16,fomc_minutes_20220316,fomc_minutes,transient,0,False,transitory,0.0
2022-03-16,fomc_minutes_20220316.html,fomc_minutes,transient,0,False,transitory,0.0
2022-03-16,policy_statement_20220316.html,policy_statement,transient,0,False,transitory,0.0
2022-03-16,policy_statement_20220316,policy_statement,transitory,0,False,transitory,1.5
2022-03-16,fomc_minutes_20220316,fomc_minutes,transitory,0,False,transitory,1.5
2022-03-16,fomc_minutes_20220316.html,fomc_minutes,transitory,0,False,transitory,1.5
2022-03-16,policy_statement_20220316.html,policy_statement,transitory,0,False,transitory,1.5
2022-03-16,policy_statement_20220316,policy_statement,transitory_GROUP,0,True,transitory,2.625
2022-03-16,fomc_minutes_20220316,fomc_minutes,transitory_GROUP,0,True,transitory,2.625
2022-03-16,fomc_minutes_20220316.html,fomc_minutes,transitory_GROUP,0,True,transitory,2.625
2022-03-16,policy_statement_20220316.html,policy_statement,transitory_GROUP,0,True,transitory,2.625
2022-05-04,policy_statement_20220504.html,policy_statement,accommodating,0,False,accommodative,0.0
2022-05-04,policy_statement_20220504,policy_statement,accommodating,0,False,accommodative,0.0
2022-05-04,policy_statement_20220504.html,policy_statement,accommodative,0,False,accommodative,6.166666666666667
2022-05-04,policy_statement_20220504,policy_statement,accommodative,0,False,accommodative,6.166666666666667
2022-05-04,policy_statement_20220504,policy_statement,accommodative_GROUP,0,True,accommodative,6.333333333333333
2022-05-04,policy_statement_20220504.html,policy_statement,accommodative_GROUP,0,True,accommodative,6.333333333333333
2022-05-04,policy_statement_20220504,policy_statement,all available tools,0,False,full range of tools,0.0
2022-05-04,policy_statement_20220504.html,policy_statement,all available tools,0,False,full range of tools,0.0
2022-05-04,policy_statement_20220504,policy_statement,complete toolkit,0,False,full range of tools,0.0
2022-05-04,policy_statement_20220504.html,policy_statement,complete toolkit,0,False,full range of tools,0.0
2022-05-04,policy_statement_20220504,policy_statement,considerable time,0,False,considerable time,0.0
2022-05-04,policy_statement_20220504.html,policy_statement,considerable time,0,False,considerable time,0.0
2022-05-04,policy_statement_20220504,policy_statement,considerable time_GROUP,0,True,considerable time,0.0
2022-05-04,policy_statement_20220504.html,policy_statement,considerable time_GROUP,0,True,considerable time,0.0
2022-05-04,policy_statement_20220504,policy_statement,deliberate,0,False,patient,0.0
2022-05-04,policy_statement_20220504.html,policy_statement,deliberate,0,False,patient,0.0
2022-05-04,policy_statement_20220504.html,policy_statement,easy,0,False,accommodative,0.0
2022-05-04,policy_statement_20220504,policy_statement,easy,0,False,accommodative,0.0
2022-05-04,policy_statement_20220504,policy_statement,entire toolkit,0,False,full range of tools,0.0
2022-05-04,policy_statement_20220504.html,policy_statement,entire toolkit,0,False,full range of tools,0.0
2022-05-04,policy_statement_20220504,policy_statement,extended period,0,False,considerable time,0.0
2022-05-04,policy_statement_20220504.html,policy_statement,extended period,0,False,considerable time,0.0
2022-05-04,policy_statement_20220504,policy_statement,full range of tools,0,False,full range of tools,1.0
2022-05-04,policy_statement_20220504.html,policy_statement,full range of tools,0,False,full range of tools,1.0
2022-05-04,policy_statement_20220504,policy_statement,full range of tools_GROUP,0,True,full range of tools,1.0
2022-05-04,policy_statement_20220504.html,policy_statement,full range of tools_GROUP,0,True,full range of tools,1.0
2022-05-04,policy_statement_20220504.html,policy_statement,gradual,0,False,patient,0.16666666666666666
2022-05-04,policy_statement_20220504,policy_statement,gradual,0,False,patient,0.16666666666666666
2022-05-04,policy_statement_20220504.html,policy_statement,measured,0,False,patient,1.6666666666666667
2022-05-04,policy_statement_20220504,policy_statement,measured,0,False,patient,1.6666666666666667
2022-05-04,policy_statement_20220504.html,policy_statement,patient,0,False,patient,0.0
2022-05-04,policy_statement_20220504,policy_statement,patient,0,False,patient,0.0
2022-05-04,policy_statement_20220504,policy_statement,patient_GROUP,0,True,patient,1.8333333333333333
2022-05-04,policy_statement_20220504.html,policy_statement,patient_GROUP,0,True,patient,1.8333333333333333
2022-05-04,policy_statement_20220504.html,policy_statement,short-lived,0,False,transitory,0.0
2022-05-04,policy_statement_20220504,policy_statement,short-lived,0,False,transitory,0.0
2022-05-04,policy_statement_20220504,policy_statement,significant time,0,False,considerable time,0.0
2022-05-04,policy_statement_20220504.html,policy_statement,significant time,0,False,considerable time,0.0
2022-05-04,policy_statement_20220504,policy_statement,substantial period,0,False,considerable time,0.0
2022-05-04,policy_statement_20220504.html,policy_statement,substantial period,0,False,considerable time,0.0
2022-05-04,policy_statement_20220504.html,policy_statement,supportive,0,False,accommodative,0.16666666666666666
2022-05-04,policy_statement_20220504,policy_statement,supportive,0,False,accommodative,0.16666666666666666
2022-05-04,policy_statement_20220504.html,policy_statement,temporary,0,False,transitory,1.3333333333333333
2022-05-04,policy_statement_20220504,policy_statement,temporary,0,False,transitory,1.3333333333333333
2022-05-04,policy_statement_20220504.html,policy_statement,transient,0,False,transitory,0.0
2022-05-04,policy_statement_20220504,policy_statement,transient,0,False,transitory,0.0
2022-05-04,policy_statement_20220504.html,policy_statement,transitory,0,False,transitory,0.16666666666666666
2022-05-04,policy_statement_20220504,policy_statement,transitory,0,False,transitory,0.16666666666666666
2022-05-04,policy_statement_20220504,policy_statement,transitory_GROUP,0,True,transitory,1.5
2022-05-04,policy_statement_20220504.html,policy_statement,transitory_GROUP,0,True,transitory,1.5
2022-06-15,policy_statement_20220615.html,policy_statement,accommodating,0,False,accommodative,0.0
2022-06-15,policy_statement_20220615,policy_statement,accommodating,0,False,accommodative,0.0
2022-06-15,policy_statement_20220615.html,policy_statement,accommodative,0,False,accommodative,3.6
2022-06-15,policy_statement_20220615,policy_statement,accommodative,0,False,accommodative,3.6
2022-06-15,policy_statement_20220615,policy_statement,accommodative_GROUP,0,True,accommodative,3.8
2022-06-15,policy_statement_20220615.html,policy_statement,accommodative_GROUP,0,True,accommodative,3.8
2022-06-15,policy_statement_20220615,policy_statement,all available tools,0,False,full range of tools,0.0
2022-06-15,policy_statement_20220615.html,policy_statement,all available tools,0,False,full range of tools,0.0
2022-06-15,policy_statement_20220615,policy_statement,complete toolkit,0,False,full range of tools,0.0
2022-06-15,policy_statement_20220615.html,policy_statement,complete toolkit,0,False,full range of tools,0.0
2022-06-15,policy_statement_20220615,policy_statement,considerable time,0,False,considerable time,0.0
2022-06-15,policy_statement_20220615.html,policy_statement,considerable time,0,False,considerable time,0.0
2022-06-15,policy_statement_20220615,policy_statement,considerable time_GROUP,0,True,considerable time,0.0
2022-06-15,policy_statement_20220615.html,policy_statement,considerable time_GROUP,0,True,considerable time,0.0
2022-06-15,policy_statement_20220615.html,policy_statement,deliberate,0,False,patient,0.0
2022-06-15,policy_statement_20220615,policy_statement,deliberate,0,False,patient,0.0
2022-06-15,policy_statement_20220615.html,policy_statement,easy,0,False,accommodative,0.0
2022-06-15,policy_statement_20220615,policy_statement,easy,0,False,accommodative,0.0
2022-06-15,policy_statement_20220615,policy_statement,entire toolkit,0,False,full range of tools,0.0
2022-06-15,policy_statement_20220615.html,policy_statement,entire toolkit,0,False,full range of tools,0.0
2022-06-15,policy_statement_20220615,policy_statement,extended period,0,False,considerable time,0.0
2022-06-15,policy_statement_20220615.html,policy_statement,extended period,0,False,considerable time,0.0
2022-06-15,policy_statement_20220615,policy_statement,full range of tools,0,False,full range of tools,0.4
2022-06-15,policy_statement_20220615.html,policy_statement,full range of tools,0,False,full range of tools,0.4
2022-06-15,policy_statement_20220615,policy_statement,full range of tools_GROUP,0,True,full range of tools,0.4
2022-06-15,policy_statement_20220615.html,policy_statement,full range of tools_GROUP,0,True,full range of tools,0.4
2022-06-15,policy_statement_20220615.html,policy_statement,gradual,0,False,patient,0.0
2022-06-15,policy_statement_20220615,policy_statement,gradual,0,False,patient,0.0
2022-06-15,policy_statement_20220615,policy_statement,measured,0,False,patient,1.0
2022-06-15,policy_statement_20220615.html,policy_statement,measured,0,False,patient,1.0
2022-06-15,policy_statement_20220615.html,policy_statement,patient,0,False,patient,0.0
2022-06-15,policy_statement_20220615,policy_statement,patient,0,False,patient,0.0
2022-06-15,policy_statement_20220615,policy_statement,patient_GROUP,0,True,patient,1.0
2022-06-15,policy_statement_20220615.html,policy_statement,patient_GROUP,0,True,patient,1.0
2022-06-15,policy_statement_20220615,policy_statement,short-lived,0,False,transitory,0.0
2022-06-15,policy_statement_20220615.html,policy_statement,short-lived,0,False,transitory,0.0
2022-06-15,policy_statement_20220615,policy_statement,significant time,0,False,considerable time,0.0
2022-06-15,policy_statement_20220615.html,policy_statement,significant time,0,False,considerable time,0.0
2022-06-15,policy_statement_20220615,policy_statement,substantial period,0,False,considerable time,0.0
2022-06-15,policy_statement_20220615.html,policy_statement,substantial period,0,False,considerable time,0.0
2022-06-15,policy_statement_20220615,policy_statement,supportive,0,False,accommodative,0.2
2022-06-15,policy_statement_20220615.html,policy_statement,supportive,0,False,accommodative,0.2
2022-06-15,policy_statement_20220615,policy_statement,temporary,0,False,transitory,1.4
2022-06-15,policy_statement_20220615.html,policy_statement,temporary,0,False,transitory,1.4
2022-06-15,policy_statement_20220615,policy_statement,transient,0,False,transitory,0.0
2022-06-15,policy_statement_20220615.html,policy_statement,transient,0,False,transitory,0.0
2022-06-15,policy_statement_20220615,policy_statement,transitory,0,False,transitory,0.0
2022-06-15,policy_statement_20220615.html,policy_statement,transitory,0,False,transitory,0.0
2022-06-15,policy_statement_20220615,policy_statement,transitory_GROUP,0,True,transitory,1.4
2022-06-15,policy_statement_20220615.html,policy_statement,transitory_GROUP,0,True,transitory,1.4
2022-07-27,policy_statement_20220727,policy_statement,accommodating,0,False,accommodative,0.0
2022-07-27,policy_statement_20220727,policy_statement,accommodative,0,False,accommodative,0.75
2022-07-27,policy_statement_20220727,policy_statement,accommodative_GROUP,0,True,accommodative,1.0
2022-07-27,policy_statement_20220727,policy_statement,all available tools,0,False,full range of tools,0.0
2022-07-27,policy_statement_20220727,policy_statement,complete toolkit,0,False,full range of tools,0.0
2022-07-27,policy_statement_20220727,policy_statement,considerable time,0,False,considerable time,0.0
2022-07-27,policy_statement_20220727,policy_statement,considerable time_GROUP,0,True,considerable time,0.0
2022-07-27,policy_statement_20220727,policy_statement,deliberate,0,False,patient,0.0
2022-07-27,policy_statement_20220727,policy_statement,easy,0,False,accommodative,0.0
2022-07-27,policy_statement_20220727,policy_statement,entire toolkit,0,False,full range of tools,0.0
2022-07-27,policy_statement_20220727,policy_statement,extended period,0,False,considerable time,0.0
2022-07-27,policy_statement_20220727,policy_statement,full range of tools,0,False,full range of tools,0.0
2022-07-27,policy_statement_20220727,policy_statement,full range of tools_GROUP,0,True,full range of tools,0.0
2022-07-27,policy_statement_20220727,policy_statement,gradual,0,False,patient,0.0
2022-07-27,policy_statement_20220727,policy_statement,measured,0,False,patient,0.5
2022-07-27,policy_statement_20220727,policy_statement,patient,0,False,patient,0.0
2022-07-27,policy_statement_20220727,policy_statement,patient_GROUP,0,True,patient,0.5
2022-07-27,policy_statement_20220727,policy_statement,short-lived,0,False,transitory,0.0
2022-07-27,policy_statement_20220727,policy_statement,significant time,0,False,considerable time,0.0
2022-07-27,policy_statement_20220727,policy_statement,substantial period,0,False,considerable time,0.0
2022-07-27,policy_statement_20220727,policy_statement,supportive,0,False,accommodative,0.25
2022-07-27,policy_statement_20220727,policy_statement,temporary,0,False,transitory,0.0
2022-07-27,policy_statement_20220727,policy_statement,transient,0,False,transitory,0.0
2022-07-27,policy_statement_20220727,policy_statement,transitory,0,False,transitory,0.0
2022-07-27,policy_statement_20220727,policy_statement,transitory_GROUP,0,True,transitory,0.0
2022-09-21,policy_statement_20220921,policy_statement,accommodating,0,False,accommodative,0.0
2022-09-21,policy_statement_20220921,policy_statement,accommodative,0,False,accommodative,0.0
2022-09-21,policy_statement_20220921,policy_statement,accommodative_GROUP,0,True,accommodative,0.0
2022-09-21,policy_statement_20220921,policy_statement,all available tools,0,False,full range of tools,0.0
2022-09-21,policy_statement_20220921,policy_statement,complete toolkit,0,False,full range of tools,0.0
2022-09-21,policy_statement_20220921,policy_statement,considerable time,0,False,considerable time,0.0
2022-09-21,policy_statement_20220921,policy_statement,considerable time_GROUP,0,True,considerable time,0.0
2022-09-21,policy_statement_20220921,policy_statement,deliberate,0,False,patient,0.0
2022-09-21,policy_statement_20220921,policy_statement,easy,0,False,accommodative,0.0
2022-09-21,policy_statement_20220921,policy_statement,entire toolkit,0,False,full range of tools,0.0
2022-09-21,policy_statement_20220921,policy_statement,extended period,0,False,considerable time,0.0
2022-09-21,policy_statement_20220921,policy_statement,full range of tools,0,False,full range of tools,0.0
2022-09-21,policy_statement_20220921,policy_statement,full range of tools_GROUP,0,True,full range of tools,0.0
2022-09-21,policy_statement_20220921,policy_statement,gradual,0,False,patient,0.0
2022-09-21,policy_statement_20220921,policy_statement,measured,0,False,patient,0.0
2022-09-21,policy_statement_20220921,policy_statement,patient,0,False,patient,0.0
2022-09-21,policy_statement_20220921,policy_statement,patient_GROUP,0,True,patient,0.0
2022-09-21,policy_statement_20220921,policy_statement,short-lived,0,False,transitory,0.0
2022-09-21,policy_statement_20220921,policy_statement,significant time,0,False,considerable time,0.0
2022-09-21,policy_statement_20220921,policy_statement,substantial period,0,False,considerable time,0.0
2022-09-21,policy_statement_20220921,policy_statement,supportive,0,False,accommodative,0.0
2022-09-21,policy_statement_20220921,policy_statement,temporary,0,False,transitory,0.0
2022-09-21,policy_statement_20220921,policy_statement,transient,0,False,transitory,0.0
2022-09-21,policy_statement_20220921,policy_statement,transitory,0,False,transitory,0.0
2022-09-21,policy_statement_20220921,policy_statement,transitory_GROUP,0,True,transitory,0.0
2022-11-02,policy_statement_20221102,policy_statement,accommodating,0,False,accommodative,0.0
2022-11-02,policy_statement_20221102,policy_statement,accommodative,0,False,accommodative,0.0
2022-11-02,policy_statement_20221102,policy_statement,accommodative_GROUP,0,True,accommodative,0.0
2022-11-02,policy_statement_20221102,policy_statement,all available tools,0,False,full range of tools,0.0
2022-11-02,policy_statement_20221102,policy_statement,complete toolkit,0,False,full range of tools,0.0
2022-11-02,policy_statement_20221102,policy_statement,considerable time,0,False,considerable time,0.0
2022-11-02,policy_statement_20221102,policy_statement,considerable time_GROUP,0,True,considerable time,0.0
2022-11-02,policy_statement_20221102,policy_statement,deliberate,0,False,patient,0.0
2022-11-02,policy_statement_20221102,policy_statement,easy,0,False,accommodative,0.0
2022-11-02,policy_statement_20221102,policy_statement,entire toolkit,0,False,full range of tools,0.0
2022-11-02,policy_statement_20221102,policy_statement,extended period,0,False,considerable time,0.0
2022-11-02,policy_statement_20221102,policy_statement,full range of tools,0,False,full range of tools,0.0
2022-11-02,policy_statement_20221102,policy_statement,full range of tools_GROUP,0,True,full range of tools,0.0
2022-11-02,policy_statement_20221102,policy_statement,gradual,0,False,patient,0.0
2022-11-02,policy_statement_20221102,policy_statement,measured,0,False,patient,0.0
2022-11-02,policy_statement_20221102,policy_statement,patient,0,False,patient,0.0
2022-11-02,policy_statement_20221102,policy_statement,patient_GROUP,0,True,patient,0.0
2022-11-02,policy_statement_20221102,policy_statement,short-lived,0,False,transitory,0.0
2022-11-02,policy_statement_20221102,policy_statement,significant time,0,False,considerable time,0.0
2022-11-02,policy_statement_20221102,policy_statement,substantial period,0,False,considerable time,0.0
2022-11-02,policy_statement_20221102,policy_statement,supportive,0,False,accommodative,0.0
2022-11-02,policy_statement_20221102,policy_statement,temporary,0,False,transitory,0.0
2022-11-02,policy_statement_20221102,policy_statement,transient,0,False,transitory,0.0
2022-11-02,policy_statement_20221102,policy_statement,transitory,0,False,transitory,0.0
2022-11-02,policy_statement_20221102,policy_statement,transitory_GROUP,0,True,transitory,0.0
2022-12-14,policy_statement_20221214,policy_statement,accommodating,0,False,accommodative,0.0
2022-12-14,policy_statement_20221214,policy_statement,accommodative,0,False,accommodative,0.0
2022-12-14,policy_statement_20221214,policy_statement,accommodative_GROUP,0,True,accommodative,0.0
2022-12-14,policy_statement_20221214,policy_statement,all available tools,0,False,full range of tools,0.0
2022-12-14,policy_statement_20221214,policy_statement,complete toolkit,0,False,full range of tools,0.0
2022-12-14,policy_statement_20221214,policy_statement,considerable time,0,False,considerable time,0.0
2022-12-14,policy_statement_20221214,policy_statement,considerable time_GROUP,0,True,considerable time,0.0
2022-12-14,policy_statement_20221214,policy_statement,deliberate,0,False,patient,0.0
2022-12-14,policy_statement_20221214,policy_statement,easy,0,False,accommodative,0.0
2022-12-14,policy_statement_20221214,policy_statement,entire toolkit,0,False,full range of tools,0.0
2022-12-14,policy_statement_20221214,policy_statement,extended period,0,False,considerable time,0.0
2022-12-14,policy_statement_20221214,policy_statement,full range of tools,0,False,full range of tools,0.0
2022-12-14,policy_statement_20221214,policy_statement,full range of tools_GROUP,0,True,full range of tools,0.0
2022-12-14,policy_statement_20221214,policy_statement,gradual,0,False,patient,0.0
2022-12-14,policy_statement_20221214,policy_statement,measured,0,False,patient,0.0
2022-12-14,policy_statement_20221214,policy_statement,patient,0,False,patient,0.0
2022-12-14,policy_statement_20221214,policy_statement,patient_GROUP,0,True,patient,0.0
2022-12-14,policy_statement_20221214,policy_statement,short-lived,0,False,transitory,0.0
2022-12-14,policy_statement_20221214,policy_statement,significant time,0,False,considerable time,0.0
2022-12-14,policy_statement_20221214,policy_statement,substantial period,0,False,considerable time,0.0
2022-12-14,policy_statement_20221214,policy_statement,supportive,0,False,accommodative,0.0
2022-12-14,policy_statement_20221214,policy_statement,temporary,0,False,transitory,0.0
2022-12-14,policy_statement_20221214,policy_statement,transient,0,False,transitory,0.0
2022-12-14,policy_statement_20221214,policy_statement,transitory,0,False,transitory,0.0
2022-12-14,policy_statement_20221214,policy_statement,transitory_GROUP,0,True,transitory,0.0
2023-02-01,fomc_minutes_20230201,fomc_minutes,accommodating,0,False,accommodative,0.0
2023-02-01,fomc_minutes_20230201.html,fomc_minutes,accommodating,0,False,accommodative,0.0
2023-02-01,policy_statement_20230201,policy_statement,accommodating,0,False,accommodative,0.0
2023-02-01,fomc_minutes_20230201,fomc_minutes,accommodative,0,False,accommodative,0.0
2023-02-01,fomc_minutes_20230201.html,fomc_minutes,accommodative,0,False,accommodative,0.0
2023-02-01,policy_statement_20230201,policy_statement,accommodative,0,False,accommodative,0.0
2023-02-01,fomc_minutes_20230201.html,fomc_minutes,accommodative_GROUP,0,True,accommodative,0.0
2023-02-01,policy_statement_20230201,policy_statement,accommodative_GROUP,0,True,accommodative,0.0
2023-02-01,fomc_minutes_20230201,fomc_minutes,accommodative_GROUP,0,True,accommodative,0.0
2023-02-01,fomc_minutes_20230201.html,fomc_minutes,all available tools,0,False,full range of tools,0.0
2023-02-01,policy_statement_20230201,policy_statement,all available tools,0,False,full range of tools,0.0
2023-02-01,fomc_minutes_20230201,fomc_minutes,all available tools,0,False,full range of tools,0.0
2023-02-01,fomc_minutes_20230201.html,fomc_minutes,complete toolkit,0,False,full range of tools,0.0
2023-02-01,policy_statement_20230201,policy_statement,complete toolkit,0,False,full range of tools,0.0
2023-02-01,fomc_minutes_20230201,fomc_minutes,complete toolkit,0,False,full range of tools,0.0
2023-02-01,fomc_minutes_20230201.html,fomc_minutes,considerable time,0,False,considerable time,0.0
2023-02-01,policy_statement_20230201,policy_statement,considerable time,0,False,considerable time,0.0
2023-02-01,fomc_minutes_20230201,fomc_minutes,considerable time,0,False,considerable time,0.0
2023-02-01,fomc_minutes_20230201,fomc_minutes,considerable time_GROUP,0,True,considerable time,0.0
2023-02-01,fomc_minutes_20230201.html,fomc_minutes,considerable time_GROUP,0,True,considerable time,0.0
2023-02-01,policy_statement_20230201,policy_statement,considerable time_GROUP,0,True,considerable time,0.0
2023-02-01,fomc_minutes_20230201.html,fomc_minutes,deliberate,0,False,patient,0.0
2023-02-01,fomc_minutes_20230201,fomc_minutes,deliberate,0,False,patient,0.0
2023-02-01,policy_statement_20230201,policy_statement,deliberate,0,False,patient,0.0
2023-02-01,fomc_minutes_20230201,fomc_minutes,easy,0,False,accommodative,0.0
2023-02-01,fomc_minutes_20230201.html,fomc_minutes,easy,0,False,accommodative,0.0
2023-02-01,policy_statement_20230201,policy_statement,easy,0,False,accommodative,0.0
2023-02-01,fomc_minutes_20230201.html,fomc_minutes,entire toolkit,0,False,full range of tools,0.0
2023-02-01,policy_statement_20230201,policy_statement,entire toolkit,0,False,full range of tools,0.0
2023-02-01,fomc_minutes_20230201,fomc_minutes,entire toolkit,0,False,full range of tools,0.0
2023-02-01,fomc_minutes_20230201.html,fomc_minutes,extended period,0,False,considerable time,0.0
2023-02-01,policy_statement_20230201,policy_statement,extended period,0,False,considerable time,0.0
2023-02-01,fomc_minutes_20230201,fomc_minutes,extended period,0,False,considerable time,0.0
2023-02-01,fomc_minutes_20230201.html,fomc_minutes,full range of tools,0,False,full range of tools,0.0
2023-02-01,policy_statement_20230201,policy_statement,full range of tools,0,False,full range of tools,0.0
2023-02-01,fomc_minutes_20230201,fomc_minutes,full range of tools,0,False,full range of tools,0.0
2023-02-01,policy_statement_20230201,policy_statement,full range of tools_GROUP,0,True,full range of tools,0.0
2023-02-01,fomc_minutes_20230201.html,fomc_minutes,full range of tools_GROUP,0,True,full range of tools,0.0
2023-02-01,fomc_minutes_20230201,fomc_minutes,full range of tools_GROUP,0,True,full range of tools,0.0
2023-02-01,fomc_minutes_20230201.html,fomc_minutes,gradual,0,False,patient,0.0
2023-02-01,fomc_minutes_20230201,fomc_minutes,gradual,0,False,patient,0.0
2023-02-01,policy_statement_20230201,policy_statement,gradual,0,False,patient,0.0
2023-02-01,fomc_minutes_20230201.html,fomc_minutes,measured,2,False,patient,0.0
2023-02-01,fomc_minutes_20230201,fomc_minutes,measured,2,False,patient,0.0
2023-02-01,policy_statement_20230201,policy_statement,measured,0,False,patient,0.0
2023-02-01,fomc_minutes_20230201.html,fomc_minutes,patient,0,False,patient,0.0
2023-02-01,fomc_minutes_20230201,fomc_minutes,patient,0,False,patient,0.0
2023-02-01,policy_statement_20230201,policy_statement,patient,0,False,patient,0.0
2023-02-01,fomc_minutes_20230201.html,fomc_minutes,patient_GROUP,2,True,patient,0.0
2023-02-01,policy_statement_20230201,policy_statement,patient_GROUP,0,True,patient,0.0
2023-02-01,fomc_minutes_20230201,fomc_minutes,patient_GROUP,2,True,patient,0.0
2023-02-01,fomc_minutes_20230201,fomc_minutes,short-lived,0,False,transitory,0.0
2023-02-01,fomc_minutes_20230201.html,fomc_minutes,short-lived,0,False,transitory,0.0
2023-02-01,policy_statement_20230201,policy_statement,short-lived,0,False,transitory,0.0
2023-02-01,fomc_minutes_20230201.html,fomc_minutes,significant time,0,False,considerable time,0.0
2023-02-01,policy_statement_20230201,policy_statement,significant time,0,False,considerable time,0.0
2023-02-01,fomc_minutes_20230201,fomc_minutes,significant time,0,False,considerable time,0.0
2023-02-01,fomc_minutes_20230201.html,fomc_minutes,substantial period,0,False,considerable time,0.0
2023-02-01,policy_statement_20230201,policy_statement,substantial period,0,False,considerable time,0.0
2023-02-01,fomc_minutes_20230201,fomc_minutes,substantial period,0,False,considerable time,0.0
2023-02-01,fomc_minutes_20230201,fomc_minutes,supportive,0,False,accommodative,0.0
2023-02-01,fomc_minutes_20230201.html,fomc_minutes,supportive,0,False,accommodative,0.0
2023-02-01,policy_statement_20230201,policy_statement,supportive,0,False,accommodative,0.0
2023-02-01,fomc_minutes_20230201,fomc_minutes,temporary,3,False,transitory,0.0
2023-02-01,fomc_minutes_20230201.html,fomc_minutes,temporary,3,False,transitory,0.0
2023-02-01,policy_statement_20230201,policy_statement,temporary,0,False,transitory,0.0
2023-02-01,fomc_minutes_20230201,fomc_minutes,transient,0,False,transitory,0.0
2023-02-01,fomc_minutes_20230201.html,fomc_minutes,transient,0,False,transitory,0.0
2023-02-01,policy_statement_20230201,policy_statement,transient,0,False,transitory,0.0
2023-02-01,fomc_minutes_20230201,fomc_minutes,transitory,1,False,transitory,0.0
2023-02-01,fomc_minutes_20230201.html,fomc_minutes,transitory,1,False,transitory,0.0
2023-02-01,policy_statement_20230201,policy_statement,transitory,0,False,transitory,0.0
2023-02-01,fomc_minutes_20230201.html,fomc_minutes,transitory_GROUP,4,True,transitory,0.0
2023-02-01,policy_statement_20230201,policy_statement,transitory_GROUP,0,True,transitory,0.0
2023-02-01,fomc_minutes_20230201,fomc_minutes,transitory_GROUP,4,True,transitory,0.0
2023-03-22,press_transcript_20230322.pdf,policy_statement,accommodating,0,False,accommodative,0.0
2023-03-22,policy_statement_20230322,policy_statement,accommodating,0,False,accommodative,0.0
2023-03-22,policy_statement_20230322.html,policy_statement,accommodating,0,False,accommodative,0.0
2023-03-22,press_transcript_20230322.pdf,policy_statement,accommodative,0,False,accommodative,0.0
2023-03-22,policy_statement_20230322,policy_statement,accommodative,0,False,accommodative,0.0
2023-03-22,policy_statement_20230322.html,policy_statement,accommodative,0,False,accommodative,0.0
2023-03-22,press_transcript_20230322.pdf,policy_statement,accommodative_GROUP,0,True,accommodative,0.0
2023-03-22,policy_statement_20230322,policy_statement,accommodative_GROUP,0,True,accommodative,0.0
2023-03-22,policy_statement_20230322.html,policy_statement,accommodative_GROUP,0,True,accommodative,0.0
2023-03-22,press_transcript_20230322.pdf,policy_statement,all available tools,0,False,full range of tools,0.0
2023-03-22,policy_statement_20230322,policy_statement,all available tools,0,False,full range of tools,0.0
2023-03-22,policy_statement_20230322.html,policy_statement,all available tools,0,False,full range of tools,0.0
2023-03-22,press_transcript_20230322.pdf,policy_statement,complete toolkit,0,False,full range of tools,0.0
2023-03-22,policy_statement_20230322,policy_statement,complete toolkit,0,False,full range of tools,0.0
2023-03-22,policy_statement_20230322.html,policy_statement,complete toolkit,0,False,full range of tools,0.0
2023-03-22,press_transcript_20230322.pdf,policy_statement,considerable time,0,False,considerable time,0.0
2023-03-22,policy_statement_20230322,policy_statement,considerable time,0,False,considerable time,0.0
2023-03-22,policy_statement_20230322.html,policy_statement,considerable time,0,False,considerable time,0.0
2023-03-22,press_transcript_20230322.pdf,policy_statement,considerable time_GROUP,0,True,considerable time,0.0
2023-03-22,policy_statement_20230322,policy_statement,considerable time_GROUP,0,True,considerable time,0.0
2023-03-22,policy_statement_20230322.html,policy_statement,considerable time_GROUP,0,True,considerable time,0.0
2023-03-22,press_transcript_20230322.pdf,policy_statement,deliberate,0,False,patient,0.0
2023-03-22,policy_statement_20230322,policy_statement,deliberate,0,False,patient,0.0
2023-03-22,policy_statement_20230322.html,policy_statement,deliberate,0,False,patient,0.0
2023-03-22,press_transcript_20230322.pdf,policy_statement,easy,0,False,accommodative,0.0
2023-03-22,policy_statement_20230322,policy_statement,easy,0,False,accommodative,0.0
2023-03-22,policy_statement_20230322.html,policy_statement,easy,0,False,accommodative,0.0
2023-03-22,press_transcript_20230322.pdf,policy_statement,entire toolkit,0,False,full range of tools,0.0
2023-03-22,policy_statement_20230322,policy_statement,entire toolkit,0,False,full range of tools,0.0
2023-03-22,policy_statement_20230322.html,policy_statement,entire toolkit,0,False,full range of tools,0.0
2023-03-22,press_transcript_20230322.pdf,policy_statement,extended period,0,False,considerable time,0.0
2023-03-22,policy_statement_20230322,policy_statement,extended period,0,False,considerable time,0.0
2023-03-22,policy_statement_20230322.html,policy_statement,extended period,0,False,considerable time,0.0
2023-03-22,press_transcript_20230322.pdf,policy_statement,full range of tools,0,False,full range of tools,0.0
2023-03-22,policy_statement_20230322,policy_statement,full range of tools,0,False,full range of tools,0.0
2023-03-22,policy_statement_20230322.html,policy_statement,full range of tools,0,False,full range of tools,0.0
2023-03-22,press_transcript_20230322.pdf,policy_statement,full range of tools_GROUP,0,True,full range of tools,0.0
2023-03-22,policy_statement_20230322,policy_statement,full range of tools_GROUP,0,True,full range of tools,0.0
2023-03-22,policy_statement_20230322.html,policy_statement,full range of tools_GROUP,0,True,full range of tools,0.0
2023-03-22,press_transcript_20230322.pdf,policy_statement,gradual,1,False,patient,0.0
2023-03-22,policy_statement_20230322,policy_statement,gradual,0,False,patient,0.0
2023-03-22,policy_statement_20230322.html,policy_statement,gradual,0,False,patient,0.0
2023-03-22,press_transcript_20230322.pdf,policy_statement,measured,0,False,patient,0.8
2023-03-22,policy_statement_20230322,policy_statement,measured,0,False,patient,0.8
2023-03-22,policy_statement_20230322.html,policy_statement,measured,0,False,patient,0.8
2023-03-22,press_transcript_20230322.pdf,policy_statement,patient,0,False,patient,0.0
2023-03-22,policy_statement_20230322,policy_statement,patient,0,False,patient,0.0
2023-03-22,policy_statement_20230322.html,policy_statement,patient,0,False,patient,0.0
2023-03-22,press_transcript_20230322.pdf,policy_statement,patient_GROUP,1,True,patient,0.8
2023-03-22,policy_statement_20230322,policy_statement,patient_GROUP,0,True,patient,0.8
2023-03-22,policy_statement_20230322.html,policy_statement,patient_GROUP,0,True,patient,0.8
2023-03-22,press_transcript_20230322.pdf,policy_statement,short-lived,0,False,transitory,0.0
2023-03-22,policy_statement_20230322,policy_statement,short-lived,0,False,transitory,0.0
2023-03-22,policy_statement_20230322.html,policy_statement,short-lived,0,False,transitory,0.0
2023-03-22,press_transcript_20230322.pdf,policy_statement,significant time,0,False,considerable time,0.0
2023-03-22,policy_statement_20230322,policy_statement,significant time,0,False,considerable time,0.0
2023-03-22,policy_statement_20230322.html,policy_statement,significant time,0,False,considerable time,0.0
2023-03-22,press_transcript_20230322.pdf,policy_statement,substantial period,0,False,considerable time,0.0
2023-03-22,policy_statement_20230322,policy_statement,substantial period,0,False,considerable time,0.0
2023-03-22,policy_statement_20230322.html,policy_statement,substantial period,0,False,considerable time,0.0
2023-03-22,press_transcript_20230322.pdf,policy_statement,supportive,0,False,accommodative,0.0
2023-03-22,policy_statement_20230322,policy_statement,supportive,0,False,accommodative,0.0
2023-03-22,policy_statement_20230322.html,policy_statement,supportive,0,False,accommodative,0.0
2023-03-22,press_transcript_20230322.pdf,policy_statement,temporary,1,False,transitory,1.2
2023-03-22,policy_statement_20230322,policy_statement,temporary,0,False,transitory,1.2
2023-03-22,policy_statement_20230322.html,policy_statement,temporary,0,False,transitory,1.2
2023-03-22,policy_statement_20230322.html,policy_statement,transient,0,False,transitory,0.0
2023-03-22,press_transcript_20230322.pdf,policy_statement,transient,0,False,transitory,0.0
2023-03-22,policy_statement_20230322,policy_statement,transient,0,False,transitory,0.0
2023-03-22,press_transcript_20230322.pdf,policy_statement,transitory,0,False,transitory,0.4
2023-03-22,policy_statement_20230322.html,policy_statement,transitory,0,False,transitory,0.4
2023-03-22,policy_statement_20230322,policy_statement,transitory,0,False,transitory,0.4
2023-03-22,press_transcript_20230322.pdf,policy_statement,transitory_GROUP,1,True,transitory,1.6
2023-03-22,policy_statement_20230322,policy_statement,transitory_GROUP,0,True,transitory,1.6
2023-03-22,policy_statement_20230322.html,policy_statement,transitory_GROUP,0,True,transitory,1.6
2023-05-03,policy_statement_20230503,policy_statement,accommodating,0,False,accommodative,0.0
2023-05-03,policy_statement_20230503,policy_statement,accommodative,0,False,accommodative,0.0
2023-05-03,policy_statement_20230503,policy_statement,accommodative_GROUP,0,True,accommodative,0.0
2023-05-03,policy_statement_20230503,policy_statement,all available tools,0,False,full range of tools,0.0
2023-05-03,policy_statement_20230503,policy_statement,complete toolkit,0,False,full range of tools,0.0
2023-05-03,policy_statement_20230503,policy_statement,considerable time,0,False,considerable time,0.0
2023-05-03,policy_statement_20230503,policy_statement,considerable time_GROUP,0,True,considerable time,0.0
2023-05-03,policy_statement_20230503,policy_statement,deliberate,0,False,patient,0.0
2023-05-03,policy_statement_20230503,policy_statement,easy,0,False,accommodative,0.0
2023-05-03,policy_statement_20230503,policy_statement,entire toolkit,0,False,full range of tools,0.0
2023-05-03,policy_statement_20230503,policy_statement,extended period,0,False,considerable time,0.0
2023-05-03,policy_statement_20230503,policy_statement,full range of tools,0,False,full range of tools,0.0
2023-05-03,policy_statement_20230503,policy_statement,full range of tools_GROUP,0,True,full range of tools,0.0
2023-05-03,policy_statement_20230503,policy_statement,gradual,0,False,patient,0.14285714285714285
2023-05-03,policy_statement_20230503,policy_statement,measured,0,False,patient,0.5714285714285714
2023-05-03,policy_statement_20230503,policy_statement,patient,0,False,patient,0.0
2023-05-03,policy_statement_20230503,policy_statement,patient_GROUP,0,True,patient,0.7142857142857143
2023-05-03,policy_statement_20230503,policy_statement,short-lived,0,False,transitory,0.0
2023-05-03,policy_statement_20230503,policy_statement,significant time,0,False,considerable time,0.0
2023-05-03,policy_statement_20230503,policy_statement,substantial period,0,False,considerable time,0.0
2023-05-03,policy_statement_20230503,policy_statement,supportive,0,False,accommodative,0.0
2023-05-03,policy_statement_20230503,policy_statement,temporary,0,False,transitory,1.0
2023-05-03,policy_statement_20230503,policy_statement,transient,0,False,transitory,0.0
2023-05-03,policy_statement_20230503,policy_statement,transitory,0,False,transitory,0.2857142857142857
2023-05-03,policy_statement_20230503,policy_statement,transitory_GROUP,0,True,transitory,1.2857142857142858
2023-06-14,policy_statement_20230614,policy_statement,accommodating,0,False,accommodative,0.0
2023-06-14,policy_statement_20230614,policy_statement,accommodative,0,False,accommodative,0.0
2023-06-14,policy_statement_20230614,policy_statement,accommodative_GROUP,0,True,accommodative,0.0
2023-06-14,policy_statement_20230614,policy_statement,all available tools,0,False,full range of tools,0.0
2023-06-14,policy_statement_20230614,policy_statement,complete toolkit,0,False,full range of tools,0.0
2023-06-14,policy_statement_20230614,policy_statement,considerable time,0,False,considerable time,0.0
2023-06-14,policy_statement_20230614,policy_statement,considerable time_GROUP,0,True,considerable time,0.0
2023-06-14,policy_statement_20230614,policy_statement,deliberate,0,False,patient,0.0
2023-06-14,policy_statement_20230614,policy_statement,easy,0,False,accommodative,0.0
2023-06-14,policy_statement_20230614,policy_statement,entire toolkit,0,False,full range of tools,0.0
2023-06-14,policy_statement_20230614,policy_statement,extended period,0,False,considerable time,0.0
2023-06-14,policy_statement_20230614,policy_statement,full range of tools,0,False,full range of tools,0.0
2023-06-14,policy_statement_20230614,policy_statement,full range of tools_GROUP,0,True,full range of tools,0.0
2023-06-14,policy_statement_20230614,policy_statement,gradual,0,False,patient,0.14285714285714285
2023-06-14,policy_statement_20230614,policy_statement,measured,0,False,patient,0.5714285714285714
2023-06-14,policy_statement_20230614,policy_statement,patient,0,False,patient,0.0
2023-06-14,policy_statement_20230614,policy_statement,patient_GROUP,0,True,patient,0.7142857142857143
2023-06-14,policy_statement_20230614,policy_statement,short-lived,0,False,transitory,0.0
2023-06-14,policy_statement_20230614,policy_statement,significant time,0,False,considerable time,0.0
2023-06-14,policy_statement_20230614,policy_statement,substantial period,0,False,considerable time,0.0
2023-06-14,policy_statement_20230614,policy_statement,supportive,0,False,accommodative,0.0
2023-06-14,policy_statement_20230614,policy_statement,temporary,0,False,transitory,1.0
2023-06-14,policy_statement_20230614,policy_statement,transient,0,False,transitory,0.0
2023-06-14,policy_statement_20230614,policy_statement,transitory,0,False,transitory,0.2857142857142857
2023-06-14,policy_statement_20230614,policy_statement,transitory_GROUP,0,True,transitory,1.2857142857142858
2023-07-26,policy_statement_20230726,policy_statement,accommodating,0,False,accommodative,0.0
2023-07-26,policy_statement_20230726,policy_statement,accommodative,0,False,accommodative,0.0
2023-07-26,policy_statement_20230726,policy_statement,accommodative_GROUP,0,True,accommodative,0.0
2023-07-26,policy_statement_20230726,policy_statement,all available tools,0,False,full range of tools,0.0
2023-07-26,policy_statement_20230726,policy_statement,complete toolkit,0,False,full range of tools,0.0
2023-07-26,policy_statement_20230726,policy_statement,considerable time,0,False,considerable time,0.0
2023-07-26,policy_statement_20230726,policy_statement,considerable time_GROUP,0,True,considerable time,0.0
2023-07-26,policy_statement_20230726,policy_statement,deliberate,0,False,patient,0.0
2023-07-26,policy_statement_20230726,policy_statement,easy,0,False,accommodative,0.0
2023-07-26,policy_statement_20230726,policy_statement,entire toolkit,0,False,full range of tools,0.0
2023-07-26,policy_statement_20230726,policy_statement,extended period,0,False,considerable time,0.0
2023-07-26,policy_statement_20230726,policy_statement,full range of tools,0,False,full range of tools,0.0
2023-07-26,policy_statement_20230726,policy_statement,full range of tools_GROUP,0,True,full range of tools,0.0
2023-07-26,policy_statement_20230726,policy_statement,gradual,0,False,patient,0.125
2023-07-26,policy_statement_20230726,policy_statement,measured,0,False,patient,0.5
2023-07-26,policy_statement_20230726,policy_statement,patient,0,False,patient,0.0
2023-07-26,policy_statement_20230726,policy_statement,patient_GROUP,0,True,patient,0.625
2023-07-26,policy_statement_20230726,policy_statement,short-lived,0,False,transitory,0.0
2023-07-26,policy_statement_20230726,policy_statement,significant time,0,False,considerable time,0.0
2023-07-26,policy_statement_20230726,policy_statement,substantial period,0,False,considerable time,0.0
2023-07-26,policy_statement_20230726,policy_statement,supportive,0,False,accommodative,0.0
2023-07-26,policy_statement_20230726,policy_statement,temporary,0,False,transitory,0.875
2023-07-26,policy_statement_20230726,policy_statement,transient,0,False,transitory,0.0
2023-07-26,policy_statement_20230726,policy_statement,transitory,0,False,transitory,0.25
2023-07-26,policy_statement_20230726,policy_statement,transitory_GROUP,0,True,transitory,1.125
2023-09-20,policy_statement_20230920,policy_statement,accommodating,0,False,accommodative,0.0
2023-09-20,policy_statement_20230920,policy_statement,accommodative,0,False,accommodative,0.0
2023-09-20,policy_statement_20230920,policy_statement,accommodative_GROUP,0,True,accommodative,0.0
2023-09-20,policy_statement_20230920,policy_statement,all available tools,0,False,full range of tools,0.0
2023-09-20,policy_statement_20230920,policy_statement,complete toolkit,0,False,full range of tools,0.0
2023-09-20,policy_statement_20230920,policy_statement,considerable time,0,False,considerable time,0.0
2023-09-20,policy_statement_20230920,policy_statement,considerable time_GROUP,0,True,considerable time,0.0
2023-09-20,policy_statement_20230920,policy_statement,deliberate,0,False,patient,0.0
2023-09-20,policy_statement_20230920,policy_statement,easy,0,False,accommodative,0.0
2023-09-20,policy_statement_20230920,policy_statement,entire toolkit,0,False,full range of tools,0.0
2023-09-20,policy_statement_20230920,policy_statement,extended period,0,False,considerable time,0.0
2023-09-20,policy_statement_20230920,policy_statement,full range of tools,0,False,full range of tools,0.0
2023-09-20,policy_statement_20230920,policy_statement,full range of tools_GROUP,0,True,full range of tools,0.0
2023-09-20,policy_statement_20230920,policy_statement,gradual,0,False,patient,0.0
2023-09-20,policy_statement_20230920,policy_statement,measured,0,False,patient,0.0
2023-09-20,policy_statement_20230920,policy_statement,patient,0,False,patient,0.0
2023-09-20,policy_statement_20230920,policy_statement,patient_GROUP,0,True,patient,0.0
2023-09-20,policy_statement_20230920,policy_statement,short-lived,0,False,transitory,0.0
2023-09-20,policy_statement_20230920,policy_statement,significant time,0,False,considerable time,0.0
2023-09-20,policy_statement_20230920,policy_statement,substantial period,0,False,considerable time,0.0
2023-09-20,policy_statement_20230920,policy_statement,supportive,0,False,accommodative,0.0
2023-09-20,policy_statement_20230920,policy_statement,temporary,0,False,transitory,0.0
2023-09-20,policy_statement_20230920,policy_statement,transient,0,False,transitory,0.0
2023-09-20,policy_statement_20230920,policy_statement,transitory,0,False,transitory,0.0
2023-09-20,policy_statement_20230920,policy_statement,transitory_GROUP,0,True,transitory,0.0
2023-11-01,policy_statement_20231101,policy_statement,accommodating,0,False,accommodative,0.0
2023-11-01,policy_statement_20231101,policy_statement,accommodative,0,False,accommodative,0.0
2023-11-01,policy_statement_20231101,policy_statement,accommodative_GROUP,0,True,accommodative,0.0
2023-11-01,policy_statement_20231101,policy_statement,all available tools,0,False,full range of tools,0.0
2023-11-01,policy_statement_20231101,policy_statement,complete toolkit,0,False,full range of tools,0.0
2023-11-01,policy_statement_20231101,policy_statement,considerable time,0,False,considerable time,0.0
2023-11-01,policy_statement_20231101,policy_statement,considerable time_GROUP,0,True,considerable time,0.0
2023-11-01,policy_statement_20231101,policy_statement,deliberate,0,False,patient,0.0
2023-11-01,policy_statement_20231101,policy_statement,easy,0,False,accommodative,0.0
2023-11-01,policy_statement_20231101,policy_statement,entire toolkit,0,False,full range of tools,0.0
2023-11-01,policy_statement_20231101,policy_statement,extended period,0,False,considerable time,0.0
2023-11-01,policy_statement_20231101,policy_statement,full range of tools,0,False,full range of tools,0.0
2023-11-01,policy_statement_20231101,policy_statement,full range of tools_GROUP,0,True,full range of tools,0.0
2023-11-01,policy_statement_20231101,policy_statement,gradual,0,False,patient,0.0
2023-11-01,policy_statement_20231101,policy_statement,measured,0,False,patient,0.0
2023-11-01,policy_statement_20231101,policy_statement,patient,0,False,patient,0.0
2023-11-01,policy_statement_20231101,policy_statement,patient_GROUP,0,True,patient,0.0
2023-11-01,policy_statement_20231101,policy_statement,short-lived,0,False,transitory,0.0
2023-11-01,policy_statement_20231101,policy_statement,significant time,0,False,considerable time,0.0
2023-11-01,policy_statement_20231101,policy_statement,substantial period,0,False,considerable time,0.0
2023-11-01,policy_statement_20231101,policy_statement,supportive,0,False,accommodative,0.0
2023-11-01,policy_statement_20231101,policy_statement,temporary,0,False,transitory,0.0
2023-11-01,policy_statement_20231101,policy_statement,transient,0,False,transitory,0.0
2023-11-01,policy_statement_20231101,policy_statement,transitory,0,False,transitory,0.0
2023-11-01,policy_statement_20231101,policy_statement,transitory_GROUP,0,True,transitory,0.0
2023-12-13,policy_statement_20231213,policy_statement,accommodating,0,False,accommodative,0.0
2023-12-13,policy_statement_20231213,policy_statement,accommodative,0,False,accommodative,0.0
2023-12-13,policy_statement_20231213,policy_statement,accommodative_GROUP,0,True,accommodative,0.0
2023-12-13,policy_statement_20231213,policy_statement,all available tools,0,False,full range of tools,0.0
2023-12-13,policy_statement_20231213,policy_statement,complete toolkit,0,False,full range of tools,0.0
2023-12-13,policy_statement_20231213,policy_statement,considerable time,0,False,considerable time,0.0
2023-12-13,policy_statement_20231213,policy_statement,considerable time_GROUP,0,True,considerable time,0.0
2023-12-13,policy_statement_20231213,policy_statement,deliberate,0,False,patient,0.0
2023-12-13,policy_statement_20231213,policy_statement,easy,0,False,accommodative,0.0
2023-12-13,policy_statement_20231213,policy_statement,entire toolkit,0,False,full range of tools,0.0
2023-12-13,policy_statement_20231213,policy_statement,extended period,0,False,considerable time,0.0
2023-12-13,policy_statement_20231213,policy_statement,full range of tools,0,False,full range of tools,0.0
2023-12-13,policy_statement_20231213,policy_statement,full range of tools_GROUP,0,True,full range of tools,0.0
2023-12-13,policy_statement_20231213,policy_statement,gradual,0,False,patient,0.0
2023-12-13,policy_statement_20231213,policy_statement,measured,0,False,patient,0.0
2023-12-13,policy_statement_20231213,policy_statement,patient,0,False,patient,0.0
2023-12-13,policy_statement_20231213,policy_statement,patient_GROUP,0,True,patient,0.0
2023-12-13,policy_statement_20231213,policy_statement,short-lived,0,False,transitory,0.0
2023-12-13,policy_statement_20231213,policy_statement,significant time,0,False,considerable time,0.0
2023-12-13,policy_statement_20231213,policy_statement,substantial period,0,False,considerable time,0.0
2023-12-13,policy_statement_20231213,policy_statement,supportive,0,False,accommodative,0.0
2023-12-13,policy_statement_20231213,policy_statement,temporary,0,False,transitory,0.0
2023-12-13,policy_statement_20231213,policy_statement,transient,0,False,transitory,0.0
2023-12-13,policy_statement_20231213,policy_statement,transitory,0,False,transitory,0.0
2023-12-13,policy_statement_20231213,policy_statement,transitory_GROUP,0,True,transitory,0.0
2024-01-31,policy_statement_20240131,policy_statement,accommodating,0,False,accommodative,0.0
2024-01-31,policy_statement_20240131,policy_statement,accommodative,0,False,accommodative,0.0
2024-01-31,policy_statement_20240131,policy_statement,accommodative_GROUP,0,True,accommodative,0.0
2024-01-31,policy_statement_20240131,policy_statement,all available tools,0,False,full range of tools,0.0
2024-01-31,policy_statement_20240131,policy_statement,complete toolkit,0,False,full range of tools,0.0
2024-01-31,policy_statement_20240131,policy_statement,considerable time,0,False,considerable time,0.0
2024-01-31,policy_statement_20240131,policy_statement,considerable time_GROUP,0,True,considerable time,0.0
2024-01-31,policy_statement_20240131,policy_statement,deliberate,0,False,patient,0.0
2024-01-31,policy_statement_20240131,policy_statement,easy,0,False,accommodative,0.0
2024-01-31,policy_statement_20240131,policy_statement,entire toolkit,0,False,full range of tools,0.0
2024-01-31,policy_statement_20240131,policy_statement,extended period,0,False,considerable time,0.0
2024-01-31,policy_statement_20240131,policy_statement,full range of tools,0,False,full range of tools,0.0
2024-01-31,policy_statement_20240131,policy_statement,full range of tools_GROUP,0,True,full range of tools,0.0
2024-01-31,policy_statement_20240131,policy_statement,gradual,0,False,patient,0.0
2024-01-31,policy_statement_20240131,policy_statement,measured,0,False,patient,0.0
2024-01-31,policy_statement_20240131,policy_statement,patient,0,False,patient,0.0
2024-01-31,policy_statement_20240131,policy_statement,patient_GROUP,0,True,patient,0.0
2024-01-31,policy_statement_20240131,policy_statement,short-lived,0,False,transitory,0.0
2024-01-31,policy_statement_20240131,policy_statement,significant time,0,False,considerable time,0.0
2024-01-31,policy_statement_20240131,policy_statement,substantial period,0,False,considerable time,0.0
2024-01-31,policy_statement_20240131,policy_statement,supportive,0,False,accommodative,0.0
2024-01-31,policy_statement_20240131,policy_statement,temporary,0,False,transitory,0.0
2024-01-31,policy_statement_20240131,policy_statement,transient,0,False,transitory,0.0
2024-01-31,policy_statement_20240131,policy_statement,transitory,0,False,transitory,0.0
2024-01-31,policy_statement_20240131,policy_statement,transitory_GROUP,0,True,transitory,0.0
2024-03-20,policy_statement_20240320,policy_statement,accommodating,0,False,accommodative,0.0
2024-03-20,policy_statement_20240320,policy_statement,accommodative,0,False,accommodative,0.0
2024-03-20,policy_statement_20240320,policy_statement,accommodative_GROUP,0,True,accommodative,0.0
2024-03-20,policy_statement_20240320,policy_statement,all available tools,0,False,full range of tools,0.0
2024-03-20,policy_statement_20240320,policy_statement,complete toolkit,0,False,full range of tools,0.0
2024-03-20,policy_statement_20240320,policy_statement,considerable time,0,False,considerable time,0.0
2024-03-20,policy_statement_20240320,policy_statement,considerable time_GROUP,0,True,considerable time,0.0
2024-03-20,policy_statement_20240320,policy_statement,deliberate,0,False,patient,0.0
2024-03-20,policy_statement_20240320,policy_statement,easy,0,False,accommodative,0.0
2024-03-20,policy_statement_20240320,policy_statement,entire toolkit,0,False,full range of tools,0.0
2024-03-20,policy_statement_20240320,policy_statement,extended period,0,False,considerable time,0.0
2024-03-20,policy_statement_20240320,policy_statement,full range of tools,0,False,full range of tools,0.0
2024-03-20,policy_statement_20240320,policy_statement,full range of tools_GROUP,0,True,full range of tools,0.0
2024-03-20,policy_statement_20240320,policy_statement,gradual,0,False,patient,0.0
2024-03-20,policy_statement_20240320,policy_statement,measured,0,False,patient,0.0
2024-03-20,policy_statement_20240320,policy_statement,patient,0,False,patient,0.0
2024-03-20,policy_statement_20240320,policy_statement,patient_GROUP,0,True,patient,0.0
2024-03-20,policy_statement_20240320,policy_statement,short-lived,0,False,transitory,0.0
2024-03-20,policy_statement_20240320,policy_statement,significant time,0,False,considerable time,0.0
2024-03-20,policy_statement_20240320,policy_statement,substantial period,0,False,considerable time,0.0
2024-03-20,policy_statement_20240320,policy_statement,supportive,0,False,accommodative,0.0
2024-03-20,policy_statement_20240320,policy_statement,temporary,0,False,transitory,0.0
2024-03-20,policy_statement_20240320,policy_statement,transient,0,False,transitory,0.0
2024-03-20,policy_statement_20240320,policy_statement,transitory,0,False,transitory,0.0
2024-03-20,policy_statement_20240320,policy_statement,transitory_GROUP,0,True,transitory,0.0
2024-05-01,policy_statement_20240501,policy_statement,accommodating,0,False,accommodative,0.0
2024-05-01,policy_statement_20240501,policy_statement,accommodative,0,False,accommodative,0.0
2024-05-01,policy_statement_20240501,policy_statement,accommodative_GROUP,0,True,accommodative,0.0
2024-05-01,policy_statement_20240501,policy_statement,all available tools,0,False,full range of tools,0.0
2024-05-01,policy_statement_20240501,policy_statement,complete toolkit,0,False,full range of tools,0.0
2024-05-01,policy_statement_20240501,policy_statement,considerable time,0,False,considerable time,0.0
2024-05-01,policy_statement_20240501,policy_statement,considerable time_GROUP,0,True,considerable time,0.0
2024-05-01,policy_statement_20240501,policy_statement,deliberate,0,False,patient,0.0
2024-05-01,policy_statement_20240501,policy_statement,easy,0,False,accommodative,0.0
2024-05-01,policy_statement_20240501,policy_statement,entire toolkit,0,False,full range of tools,0.0
2024-05-01,policy_statement_20240501,policy_statement,extended period,0,False,considerable time,0.0
2024-05-01,policy_statement_20240501,policy_statement,full range of tools,0,False,full range of tools,0.0
2024-05-01,policy_statement_20240501,policy_statement,full range of tools_GROUP,0,True,full range of tools,0.0
2024-05-01,policy_statement_20240501,policy_statement,gradual,0,False,patient,0.0
2024-05-01,policy_statement_20240501,policy_statement,measured,0,False,patient,0.0
2024-05-01,policy_statement_20240501,policy_statement,patient,0,False,patient,0.0
2024-05-01,policy_statement_20240501,policy_statement,patient_GROUP,0,True,patient,0.0
2024-05-01,policy_statement_20240501,policy_statement,short-lived,0,False,transitory,0.0
2024-05-01,policy_statement_20240501,policy_statement,significant time,0,False,considerable time,0.0
2024-05-01,policy_statement_20240501,policy_statement,substantial period,0,False,considerable time,0.0
2024-05-01,policy_statement_20240501,policy_statement,supportive,0,False,accommodative,0.0
2024-05-01,policy_statement_20240501,policy_statement,temporary,0,False,transitory,0.0
2024-05-01,policy_statement_20240501,policy_statement,transient,0,False,transitory,0.0
2024-05-01,policy_statement_20240501,policy_statement,transitory,0,False,transitory,0.0
2024-05-01,policy_statement_20240501,policy_statement,transitory_GROUP,0,True,transitory,0.0
2024-06-12,policy_statement_20240612,policy_statement,accommodating,0,False,accommodative,0.0
2024-06-12,policy_statement_20240612,policy_statement,accommodative,0,False,accommodative,0.0
2024-06-12,policy_statement_20240612,policy_statement,accommodative_GROUP,0,True,accommodative,0.0
2024-06-12,policy_statement_20240612,policy_statement,all available tools,0,False,full range of tools,0.0
2024-06-12,policy_statement_20240612,policy_statement,complete toolkit,0,False,full range of tools,0.0
2024-06-12,policy_statement_20240612,policy_statement,considerable time,0,False,considerable time,0.0
2024-06-12,policy_statement_20240612,policy_statement,considerable time_GROUP,0,True,considerable time,0.0
2024-06-12,policy_statement_20240612,policy_statement,deliberate,0,False,patient,0.0
2024-06-12,policy_statement_20240612,policy_statement,easy,0,False,accommodative,0.0
2024-06-12,policy_statement_20240612,policy_statement,entire toolkit,0,False,full range of tools,0.0
2024-06-12,policy_statement_20240612,policy_statement,extended period,0,False,considerable time,0.0
2024-06-12,policy_statement_20240612,policy_statement,full range of tools,0,False,full range of tools,0.0
2024-06-12,policy_statement_20240612,policy_statement,full range of tools_GROUP,0,True,full range of tools,0.0
2024-06-12,policy_statement_20240612,policy_statement,gradual,0,False,patient,0.0
2024-06-12,policy_statement_20240612,policy_statement,measured,0,False,patient,0.0
2024-06-12,policy_statement_20240612,policy_statement,patient,0,False,patient,0.0
2024-06-12,policy_statement_20240612,policy_statement,patient_GROUP,0,True,patient,0.0
2024-06-12,policy_statement_20240612,policy_statement,short-lived,0,False,transitory,0.0
2024-06-12,policy_statement_20240612,policy_statement,significant time,0,False,considerable time,0.0
2024-06-12,policy_statement_20240612,policy_statement,substantial period,0,False,considerable time,0.0
2024-06-12,policy_statement_20240612,policy_statement,supportive,0,False,accommodative,0.0
2024-06-12,policy_statement_20240612,policy_statement,temporary,0,False,transitory,0.0
2024-06-12,policy_statement_20240612,policy_statement,transient,0,False,transitory,0.0
2024-06-12,policy_statement_20240612,policy_statement,transitory,0,False,transitory,0.0
2024-06-12,policy_statement_20240612,policy_statement,transitory_GROUP,0,True,transitory,0.0
2024-07-31,policy_statement_20240731,policy_statement,accommodating,0,False,accommodative,0.0
2024-07-31,policy_statement_20240731,policy_statement,accommodative,0,False,accommodative,0.0
2024-07-31,policy_statement_20240731,policy_statement,accommodative_GROUP,0,True,accommodative,0.0
2024-07-31,policy_statement_20240731,policy_statement,all available tools,0,False,full range of tools,0.0
2024-07-31,policy_statement_20240731,policy_statement,complete toolkit,0,False,full range of tools,0.0
2024-07-31,policy_statement_20240731,policy_statement,considerable time,0,False,considerable time,0.0
2024-07-31,policy_statement_20240731,policy_statement,considerable time_GROUP,0,True,considerable time,0.0
2024-07-31,policy_statement_20240731,policy_statement,deliberate,0,False,patient,0.0
2024-07-31,policy_statement_20240731,policy_statement,easy,0,False,accommodative,0.0
2024-07-31,policy_statement_20240731,policy_statement,entire toolkit,0,False,full range of tools,0.0
2024-07-31,policy_statement_20240731,policy_statement,extended period,0,False,considerable time,0.0
2024-07-31,policy_statement_20240731,policy_statement,full range of tools,0,False,full range of tools,0.0
2024-07-31,policy_statement_20240731,policy_statement,full range of tools_GROUP,0,True,full range of tools,0.0
2024-07-31,policy_statement_20240731,policy_statement,gradual,0,False,patient,0.0
2024-07-31,policy_statement_20240731,policy_statement,measured,0,False,patient,0.0
2024-07-31,policy_statement_20240731,policy_statement,patient,0,False,patient,0.0
2024-07-31,policy_statement_20240731,policy_statement,patient_GROUP,0,True,patient,0.0
2024-07-31,policy_statement_20240731,policy_statement,short-lived,0,False,transitory,0.0
2024-07-31,policy_statement_20240731,policy_statement,significant time,0,False,considerable time,0.0
2024-07-31,policy_statement_20240731,policy_statement,substantial period,0,False,considerable time,0.0
2024-07-31,policy_statement_20240731,policy_statement,supportive,0,False,accommodative,0.0
2024-07-31,policy_statement_20240731,policy_statement,temporary,0,False,transitory,0.0
2024-07-31,policy_statement_20240731,policy_statement,transient,0,False,transitory,0.0
2024-07-31,policy_statement_20240731,policy_statement,transitory,0,False,transitory,0.0
2024-07-31,policy_statement_20240731,policy_statement,transitory_GROUP,0,True,transitory,0.0
2024-09-18,policy_statement_20240918,policy_statement,accommodating,0,False,accommodative,0.0
2024-09-18,policy_statement_20240918,policy_statement,accommodative,0,False,accommodative,0.0
2024-09-18,policy_statement_20240918,policy_statement,accommodative_GROUP,0,True,accommodative,0.0
2024-09-18,policy_statement_20240918,policy_statement,all available tools,0,False,full range of tools,0.0
2024-09-18,policy_statement_20240918,policy_statement,complete toolkit,0,False,full range of tools,0.0
2024-09-18,policy_statement_20240918,policy_statement,considerable time,0,False,considerable time,0.0
2024-09-18,policy_statement_20240918,policy_statement,considerable time_GROUP,0,True,considerable time,0.0
2024-09-18,policy_statement_20240918,policy_statement,deliberate,0,False,patient,0.0
2024-09-18,policy_statement_20240918,policy_statement,easy,0,False,accommodative,0.0
2024-09-18,policy_statement_20240918,policy_statement,entire toolkit,0,False,full range of tools,0.0
2024-09-18,policy_statement_20240918,policy_statement,extended period,0,False,considerable time,0.0
2024-09-18,policy_statement_20240918,policy_statement,full range of tools,0,False,full range of tools,0.0
2024-09-18,policy_statement_20240918,policy_statement,full range of tools_GROUP,0,True,full range of tools,0.0
2024-09-18,policy_statement_20240918,policy_statement,gradual,0,False,patient,0.0
2024-09-18,policy_statement_20240918,policy_statement,measured,0,False,patient,0.0
2024-09-18,policy_statement_20240918,policy_statement,patient,0,False,patient,0.0
2024-09-18,policy_statement_20240918,policy_statement,patient_GROUP,0,True,patient,0.0
2024-09-18,policy_statement_20240918,policy_statement,short-lived,0,False,transitory,0.0
2024-09-18,policy_statement_20240918,policy_statement,significant time,0,False,considerable time,0.0
2024-09-18,policy_statement_20240918,policy_statement,substantial period,0,False,considerable time,0.0
2024-09-18,policy_statement_20240918,policy_statement,supportive,0,False,accommodative,0.0
2024-09-18,policy_statement_20240918,policy_statement,temporary,0,False,transitory,0.0
2024-09-18,policy_statement_20240918,policy_statement,transient,0,False,transitory,0.0
2024-09-18,policy_statement_20240918,policy_statement,transitory,0,False,transitory,0.0
2024-09-18,policy_statement_20240918,policy_statement,transitory_GROUP,0,True,transitory,0.0
2024-11-07,policy_statement_20241107,policy_statement,accommodating,0,False,accommodative,0.0
2024-11-07,policy_statement_20241107,policy_statement,accommodative,0,False,accommodative,0.0
2024-11-07,policy_statement_20241107,policy_statement,accommodative_GROUP,0,True,accommodative,0.0
2024-11-07,policy_statement_20241107,policy_statement,all available tools,0,False,full range of tools,0.0
2024-11-07,policy_statement_20241107,policy_statement,complete toolkit,0,False,full range of tools,0.0
2024-11-07,policy_statement_20241107,policy_statement,considerable time,0,False,considerable time,0.0
2024-11-07,policy_statement_20241107,policy_statement,considerable time_GROUP,0,True,considerable time,0.0
2024-11-07,policy_statement_20241107,policy_statement,deliberate,0,False,patient,0.0
2024-11-07,policy_statement_20241107,policy_statement,easy,0,False,accommodative,0.0
2024-11-07,policy_statement_20241107,policy_statement,entire toolkit,0,False,full range of tools,0.0
2024-11-07,policy_statement_20241107,policy_statement,extended period,0,False,considerable time,0.0
2024-11-07,policy_statement_20241107,policy_statement,full range of tools,0,False,full range of tools,0.0
2024-11-07,policy_statement_20241107,policy_statement,full range of tools_GROUP,0,True,full range of tools,0.0
2024-11-07,policy_statement_20241107,policy_statement,gradual,0,False,patient,0.0
2024-11-07,policy_statement_20241107,policy_statement,measured,0,False,patient,0.0
2024-11-07,policy_statement_20241107,policy_statement,patient,0,False,patient,0.0
2024-11-07,policy_statement_20241107,policy_statement,patient_GROUP,0,True,patient,0.0
2024-11-07,policy_statement_20241107,policy_statement,short-lived,0,False,transitory,0.0
2024-11-07,policy_statement_20241107,policy_statement,significant time,0,False,considerable time,0.0
2024-11-07,policy_statement_20241107,policy_statement,substantial period,0,False,considerable time,0.0
2024-11-07,policy_statement_20241107,policy_statement,supportive,0,False,accommodative,0.0
2024-11-07,policy_statement_20241107,policy_statement,temporary,0,False,transitory,0.0
2024-11-07,policy_statement_20241107,policy_statement,transient,0,False,transitory,0.0
2024-11-07,policy_statement_20241107,policy_statement,transitory,0,False,transitory,0.0
2024-11-07,policy_statement_20241107,policy_statement,transitory_GROUP,0,True,transitory,0.0
2024-12-18,policy_statement_20241218,policy_statement,accommodating,0,False,accommodative,0.0
2024-12-18,policy_statement_20241218,policy_statement,accommodative,0,False,accommodative,0.0
2024-12-18,policy_statement_20241218,policy_statement,accommodative_GROUP,0,True,accommodative,0.0
2024-12-18,policy_statement_20241218,policy_statement,all available tools,0,False,full range of tools,0.0
2024-12-18,policy_statement_20241218,policy_statement,complete toolkit,0,False,full range of tools,0.0
2024-12-18,policy_statement_20241218,policy_statement,considerable time,0,False,considerable time,0.0
2024-12-18,policy_statement_20241218,policy_statement,considerable time_GROUP,0,True,considerable time,0.0
2024-12-18,policy_statement_20241218,policy_statement,deliberate,0,False,patient,0.0
2024-12-18,policy_statement_20241218,policy_statement,easy,0,False,accommodative,0.0
2024-12-18,policy_statement_20241218,policy_statement,entire toolkit,0,False,full range of tools,0.0
2024-12-18,policy_statement_20241218,policy_statement,extended period,0,False,considerable time,0.0
2024-12-18,policy_statement_20241218,policy_statement,full range of tools,0,False,full range of tools,0.0
2024-12-18,policy_statement_20241218,policy_statement,full range of tools_GROUP,0,True,full range of tools,0.0
2024-12-18,policy_statement_20241218,policy_statement,gradual,0,False,patient,0.0
2024-12-18,policy_statement_20241218,policy_statement,measured,0,False,patient,0.0
2024-12-18,policy_statement_20241218,policy_statement,patient,0,False,patient,0.0
2024-12-18,policy_statement_20241218,policy_statement,patient_GROUP,0,True,patient,0.0
2024-12-18,policy_statement_20241218,policy_statement,short-lived,0,False,transitory,0.0
2024-12-18,policy_statement_20241218,policy_statement,significant time,0,False,considerable time,0.0
2024-12-18,policy_statement_20241218,policy_statement,substantial period,0,False,considerable time,0.0
2024-12-18,policy_statement_20241218,policy_statement,supportive,0,False,accommodative,0.0
2024-12-18,policy_statement_20241218,policy_statement,temporary,0,False,transitory,0.0
2024-12-18,policy_statement_20241218,policy_statement,transient,0,False,transitory,0.0
2024-12-18,policy_statement_20241218,policy_statement,transitory,0,False,transitory,0.0
2024-12-18,policy_statement_20241218,policy_statement,transitory_GROUP,0,True,transitory,0.0
2025-01-29,policy_statement_20250129,policy_statement,accommodating,0,False,accommodative,0.0
2025-01-29,policy_statement_20250129,policy_statement,accommodative,0,False,accommodative,0.0
2025-01-29,policy_statement_20250129,policy_statement,accommodative_GROUP,0,True,accommodative,0.0
2025-01-29,policy_statement_20250129,policy_statement,all available tools,0,False,full range of tools,0.0
2025-01-29,policy_statement_20250129,policy_statement,complete toolkit,0,False,full range of tools,0.0
2025-01-29,policy_statement_20250129,policy_statement,considerable time,0,False,considerable time,0.0
2025-01-29,policy_statement_20250129,policy_statement,considerable time_GROUP,0,True,considerable time,0.0
2025-01-29,policy_statement_20250129,policy_statement,deliberate,0,False,patient,0.0
2025-01-29,policy_statement_20250129,policy_statement,easy,0,False,accommodative,0.0
2025-01-29,policy_statement_20250129,policy_statement,entire toolkit,0,False,full range of tools,0.0
2025-01-29,policy_statement_20250129,policy_statement,extended period,0,False,considerable time,0.0
2025-01-29,policy_statement_20250129,policy_statement,full range of tools,0,False,full range of tools,0.0
2025-01-29,policy_statement_20250129,policy_statement,full range of tools_GROUP,0,True,full range of tools,0.0
2025-01-29,policy_statement_20250129,policy_statement,gradual,0,False,patient,0.0
2025-01-29,policy_statement_20250129,policy_statement,measured,0,False,patient,0.0
2025-01-29,policy_statement_20250129,policy_statement,patient,0,False,patient,0.0
2025-01-29,policy_statement_20250129,policy_statement,patient_GROUP,0,True,patient,0.0
2025-01-29,policy_statement_20250129,policy_statement,short-lived,0,False,transitory,0.0
2025-01-29,policy_statement_20250129,policy_statement,significant time,0,False,considerable time,0.0
2025-01-29,policy_statement_20250129,policy_statement,substantial period,0,False,considerable time,0.0
2025-01-29,policy_statement_20250129,policy_statement,supportive,0,False,accommodative,0.0
2025-01-29,policy_statement_20250129,policy_statement,temporary,0,False,transitory,0.0
2025-01-29,policy_statement_20250129,policy_statement,transient,0,False,transitory,0.0
2025-01-29,policy_statement_20250129,policy_statement,transitory,0,False,transitory,0.0
2025-01-29,policy_statement_20250129,policy_statement,transitory_GROUP,0,True,transitory,0.0
2025-03-19,policy_statement_20250319,policy_statement,accommodating,0,False,accommodative,0.0
2025-03-19,policy_statement_20250319,policy_statement,accommodative,0,False,accommodative,0.0
2025-03-19,policy_statement_20250319,policy_statement,accommodative_GROUP,0,True,accommodative,0.0
2025-03-19,policy_statement_20250319,policy_statement,all available tools,0,False,full range of tools,0.0
2025-03-19,policy_statement_20250319,policy_statement,complete toolkit,0,False,full range of tools,0.0
2025-03-19,policy_statement_20250319,policy_statement,considerable time,0,False,considerable time,0.0
2025-03-19,policy_statement_20250319,policy_statement,considerable time_GROUP,0,True,considerable time,0.0
2025-03-19,policy_statement_20250319,policy_statement,deliberate,0,False,patient,0.0
2025-03-19,policy_statement_20250319,policy_statement,easy,0,False,accommodative,0.0
2025-03-19,policy_statement_20250319,policy_statement,entire toolkit,0,False,full range of tools,0.0
2025-03-19,policy_statement_20250319,policy_statement,extended period,0,False,considerable time,0.0
2025-03-19,policy_statement_20250319,policy_statement,full range of tools,0,False,full range of tools,0.0
2025-03-19,policy_statement_20250319,policy_statement,full range of tools_GROUP,0,True,full range of tools,0.0
2025-03-19,policy_statement_20250319,policy_statement,gradual,0,False,patient,0.0
2025-03-19,policy_statement_20250319,policy_statement,measured,0,False,patient,0.0
2025-03-19,policy_statement_20250319,policy_statement,patient,0,False,patient,0.0
2025-03-19,policy_statement_20250319,policy_statement,patient_GROUP,0,True,patient,0.0
2025-03-19,policy_statement_20250319,policy_statement,short-lived,0,False,transitory,0.0
2025-03-19,policy_statement_20250319,policy_statement,significant time,0,False,considerable time,0.0
2025-03-19,policy_statement_20250319,policy_statement,substantial period,0,False,considerable time,0.0
2025-03-19,policy_statement_20250319,policy_statement,supportive,0,False,accommodative,0.0
2025-03-19,policy_statement_20250319,policy_statement,temporary,0,False,transitory,0.0
2025-03-19,policy_statement_20250319,policy_statement,transient,0,False,transitory,0.0
2025-03-19,policy_statement_20250319,policy_statement,transitory,0,False,transitory,0.0
2025-03-19,policy_statement_20250319,policy_statement,transitory_GROUP,0,True,transitory,0.0
2025-05-07,policy_statement_20250507,policy_statement,accommodating,0,False,accommodative,0.0
2025-05-07,policy_statement_20250507,policy_statement,accommodative,0,False,accommodative,0.0
2025-05-07,policy_statement_20250507,policy_statement,accommodative_GROUP,0,True,accommodative,0.0
2025-05-07,policy_statement_20250507,policy_statement,all available tools,0,False,full range of tools,0.0
2025-05-07,policy_statement_20250507,policy_statement,complete toolkit,0,False,full range of tools,0.0
2025-05-07,policy_statement_20250507,policy_statement,considerable time,0,False,considerable time,0.0
2025-05-07,policy_statement_20250507,policy_statement,considerable time_GROUP,0,True,considerable time,0.0
2025-05-07,policy_statement_20250507,policy_statement,deliberate,0,False,patient,0.0
2025-05-07,policy_statement_20250507,policy_statement,easy,0,False,accommodative,0.0
2025-05-07,policy_statement_20250507,policy_statement,entire toolkit,0,False,full range of tools,0.0
2025-05-07,policy_statement_20250507,policy_statement,extended period,0,False,considerable time,0.0
2025-05-07,policy_statement_20250507,policy_statement,full range of tools,0,False,full range of tools,0.0
2025-05-07,policy_statement_20250507,policy_statement,full range of tools_GROUP,0,True,full range of tools,0.0
2025-05-07,policy_statement_20250507,policy_statement,gradual,0,False,patient,0.0
2025-05-07,policy_statement_20250507,policy_statement,measured,0,False,patient,0.0
2025-05-07,policy_statement_20250507,policy_statement,patient,0,False,patient,0.0
2025-05-07,policy_statement_20250507,policy_statement,patient_GROUP,0,True,patient,0.0
2025-05-07,policy_statement_20250507,policy_statement,short-lived,0,False,transitory,0.0
2025-05-07,policy_statement_20250507,policy_statement,significant time,0,False,considerable time,0.0
2025-05-07,policy_statement_20250507,policy_statement,substantial period,0,False,considerable time,0.0
2025-05-07,policy_statement_20250507,policy_statement,supportive,0,False,accommodative,0.0
2025-05-07,policy_statement_20250507,policy_statement,temporary,0,False,transitory,0.0
2025-05-07,policy_statement_20250507,policy_statement,transient,0,False,transitory,0.0
2025-05-07,policy_statement_20250507,policy_statement,transitory,0,False,transitory,0.0
2025-05-07,policy_statement_20250507,policy_statement,transitory_GROUP,0,True,transitory,0.0
2025-06-18,policy_statement_20250618,policy_statement,accommodating,0,False,accommodative,0.0
2025-06-18,policy_statement_20250618,policy_statement,accommodative,0,False,accommodative,0.0
2025-06-18,policy_statement_20250618,policy_statement,accommodative_GROUP,0,True,accommodative,0.0
2025-06-18,policy_statement_20250618,policy_statement,all available tools,0,False,full range of tools,0.0
2025-06-18,policy_statement_20250618,policy_statement,complete toolkit,0,False,full range of tools,0.0
2025-06-18,policy_statement_20250618,policy_statement,considerable time,0,False,considerable time,0.0
2025-06-18,policy_statement_20250618,policy_statement,considerable time_GROUP,0,True,considerable time,0.0
2025-06-18,policy_statement_20250618,policy_statement,deliberate,0,False,patient,0.0
2025-06-18,policy_statement_20250618,policy_statement,easy,0,False,accommodative,0.0
2025-06-18,policy_statement_20250618,policy_statement,entire toolkit,0,False,full range of tools,0.0
2025-06-18,policy_statement_20250618,policy_statement,extended period,0,False,considerable time,0.0
2025-06-18,policy_statement_20250618,policy_statement,full range of tools,0,False,full range of tools,0.0
2025-06-18,policy_statement_20250618,policy_statement,full range of tools_GROUP,0,True,full range of tools,0.0
2025-06-18,policy_statement_20250618,policy_statement,gradual,0,False,patient,0.0
2025-06-18,policy_statement_20250618,policy_statement,measured,0,False,patient,0.0
2025-06-18,policy_statement_20250618,policy_statement,patient,0,False,patient,0.0
2025-06-18,policy_statement_20250618,policy_statement,patient_GROUP,0,True,patient,0.0
2025-06-18,policy_statement_20250618,policy_statement,short-lived,0,False,transitory,0.0
2025-06-18,policy_statement_20250618,policy_statement,significant time,0,False,considerable time,0.0
2025-06-18,policy_statement_20250618,policy_statement,substantial period,0,False,considerable time,0.0
2025-06-18,policy_statement_20250618,policy_statement,supportive,0,False,accommodative,0.0
2025-06-18,policy_statement_20250618,policy_statement,temporary,0,False,transitory,0.0
2025-06-18,policy_statement_20250618,policy_statement,transient,0,False,transitory,0.0
2025-06-18,policy_statement_20250618,policy_statement,transitory,0,False,transitory,0.0
2025-06-18,policy_statement_20250618,policy_statement,transitory_GROUP,0,True,transitory,0.0
2025-07-30,policy_statement_20250730,policy_statement,accommodating,0,False,accommodative,0.0
2025-07-30,policy_statement_20250730,policy_statement,accommodative,0,False,accommodative,0.0
2025-07-30,policy_statement_20250730,policy_statement,accommodative_GROUP,0,True,accommodative,0.0
2025-07-30,policy_statement_20250730,policy_statement,all available tools,0,False,full range of tools,0.0
2025-07-30,policy_statement_20250730,policy_statement,complete toolkit,0,False,full range of tools,0.0
2025-07-30,policy_statement_20250730,policy_statement,considerable time,0,False,considerable time,0.0
2025-07-30,policy_statement_20250730,policy_statement,considerable time_GROUP,0,True,considerable time,0.0
2025-07-30,policy_statement_20250730,policy_statement,deliberate,0,False,patient,0.0
2025-07-30,policy_statement_20250730,policy_statement,easy,0,False,accommodative,0.0
2025-07-30,policy_statement_20250730,policy_statement,entire toolkit,0,False,full range of tools,0.0
2025-07-30,policy_statement_20250730,policy_statement,extended period,0,False,considerable time,0.0
2025-07-30,policy_statement_20250730,policy_statement,full range of tools,0,False,full range of tools,0.0
2025-07-30,policy_statement_20250730,policy_statement,full range of tools_GROUP,0,True,full range of tools,0.0
2025-07-30,policy_statement_20250730,policy_statement,gradual,0,False,patient,0.0
2025-07-30,policy_statement_20250730,policy_statement,measured,0,False,patient,0.0
2025-07-30,policy_statement_20250730,policy_statement,patient,0,False,patient,0.0
2025-07-30,policy_statement_20250730,policy_statement,patient_GROUP,0,True,patient,0.0
2025-07-30,policy_statement_20250730,policy_statement,short-lived,0,False,transitory,0.0
2025-07-30,policy_statement_20250730,policy_statement,significant time,0,False,considerable time,0.0
2025-07-30,policy_statement_20250730,policy_statement,substantial period,0,False,considerable time,0.0
2025-07-30,policy_statement_20250730,policy_statement,supportive,0,False,accommodative,0.0
2025-07-30,policy_statement_20250730,policy_statement,temporary,0,False,transitory,0.0
2025-07-30,policy_statement_20250730,policy_statement,transient,0,False,transitory,0.0
2025-07-30,policy_statement_20250730,policy_statement,transitory,0,False,transitory,0.0
2025-07-30,policy_statement_20250730,policy_statement,transitory_GROUP,0,True,transitory,0.0
2025-09-17,policy_statement_20250917,policy_statement,accommodating,0,False,accommodative,0.0
2025-09-17,policy_statement_20250917,policy_statement,accommodative,0,False,accommodative,0.0
2025-09-17,policy_statement_20250917,policy_statement,accommodative_GROUP,0,True,accommodative,0.0
2025-09-17,policy_statement_20250917,policy_statement,all available tools,0,False,full range of tools,0.0
2025-09-17,policy_statement_20250917,policy_statement,complete toolkit,0,False,full range of tools,0.0
2025-09-17,policy_statement_20250917,policy_statement,considerable time,0,False,considerable time,0.0
2025-09-17,policy_statement_20250917,policy_statement,considerable time_GROUP,0,True,considerable time,0.0
2025-09-17,policy_statement_20250917,policy_statement,deliberate,0,False,patient,0.0
2025-09-17,policy_statement_20250917,policy_statement,easy,0,False,accommodative,0.0
2025-09-17,policy_statement_20250917,policy_statement,entire toolkit,0,False,full range of tools,0.0
2025-09-17,policy_statement_20250917,policy_statement,extended period,0,False,considerable time,0.0
2025-09-17,policy_statement_20250917,policy_statement,full range of tools,0,False,full range of tools,0.0
2025-09-17,policy_statement_20250917,policy_statement,full range of tools_GROUP,0,True,full range of tools,0.0
2025-09-17,policy_statement_20250917,policy_statement,gradual,0,False,patient,0.0
2025-09-17,policy_statement_20250917,policy_statement,measured,0,False,patient,0.0
2025-09-17,policy_statement_20250917,policy_statement,patient,0,False,patient,0.0
2025-09-17,policy_statement_20250917,policy_statement,patient_GROUP,0,True,patient,0.0
2025-09-17,policy_statement_20250917,policy_statement,short-lived,0,False,transitory,0.0
2025-09-17,policy_statement_20250917,policy_statement,significant time,0,False,considerable time,0.0
2025-09-17,policy_statement_20250917,policy_statement,substantial period,0,False,considerable time,0.0
2025-09-17,policy_statement_20250917,policy_statement,supportive,0,False,accommodative,0.0
2025-09-17,policy_statement_20250917,policy_statement,temporary,0,False,transitory,0.0
2025-09-17,policy_statement_20250917,policy_statement,transient,0,False,transitory,0.0
2025-09-17,policy_statement_20250917,policy_statement,transitory,0,False,transitory,0.0
2025-09-17,policy_statement_20250917,policy_statement,transitory_GROUP,0,True,transitory,0.0
